029SS	116JS	129GP	46	215	300	023TD	077SF	193MR	152JF	179TH	115RW	HG113	043RB	063CG	149SD	HG237	282	843	895	2123	120NG	12	710	128TW	164JO	HG216	064DB	453	198LW
0	0	0	10	0	0	0	0	0	0	0	8	0	0	0	0	0	0	0	0	0	0	9	1	0	0	0	0	0	0
0	0	0	0	0	0	0	28	0	0	0	0	0	0	0	0	0	0	0	0	0	0	0	0	0	0	0	0	0	0
0	0	0	25	0	0	0	0	0	0	0	0	0	0	0	0	0	3	0	0	0	0	0	0	0	0	0	0	0	0
0	0	0	0	21	0	0	0	0	0	0	0	0	0	0	0	1	0	0	0	0	0	0	0	1	0	0	0	5	0
0	0	3	6	0	1	0	0	0	0	0	0	0	0	0	0	0	3	0	0	0	0	11	4	0	0	0	0	0	0
0	1	0	0	20	0	0	0	0	0	0	0	0	0	0	0	0	0	5	0	0	0	2	0	0	0	0	0	0	0
0	0	7	0	1	0	0	0	0	0	0	0	0	0	0	0	0	4	0	13	0	0	0	1	0	0	2	0	0	0
0	1	3	1	0	0	0	0	0	0	0	0	0	0	0	0	0	0	22	0	0	0	0	1	0	0	0	0	0	0
0	0	0	0	0	0	0	0	0	0	0	0	0	0	0	0	0	0	0	0	28	0	0	0	0	0	0	0	0	0
0	0	0	28	0	0	0	0	0	0	0	0	0	0	0	0	0	0	0	0	0	0	0	0	0	0	0	0	0	0
0	0	0	0	0	0	0	0	0	0	0	11	0	0	0	0	0	0	0	0	0	0	0	0	0	0	0	0	0	0
0	0	0	0	0	0	0	0	0	0	0	0	1	0	0	0	2	0	0	0	0	0	0	0	0	0	8	0	0	0
0	0	0	0	0	0	0	0	0	0	0	0	7	0	0	0	1	0	0	0	0	0	0	0	0	0	3	0	0	0
0	0	0	0	11	0	0	0	0	0	0	0	0	0	0	0	0	0	0	0	0	0	0	0	0	0	0	0	0	0
0	0	0	1	0	0	0	1	0	0	1	0	0	0	0	0	2	0	0	4	0	1	0	0	0	0	0	0	1	0
2	0	0	0	0	0	0	0	0	0	0	0	0	0	0	0	0	0	0	0	0	0	0	0	0	0	0	1	0	0
0	0	0	10	0	1	0	0	0	0	0	0	0	0	0	0	0	0	0	0	0	0	0	0	0	0	0	0	0	0
0	0	0	0	0	0	0	0	0	0	0	0	0	0	0	0	11	0	0	0	0	0	0	0	0	0	0	0	0	0
0	2	0	0	0	0	0	0	0	0	0	0	0	0	0	0	0	0	4	0	0	0	2	0	0	0	0	0	0	3
0	0	0	0	0	0	0	0	0	0	0	0	0	0	0	0	0	0	0	0	0	0	0	0	0	0	0	0	0	11
0	0	0	0	0	0	0	0	0	0	0	0	0	0	0	0	0	0	39	0	7	0	0	0	0	0	0	0	0	0
0	0	0	0	5	0	0	0	0	4	0	0	0	0	0	0	0	0	0	0	0	0	0	0	0	0	0	0	2	0
0	0	0	0	0	0	10	0	0	0	0	0	0	0	0	0	0	0	0	0	0	0	0	0	0	0	0	0	0	0
0	0	0	1	0	0	0	0	0	0	1	1	0	0	0	0	0	0	3	2	0	0	0	0	1	0	0	0	1	0
0	0	0	0	1	0	0	0	0	0	0	5	0	0	0	0	0	0	0	0	0	0	0	0	0	0	0	0	0	0
0	0	1	0	0	1	0	0	1	0	0	0	0	0	0	0	0	0	0	2	0	4	0	0	0	1	0	0	0	0
0	0	0	0	0	0	0	0	0	0	0	0	0	0	0	0	2	0	0	0	0	0	0	0	0	0	0	0	0	0
0	7	0	0	0	0	0	0	0	0	0	0	0	0	0	0	0	0	34	0	0	0	0	7	0	0	0	0	0	0
0	0	0	0	0	0	0	8	0	0	0	0	0	1	0	0	0	0	0	0	0	1	0	28	1	7	0	0	0	0
0	0	0	0	0	0	0	0	0	0	0	0	0	0	12	0	8	0	0	0	0	0	0	0	0	0	19	0	0	0
0	0	0	0	0	29	0	0	0	0	0	0	0	0	9	7	0	0	0	1	0	0	0	0	0	0	0	0	0	0
0	0	1	0	0	1	0	24	0	0	0	0	0	0	0	0	0	0	0	6	1	0	0	5	0	1	0	1	5	0
0	0	2	14	1	0	0	0	0	0	0	6	6	0	0	0	0	0	0	13	0	0	4	0	0	0	0	0	0	0
0	0	0	0	0	0	0	0	0	2	0	0	0	14	0	0	0	0	14	0	0	0	0	1	0	8	0	0	0	0
1	0	13	0	5	4	0	0	1	8	0	1	0	0	1	0	0	0	0	0	0	2	0	0	1	0	0	0	3	0
0	0	1	0	0	1	0	0	0	0	3	0	2	1	0	0	0	0	0	0	0	1	0	0	0	0	1	2	0	0
3	0	0	0	0	0	0	0	0	0	0	0	0	5	0	0	0	0	0	0	0	0	0	0	0	0	0	2	0	0
0	0	0	0	0	0	0	0	0	0	0	0	0	0	0	0	0	14	0	0	0	0	0	0	0	0	0	0	0	0
0	0	0	0	0	0	1	0	0	0	2	0	0	0	0	0	0	0	0	0	0	0	11	0	0	0	0	0	0	0
0	0	0	0	0	0	0	0	0	0	0	0	0	0	0	0	14	0	0	0	0	0	0	0	0	0	0	0	0	0
0	0	0	0	0	0	0	0	0	0	0	0	0	0	0	0	0	0	14	0	0	0	0	0	0	0	0	0	0	0
0	0	0	0	0	2	0	0	0	0	0	0	0	0	0	0	10	0	0	0	0	0	0	0	2	0	0	0	0	0
0	0	0	0	0	0	0	0	0	0	0	0	0	0	0	0	0	0	0	0	13	0	0	0	0	0	0	0	0	0
0	0	0	0	0	0	0	0	0	0	0	0	0	0	0	0	0	0	0	0	0	0	24	0	0	0	0	0	0	0
0	0	0	0	0	0	0	0	0	0	0	0	0	0	0	0	0	22	0	0	0	0	0	2	0	0	0	0	0	0
0	0	3	3	0	0	0	0	1	0	0	4	0	0	2	0	0	0	5	1	0	0	4	0	0	0	0	0	0	0
0	0	0	0	0	0	0	0	0	0	0	0	0	0	0	0	0	0	4	20	0	0	0	0	0	0	0	0	0	0
0	0	0	0	0	0	0	0	0	0	0	0	0	0	0	0	11	1	1	3	0	0	2	4	1	0	1	0	1	0
0	0	0	0	3	8	0	0	0	0	0	0	0	0	3	6	0	0	0	2	0	0	0	0	2	0	0	0	0	0
24	0	0	0	0	0	0	0	0	0	0	0	0	0	0	0	0	0	0	0	0	0	0	0	0	0	0	0	0	0
0	0	0	0	0	0	0	0	0	25	0	0	0	0	0	0	0	0	0	0	0	0	0	0	0	0	0	0	0	0
1	1	0	0	0	0	0	0	0	0	0	0	1	1	1	0	0	1	9	0	0	0	0	2	0	6	0	0	0	0
0	0	0	0	0	0	0	0	0	0	0	0	0	0	0	5	0	18	0	0	0	0	0	1	0	0	0	0	0	0
0	0	0	0	0	0	0	0	0	0	0	0	0	0	0	0	0	0	0	10	0	0	0	0	0	0	0	0	0	0
0	0	0	0	0	0	0	0	0	0	0	0	0	0	0	0	0	0	10	0	0	0	0	0	0	0	0	0	0	0
0	0	0	1	0	0	0	0	0	0	1	0	0	0	0	0	0	0	0	3	0	1	0	0	0	0	0	0	2	0
0	0	0	0	10	0	0	0	0	0	0	0	0	0	0	0	0	0	0	0	0	0	0	0	0	0	0	0	0	0
0	0	0	0	0	0	1	2	0	0	1	0	0	0	0	0	0	0	0	0	0	0	0	0	0	0	0	0	0	0
0	0	0	0	1	0	0	0	0	2	1	0	0	1	0	0	0	0	4	0	0	0	0	1	0	0	0	0	0	0
0	1	1	3	0	2	0	0	0	0	0	21	2	0	0	0	0	1	0	0	0	1	1	10	0	0	0	0	0	0
0	0	0	0	7	0	0	0	0	0	0	0	0	0	0	0	0	3	0	0	0	0	0	0	0	0	0	0	0	0
0	0	0	0	6	0	0	0	0	4	0	0	0	0	0	0	0	0	0	0	0	0	0	0	0	0	0	0	0	0
0	0	0	0	5	0	3	1	0	0	0	0	0	0	0	0	25	1	0	1	0	4	0	3	0	0	0	0	0	0
0	0	0	7	0	0	1	0	0	0	1	2	1	2	2	1	0	0	2	1	0	1	2	3	0	0	2	0	7	2
0	1	0	6	3	1	0	1	1	0	4	0	0	0	0	0	0	4	3	4	0	0	1	7	1	1	0	0	3	2
0	0	0	0	0	0	44	0	0	0	0	0	0	0	0	0	0	1	0	0	0	0	0	0	0	0	0	0	0	0
0	0	0	0	0	0	0	0	0	0	0	0	0	0	0	0	10	0	0	0	0	0	0	0	0	0	0	0	0	0
0	8	0	0	0	0	0	0	10	0	8	6	0	0	0	0	0	0	0	0	0	0	0	0	0	7	0	0	0	0
0	0	0	0	0	0	0	0	0	0	0	0	0	23	0	0	0	0	0	0	0	0	0	0	0	0	0	1	0	0
0	0	0	0	0	0	0	0	0	0	0	0	0	0	0	1	0	2	0	0	0	0	0	0	0	0	4	0	5	0
0	0	0	1	0	0	0	0	0	0	0	2	0	0	0	0	0	0	0	0	0	0	2	2	0	2	0	0	1	2
0	0	0	0	0	0	0	0	0	0	0	0	0	0	0	0	7	0	0	0	0	0	0	0	0	0	5	0	0	0
6	0	0	0	0	0	0	0	0	0	0	0	0	0	0	0	0	0	0	0	0	0	0	0	0	0	0	0	0	0
0	0	0	0	0	0	11	0	0	0	0	0	0	0	0	0	0	0	0	1	0	0	0	0	0	0	0	0	0	0
0	0	0	0	0	7	0	0	0	0	0	0	0	0	0	0	3	0	0	0	0	0	0	0	0	0	0	0	0	0
0	0	0	12	0	0	0	0	0	0	0	0	0	0	0	0	0	0	0	0	0	0	0	0	0	0	0	0	0	0
0	0	0	3	0	0	0	0	0	0	0	0	0	0	0	2	0	0	0	1	0	0	0	0	1	0	0	0	0	0
0	0	0	0	7	0	0	0	0	0	0	0	0	0	0	1	0	0	0	3	0	0	0	0	0	0	1	0	0	0
0	0	0	0	0	0	0	0	0	0	0	0	0	0	0	0	0	0	9	0	0	0	0	0	0	3	0	0	0	0
0	0	0	0	37	0	0	0	0	0	0	0	0	0	0	0	0	0	9	0	0	0	8	1	0	0	0	0	0	0
0	0	0	0	0	2	0	0	0	0	0	0	11	0	0	0	0	0	2	17	0	0	0	10	0	0	0	0	13	0
0	0	2	7	1	0	0	0	0	0	0	19	10	0	0	0	0	2	0	9	0	0	4	0	0	0	0	0	0	0
0	0	0	0	0	0	6	0	0	0	0	13	0	0	0	0	0	35	0	0	0	0	0	0	0	0	0	0	0	0
0	0	0	0	0	0	0	0	0	0	0	0	0	0	0	0	0	0	0	0	0	0	55	0	0	0	0	0	0	0
0	0	0	5	1	0	0	0	0	0	2	0	0	0	2	0	0	1	5	2	0	5	6	3	1	0	0	0	10	5
0	3	6	0	0	0	0	0	7	0	0	0	16	0	3	0	0	6	0	0	0	5	0	3	0	0	0	0	0	0
0	0	1	0	0	0	0	0	0	0	0	0	0	0	0	0	0	0	37	0	0	0	7	0	0	0	0	0	10	0
0	0	0	0	0	0	0	0	0	0	0	0	0	0	0	0	0	0	1	26	0	0	1	18	0	0	0	0	8	0
0	0	0	0	0	0	0	0	0	0	54	0	0	0	0	0	0	0	0	0	0	0	0	0	0	0	0	0	0	0
0	0	0	0	24	35	0	0	0	0	0	0	0	0	22	27	0	2	0	11	0	0	0	0	29	0	6	0	0	0
0	0	10	0	44	18	1	0	0	4	0	0	7	3	0	7	2	19	0	36	0	0	0	0	0	1	4	14	9	0
0	0	0	24	1	0	0	0	0	0	0	0	0	0	0	0	0	0	0	0	0	0	0	0	0	0	0	0	0	0
0	0	0	0	0	0	9	0	2	0	0	0	0	0	0	0	0	0	0	1	0	0	0	0	0	0	0	0	11	0
0	0	0	0	0	0	0	0	0	0	5	0	0	0	0	0	0	0	0	6	15	0	0	0	0	0	0	0	0	0
0	0	1	25	0	0	0	0	0	0	0	0	0	0	0	0	0	0	0	0	0	0	0	0	0	0	0	0	0	0
0	0	0	0	0	0	0	3	0	0	0	0	0	4	0	0	0	0	0	0	0	0	0	14	0	4	0	0	0	0
0	0	1	0	0	0	1	0	0	0	0	0	0	3	1	0	0	0	13	0	0	0	0	4	0	1	0	1	0	0
0	1	11	3	0	0	4	4	6	0	6	32	0	6	0	0	0	0	17	0	0	14	38	14	0	10	0	4	0	14
0	0	3	1	42	2	0	0	0	0	0	8	5	0	0	0	10	7	0	53	0	6	0	22	1	0	11	0	18	0
0	11	5	0	3	0	0	0	0	0	0	0	4	0	0	0	0	0	93	5	0	3	0	58	0	0	0	0	3	0
0	0	0	0	180	0	0	0	0	0	0	0	0	0	7	0	0	1	0	0	0	0	0	0	0	0	0	0	0	0
0	0	0	0	0	0	0	0	1	0	1	0	0	0	0	0	0	0	0	0	0	0	0	0	0	0	0	0	0	0
0	0	0	0	0	0	0	0	0	0	0	0	42	0	0	0	0	0	0	0	0	0	0	0	0	0	0	0	0	0
0	0	2	0	0	0	0	13	0	0	0	0	0	0	0	0	0	0	0	0	0	0	0	19	0	5	1	0	0	0
1	0	6	0	0	0	0	0	0	3	0	0	0	0	0	0	0	18	0	0	0	1	0	1	0	0	2	0	1	0
0	0	0	0	0	0	0	0	0	0	0	0	0	0	0	0	0	0	0	0	41	0	0	0	0	0	0	0	0	0
0	0	1	0	1	0	13	0	0	0	1	1	0	0	3	0	0	1	0	0	0	10	0	1	0	0	0	0	9	0
0	0	0	0	0	0	0	0	0	0	0	0	0	0	0	0	0	0	33	0	8	0	0	1	0	0	0	0	0	0
0	0	0	0	0	0	0	0	42	0	0	0	0	0	0	0	0	0	0	0	0	0	0	0	0	0	0	0	0	0
0	0	0	1	0	0	1	6	0	0	1	2	0	0	1	0	0	3	0	2	3	2	0	0	2	0	0	0	2	0
0	0	0	0	0	0	3	0	3	0	0	0	0	19	0	0	0	0	0	0	0	0	0	1	0	3	0	0	0	0
0	0	0	0	0	0	0	0	0	0	0	0	0	0	0	0	0	0	0	0	0	0	41	0	0	0	0	0	0	0
0	0	0	1	48	6	0	0	0	0	0	0	16	0	0	0	29	15	0	44	0	0	0	28	0	0	13	0	17	0
0	2	10	0	0	5	12	16	10	0	6	26	0	0	0	0	0	0	21	0	0	9	45	13	0	20	0	0	0	20
196	0	0	0	0	0	0	0	0	0	0	0	0	2	0	0	0	0	0	0	0	0	0	0	0	0	0	2	0	0
0	0	0	0	0	0	0	0	0	219	0	0	0	0	0	3	0	1	0	0	0	0	0	0	0	0	0	0	0	0
0	1	4	79	16	0	0	0	0	0	0	1	17	0	0	0	2	9	0	1	0	3	9	31	0	0	1	0	49	0
0	0	1	68	22	0	0	0	0	0	0	0	18	0	0	0	4	5	0	0	0	1	4	30	0	0	6	0	67	0
0	1	0	0	3	15	0	0	0	0	0	0	0	12	0	0	9	23	0	80	0	0	0	0	0	0	3	3	72	0
0	0	0	0	8	7	0	0	0	0	0	0	0	13	0	1	7	22	0	79	0	0	0	0	0	0	5	3	70	0
0	0	13	53	10	2	5	38	1	0	10	0	0	0	14	0	0	15	0	0	0	7	8	23	2	0	0	0	15	0
0	0	0	0	46	0	0	0	3	0	0	0	0	0	9	0	2	0	0	4	0	0	0	0	0	0	102	7	53	0
0	0	0	88	0	23	0	0	0	0	0	0	1	0	0	2	0	0	0	19	0	0	0	0	19	0	0	0	0	0
1	2	1	7	2	1	7	1	0	0	3	0	2	0	1	0	1	0	0	1	200	0	6	12	1	0	0	1	1	0
0	0	0	70	0	9	0	0	0	0	0	0	86	0	0	4	1	0	0	18	0	0	0	0	8	0	0	0	0	0
2	0	0	0	0	0	0	0	0	0	0	0	0	1	0	0	0	0	0	0	0	0	0	0	0	0	0	261	0	0
4	0	7	65	7	3	4	17	2	0	13	7	8	12	9	1	8	13	0	0	0	2	12	16	0	0	12	2	12	0
0	14	5	0	1	0	5	5	3	0	24	0	0	0	6	0	0	0	79	4	0	1	0	74	2	9	0	0	1	0
0	0	0	0	46	0	0	0	6	5	0	0	0	0	15	0	4	0	0	4	0	0	0	0	0	0	100	1	74	0
0	0	5	0	31	0	9	133	1	0	0	1	0	0	6	0	0	7	0	0	0	12	0	4	0	0	0	0	19	0
0	0	0	0	0	0	0	0	0	226	0	0	0	0	0	2	0	1	0	0	0	0	0	0	0	1	0	0	0	0
1	0	0	0	3	0	0	0	0	0	0	0	0	0	43	0	6	0	0	0	0	0	0	0	0	0	99	0	72	0
0	0	50	190	394	456	0	0	503	72	0	0	0	0	334	529	0	5	0	548	0	0	0	0	387	2	0	0	33	0
66	135	75	320	20	76	135	0	24	1	0	174	100	63	38	9	27	142	0	80	0	43	9	311	11	1	47	51	157	38
3	0	22	137	307	232	0	0	239	57	0	0	0	0	196	340	8	3	0	393	0	0	0	0	220	2	60	290	21	0
0	0	0	0	0	0	0	0	0	0	0	0	0	0	0	0	0	0	0	0	0	0	0	0	0	0	9	0	6	0
0	0	0	0	0	0	0	0	0	0	0	0	0	0	0	0	0	0	15	0	0	0	0	0	0	0	0	0	0	0
0	0	0	0	0	0	0	0	0	0	0	0	0	0	0	0	0	0	0	0	0	0	15	0	0	0	0	0	0	0
0	0	0	0	0	2	0	0	0	0	0	0	0	0	0	0	0	0	0	0	0	0	0	13	0	0	0	0	0	0
0	0	0	14	0	0	0	0	0	0	0	0	0	0	0	0	0	0	0	0	0	0	0	0	0	0	0	0	0	0
0	0	0	0	15	0	0	0	0	0	0	0	0	0	0	0	0	0	0	0	0	0	0	0	0	0	0	0	0	0
0	0	0	0	0	0	0	0	0	0	0	15	0	0	0	0	0	49	0	0	0	0	0	0	0	0	0	0	0	0
0	0	0	0	23	8	2	0	0	0	0	7	0	0	0	0	0	2	0	0	0	0	0	17	0	0	0	0	0	0
0	0	3	0	0	0	0	0	0	0	0	14	0	0	0	0	0	46	0	0	0	0	0	0	0	0	0	0	0	0
0	0	0	0	0	0	0	0	0	0	0	0	0	0	1	0	0	0	0	0	0	0	55	0	0	0	0	0	0	8
0	0	0	0	0	0	0	0	63	0	0	0	0	0	0	0	0	0	0	0	0	0	0	0	0	0	0	0	0	0
0	0	1	11	0	5	0	0	0	0	0	0	10	0	0	0	0	0	0	0	0	0	21	5	3	0	0	0	7	0
0	0	17	0	9	3	1	0	1	5	0	1	0	0	0	0	0	7	0	0	0	3	0	2	0	0	1	0	6	0
0	0	2	4	1	1	0	0	0	0	0	0	4	0	0	0	6	1	3	2	0	2	15	4	0	0	12	0	5	0
0	0	1	22	4	0	0	0	0	0	0	1	0	0	0	0	10	0	0	1	0	2	14	5	0	0	1	0	1	0
0	0	0	0	9	3	0	0	0	0	0	0	0	0	0	0	0	4	0	0	0	22	0	0	6	0	0	0	13	0
0	0	0	0	5	5	0	0	0	0	0	0	0	9	0	0	17	19	0	43	0	0	0	0	0	0	7	0	28	0
0	0	0	0	0	0	0	0	0	0	0	0	138	0	0	0	0	0	0	0	0	0	0	0	0	0	0	0	0	0
12	35	1	0	36	0	0	0	0	0	0	0	0	1	0	0	3	11	0	2	0	1	0	12	0	0	0	0	1	0
0	1	1	0	1	0	0	0	0	0	7	0	0	0	4	0	0	0	0	26	0	0	9	12	0	19	0	0	6	3
5	0	0	0	0	0	0	0	0	0	0	0	0	0	0	0	0	0	0	0	0	0	0	0	0	0	0	30	0	0
0	0	0	0	0	0	0	0	0	23	0	0	0	0	0	0	0	0	0	0	0	0	0	0	0	0	0	0	0	0
0	0	0	0	0	0	0	0	0	132	0	0	0	0	0	0	0	0	0	8	0	0	0	0	0	0	0	0	0	0
0	0	0	0	0	0	0	0	0	0	0	0	0	0	0	0	0	0	18	2	0	0	0	0	0	3	0	0	0	0
0	0	0	0	17	0	0	57	1	0	0	3	0	0	0	0	14	6	0	0	0	5	0	4	0	0	4	0	9	0
0	0	0	0	125	0	0	0	0	0	0	0	0	0	7	0	0	0	0	0	0	0	0	3	0	0	0	0	0	0
0	0	0	23	0	0	0	0	0	0	0	0	0	0	0	0	0	0	0	0	0	0	0	0	0	0	0	0	0	0
0	0	0	0	0	2	0	0	0	0	0	0	5	0	0	0	0	0	0	0	0	0	0	16	0	0	0	0	0	0
0	0	0	0	0	0	0	0	0	0	0	0	0	0	0	0	0	0	0	11	0	0	0	0	0	0	0	0	0	0
0	0	0	0	0	0	0	0	0	0	0	0	0	0	0	0	0	0	12	0	0	0	0	0	0	0	0	0	0	0
0	9	1	0	0	0	0	0	0	0	0	0	0	0	0	0	0	0	0	0	0	1	0	0	0	0	0	0	0	0
0	0	0	0	0	0	0	0	0	0	0	0	0	0	0	0	0	0	0	0	0	0	11	0	0	0	0	0	0	0
0	0	0	0	0	0	0	0	0	0	0	0	0	0	0	0	0	2	0	0	0	0	0	0	0	0	6	0	3	0
0	0	0	0	3	1	2	0	0	0	0	0	0	0	0	0	0	0	0	0	0	0	0	3	0	0	0	0	0	0
0	0	0	0	0	5	0	0	0	0	0	0	0	0	0	0	4	0	0	0	0	0	0	0	0	0	0	0	0	0
0	0	0	0	0	0	0	0	0	0	0	0	0	0	0	0	0	0	2	0	0	0	7	0	0	0	0	0	1	2
0	0	0	0	0	0	0	0	0	0	0	0	0	0	0	3	0	8	0	0	0	0	0	0	0	0	0	0	0	0
0	0	0	0	0	0	0	0	0	0	10	0	0	0	0	0	0	0	0	0	0	0	0	0	0	0	0	0	0	0
0	0	1	1	1	0	0	0	0	0	0	0	0	0	1	0	0	0	0	1	0	0	0	0	2	0	0	2	0	0
0	0	0	0	0	0	0	0	0	0	0	0	0	0	0	0	0	0	0	0	0	0	0	0	0	0	0	0	10	0
0	0	0	1	0	0	0	0	0	0	0	0	0	0	0	0	0	0	14	0	10	0	0	0	0	0	6	0	0	0
0	0	0	0	0	0	0	0	0	0	0	0	0	0	0	0	0	0	0	0	0	0	31	0	0	0	0	0	0	0
0	0	0	0	23	0	0	0	0	3	0	0	0	0	0	0	1	0	0	0	0	0	0	0	0	0	0	0	0	0
0	0	0	0	0	0	0	0	0	0	0	0	0	18	0	0	0	0	0	0	0	0	0	0	0	0	0	0	0	0
0	0	0	0	0	0	0	0	0	0	0	0	0	0	0	0	31	0	0	0	0	0	0	0	0	0	0	0	0	0
0	0	1	0	0	0	0	0	0	0	0	1	0	0	0	0	0	2	0	1	0	0	0	26	0	0	0	0	0	0
0	0	0	1	1	0	0	1	0	2	7	3	0	0	2	0	0	0	0	5	0	0	2	0	0	3	0	0	0	0
0	0	0	0	0	0	0	0	0	0	0	0	0	0	0	0	0	0	31	0	0	0	0	0	0	0	0	0	0	0
0	0	2	0	0	0	0	0	0	2	2	1	1	10	0	0	0	0	7	0	0	0	0	0	0	2	0	0	0	0
0	0	0	2	0	0	9	3	0	0	1	0	0	0	1	0	0	0	0	0	0	3	0	2	0	0	1	0	7	0
0	0	0	0	0	0	14	0	0	0	0	0	0	0	0	0	0	0	0	0	0	0	0	0	0	0	0	0	0	0
11	0	0	0	0	0	0	0	0	0	0	0	1	0	0	0	0	0	0	0	0	0	0	0	0	1	0	0	0	0
0	0	1	0	0	0	0	0	0	0	0	0	0	0	0	0	0	0	5	3	0	0	0	0	0	5	0	0	0	0
0	0	0	0	0	0	0	0	0	0	0	0	0	0	0	0	2	0	0	1	0	0	0	0	0	0	0	0	11	0
0	0	0	0	0	0	0	1	0	0	0	0	0	0	0	0	0	0	7	0	0	0	1	2	0	1	0	0	0	2
0	0	0	0	0	0	0	0	0	0	0	0	0	0	0	0	0	0	15	0	0	0	0	0	0	0	0	0	0	0
0	0	4	0	0	0	0	0	0	0	0	1	0	0	0	0	0	0	0	0	0	4	0	0	4	0	0	0	0	0
0	0	0	4	0	0	0	0	0	0	0	0	0	0	1	0	0	1	1	2	0	1	2	0	0	0	0	0	2	1
0	0	0	0	0	0	0	0	0	0	3	0	0	0	1	1	0	0	0	0	0	0	0	0	0	2	0	0	0	1
0	0	0	0	0	0	0	13	0	0	0	0	0	0	0	0	0	0	0	0	0	0	0	0	0	0	0	0	1	0
0	0	0	0	0	0	0	2	0	0	0	0	0	0	0	0	1	0	1	0	0	0	2	0	0	0	0	0	0	8
0	0	0	0	0	0	0	0	0	0	0	0	0	0	0	0	15	0	0	0	0	0	0	0	0	0	0	0	0	0
0	0	0	0	0	0	0	0	0	0	0	0	15	0	0	0	0	0	0	0	0	0	0	0	0	0	0	0	0	0
0	0	0	0	0	1	0	8	0	0	0	0	1	0	0	0	0	0	0	0	0	1	0	0	0	0	1	0	0	1
0	2	1	2	2	0	0	0	0	0	0	15	0	0	1	1	0	3	0	1	0	0	1	5	0	0	0	0	5	2
0	0	1	0	0	0	0	0	0	0	0	0	0	0	8	0	13	0	0	0	0	0	0	0	0	0	28	0	0	0
0	0	2	0	0	0	0	57	0	0	0	0	0	0	0	0	0	0	0	0	0	0	0	0	0	0	0	0	0	0
0	0	0	0	0	0	0	14	0	0	0	0	0	0	0	0	0	0	0	0	0	0	0	0	0	23	0	0	0	0
0	0	0	0	0	0	0	0	0	29	0	17	0	0	0	0	0	0	0	13	0	0	0	0	0	0	0	0	0	0
0	0	0	0	35	0	0	0	0	0	0	0	0	0	0	0	1	0	0	0	0	0	0	22	0	0	0	0	1	0
0	0	0	0	0	0	0	0	0	0	0	0	0	0	0	0	0	0	39	2	0	0	7	0	0	0	0	0	11	0
0	0	0	0	0	0	0	0	0	0	0	0	0	0	0	0	0	0	0	0	0	1	0	58	0	0	0	0	0	0
0	0	0	0	0	0	0	0	0	0	0	0	0	0	0	0	0	56	0	0	0	0	0	0	0	0	2	0	0	0
0	0	7	0	0	0	0	0	1	6	0	0	0	0	0	0	0	31	0	0	0	2	0	4	0	0	0	0	3	0
0	0	0	0	0	53	0	0	0	0	0	0	0	0	38	4	0	62	0	0	0	0	0	0	0	0	1	0	0	0
0	0	132	0	0	0	0	0	12	0	0	0	0	0	0	0	0	6	0	0	0	0	0	0	0	0	0	5	0	0
1	0	0	0	0	115	0	1	0	0	0	0	0	0	0	16	0	0	0	29	0	0	0	0	0	0	0	0	0	0
0	0	0	117	0	0	0	0	0	0	0	0	0	0	0	0	0	0	0	0	0	0	0	45	0	0	0	0	0	0
0	0	0	0	0	0	13	29	64	0	14	0	0	0	6	2	0	0	0	0	0	0	0	0	0	0	0	1	0	0
0	0	1	0	0	0	0	0	0	4	10	28	0	0	3	0	0	21	0	29	0	0	38	0	1	0	0	0	18	0
0	0	0	0	0	134	0	2	0	0	0	0	0	0	0	0	2	0	0	17	0	0	0	0	0	0	2	0	0	0
0	0	0	0	143	0	0	0	0	0	0	0	0	0	9	0	0	0	0	0	0	0	0	5	0	1	1	0	0	0
0	0	0	0	40	1	0	0	2	1	0	0	0	1	4	0	2	0	0	6	0	0	0	0	0	0	70	3	31	0
0	0	0	0	6	1	0	0	0	0	0	0	0	0	27	0	3	0	0	0	0	0	0	0	0	0	73	0	50	0
0	0	0	0	0	0	0	0	0	0	1	1	0	0	0	0	0	0	0	12	0	0	0	0	0	0	0	0	1	0
0	0	0	0	0	0	0	0	0	0	0	0	0	9	0	0	0	0	0	0	0	0	0	0	0	0	0	0	0	0
11	0	0	0	0	0	0	0	0	0	0	0	0	0	0	0	0	0	0	0	0	0	0	0	0	0	0	0	0	0
0	0	0	0	0	0	0	11	0	0	0	0	0	0	0	0	0	0	0	0	0	0	0	0	0	0	0	0	0	0
0	0	0	0	0	8	0	0	0	0	0	0	0	0	0	0	0	3	0	0	0	0	0	0	0	0	0	0	0	0
0	0	0	0	0	0	0	0	0	0	0	0	7	0	0	0	1	0	0	0	0	0	0	0	0	0	3	0	0	0
0	0	0	0	1	4	0	0	0	0	0	0	0	0	2	2	0	0	0	2	0	0	0	0	0	0	0	0	0	0
0	0	0	0	0	0	0	0	0	0	0	0	0	0	0	0	0	0	9	0	0	0	0	0	0	1	0	0	0	1
0	0	0	0	0	0	2	0	0	0	0	0	0	0	0	0	0	0	8	0	0	0	0	1	0	0	0	0	0	0
0	0	0	0	5	0	0	0	0	0	0	0	0	0	0	0	0	0	0	0	0	0	0	0	0	0	1	0	5	0
0	0	0	0	0	0	0	0	0	0	0	2	0	0	0	0	0	0	1	14	0	1	1	8	0	0	0	0	6	0
0	0	0	0	0	0	0	0	0	0	0	0	0	0	3	0	12	0	0	0	0	0	0	0	0	0	11	0	0	0
0	0	0	0	0	0	0	0	0	0	0	0	0	0	0	0	0	0	0	0	0	0	29	0	0	0	0	0	0	4
0	0	0	0	0	0	0	0	0	0	0	0	0	0	0	0	0	0	26	0	7	0	0	0	0	0	0	0	0	0
0	0	0	0	0	4	0	0	0	0	0	0	0	0	0	0	25	0	0	0	0	0	0	0	4	0	0	0	0	0
0	0	0	0	0	0	0	0	0	0	0	1	0	0	0	0	0	0	0	0	0	0	0	0	0	32	0	0	0	0
0	0	0	0	0	0	0	0	0	0	0	0	0	0	0	0	33	0	0	0	0	0	0	0	0	0	0	0	0	0
0	0	15	0	0	0	0	0	0	0	0	18	0	0	0	0	0	0	0	0	0	0	0	0	0	0	0	0	0	0
0	0	0	0	0	0	1	0	3	1	0	0	0	13	0	1	0	0	0	0	0	0	0	1	0	2	0	0	0	0
0	0	0	1	1	0	0	0	0	0	0	0	1	0	0	0	0	2	0	2	19	2	0	0	0	0	0	0	5	0
0	0	0	0	3	0	0	0	0	0	0	8	0	0	0	0	0	0	0	0	0	0	0	0	0	0	0	0	0	0
0	0	0	0	0	0	0	0	0	0	2	0	0	0	0	0	0	0	0	0	0	0	0	0	0	0	0	0	0	0
0	0	0	2	2	0	0	0	1	1	0	0	0	0	2	3	0	0	0	2	0	0	0	0	1	0	0	0	0	0
0	0	0	1	0	0	0	0	0	0	3	0	0	0	1	0	1	0	0	5	0	1	0	0	0	0	0	0	1	0
0	0	0	0	0	0	13	0	6	0	0	0	0	0	7	0	0	0	0	0	0	0	0	0	0	41	0	0	0	0
1	0	1	13	7	4	0	0	1	0	0	1	4	0	3	1	0	7	0	2	0	0	3	18	1	0	0	0	3	0
0	0	1	2	0	0	0	0	0	0	3	2	0	0	1	0	0	5	10	3	0	1	6	2	0	3	0	0	10	9
0	0	0	0	53	0	0	0	0	0	0	0	0	0	0	0	0	0	0	0	0	3	7	1	1	0	0	0	0	0
1	0	8	0	12	9	0	0	1	4	0	3	1	0	0	1	2	8	0	0	0	0	0	1	0	0	2	0	0	0
69	0	0	0	0	0	0	0	0	0	0	0	0	0	0	0	0	0	0	0	0	0	0	0	0	0	0	0	0	0
0	0	0	0	5	0	0	0	0	0	0	0	5	0	0	0	21	8	0	0	0	16	0	0	2	0	4	0	8	0
17	0	0	0	17	7	0	0	0	0	0	0	0	0	0	1	1	1	0	2	1	0	4	4	0	0	0	0	0	0
0	0	0	0	0	0	0	0	0	0	0	0	0	0	0	0	14	0	0	0	0	0	0	0	0	0	0	0	0	0
0	0	0	0	0	0	0	0	0	0	0	0	0	0	0	0	0	0	0	0	0	0	0	13	0	0	0	0	0	0
0	0	0	0	0	0	0	0	0	0	14	0	0	0	0	0	0	0	0	0	0	0	0	0	0	0	0	0	0	0
9	0	0	0	0	0	0	2	0	0	0	0	0	0	0	0	0	0	0	0	0	0	0	0	0	0	0	0	0	0
0	0	1	2	0	0	0	0	0	0	3	3	0	0	0	0	0	0	0	3	0	0	1	0	0	0	1	0	0	1
0	0	0	0	1	0	0	0	0	0	0	0	0	0	0	0	0	1	0	0	0	0	0	0	0	0	2	0	12	0
0	0	0	0	0	0	0	0	0	0	0	0	0	4	0	0	0	0	0	0	0	0	0	0	0	0	0	1	0	0
0	0	0	0	0	0	0	0	0	0	0	0	0	0	0	0	0	0	0	0	16	0	0	0	0	0	0	0	0	0
0	0	0	2	0	0	5	0	0	0	0	0	0	0	1	0	0	1	0	0	0	0	0	0	0	0	0	0	0	1
0	0	0	0	6	0	0	0	0	0	0	0	0	0	1	0	0	0	0	0	0	0	0	0	0	0	1	0	8	0
0	0	0	1	0	0	0	0	0	0	0	0	0	0	0	0	0	0	11	0	0	0	0	4	0	0	0	0	0	0
0	0	0	3	0	0	0	0	0	0	0	0	0	0	0	0	0	1	4	1	0	0	3	0	4	0	0	0	0	0
0	0	0	0	0	15	0	0	0	0	0	0	0	0	0	0	0	0	0	0	0	0	0	0	0	0	0	0	0	0
0	0	0	0	0	11	0	0	0	0	0	0	0	0	0	0	0	0	0	2	0	0	0	0	0	0	0	0	0	0
0	0	0	0	0	0	0	2	0	0	0	0	0	0	0	0	0	0	0	0	0	0	0	0	0	7	0	0	0	0
2	0	0	3	0	0	1	0	1	0	0	0	0	2	1	0	0	0	0	0	0	0	0	1	0	0	0	0	0	0
0	0	0	0	0	0	0	8	0	0	0	0	0	0	1	0	0	0	0	0	0	0	0	0	0	1	0	0	0	0
0	0	0	0	0	0	0	0	0	0	0	0	0	0	0	0	0	0	0	0	0	0	50	0	0	0	0	0	0	5
0	0	0	0	0	0	0	0	0	0	0	0	0	0	0	0	11	0	0	0	0	0	0	0	0	0	0	0	0	0
0	0	0	0	0	0	0	0	0	0	0	0	0	0	0	0	0	0	0	11	0	0	0	0	0	0	0	0	0	0
0	0	0	0	11	0	0	0	0	0	0	0	0	0	0	0	0	0	0	0	0	0	0	0	0	0	0	0	0	0
0	0	0	0	0	0	0	11	0	0	0	0	0	0	0	0	0	0	0	0	0	0	0	0	0	0	0	0	0	0
0	0	0	0	0	0	0	0	0	0	0	0	0	0	0	0	0	0	0	0	11	0	0	0	0	0	0	0	0	0
0	0	0	11	0	0	0	0	0	0	0	0	0	0	0	0	0	0	0	0	0	0	0	0	0	0	0	0	0	0
0	0	0	0	0	11	0	0	0	0	0	0	0	0	0	0	0	0	0	0	0	0	0	0	0	0	0	0	0	0
0	0	0	0	0	0	0	0	2	0	0	0	0	0	0	0	0	0	0	0	0	0	0	0	0	0	0	0	0	0
0	0	0	0	0	2	0	0	0	0	0	0	0	0	0	1	0	0	0	0	0	0	0	0	0	0	1	0	0	0
0	0	0	0	0	0	0	0	0	0	58	0	0	0	0	0	0	0	0	0	0	0	0	0	0	0	0	0	0	0
0	0	0	0	0	0	0	0	0	0	0	0	0	0	0	0	58	0	0	0	0	0	0	0	0	0	0	0	0	0
0	0	0	0	0	0	0	21	4	2	0	0	0	0	6	0	0	0	0	0	0	0	0	0	0	0	0	0	0	0
0	0	0	0	0	0	0	0	0	0	0	0	0	0	0	33	0	0	0	0	0	0	0	0	0	0	0	0	0	0
0	0	1	10	2	0	0	0	0	0	0	4	0	0	2	0	0	3	0	6	0	0	4	0	0	0	0	0	0	0
0	0	0	33	1	0	0	0	0	0	0	0	0	0	0	0	0	0	0	0	0	0	0	0	0	1	0	0	0	0
0	0	0	0	23	0	0	0	0	0	0	0	0	0	0	0	0	0	0	0	0	0	0	12	0	0	0	0	0	0
0	0	4	0	0	0	0	0	0	0	0	0	0	0	0	0	0	13	0	13	0	0	0	5	0	0	0	0	0	0
0	0	0	0	0	0	0	0	0	0	0	0	0	0	0	0	0	0	13	1	0	0	4	0	0	0	0	0	7	0
0	1	2	2	0	0	2	0	0	2	3	1	0	0	0	0	0	0	11	0	0	0	0	3	0	6	0	0	0	0
34	0	0	0	0	0	0	0	0	0	0	0	0	0	0	0	0	0	0	0	0	0	0	0	0	0	0	0	0	0
0	0	0	0	0	0	0	0	0	0	0	0	0	0	0	4	0	28	0	0	0	0	0	2	0	0	0	0	0	0
0	0	3	0	0	0	1	0	0	0	0	0	0	0	0	0	0	0	0	0	0	8	0	0	1	0	0	0	0	0
0	0	0	0	0	14	0	0	0	0	0	0	0	0	0	0	0	0	0	0	0	0	0	0	0	0	0	0	0	0
3	0	0	1	0	0	1	0	0	0	0	0	0	1	0	0	0	0	0	0	0	0	0	4	1	2	0	0	0	0
0	0	0	0	1	0	0	0	0	0	0	0	0	0	2	0	0	0	0	0	0	0	0	0	0	0	0	0	11	0
0	13	0	0	0	0	0	0	0	0	0	0	0	0	0	0	0	0	0	0	0	0	0	0	0	0	0	0	0	0
0	0	0	0	0	40	0	0	0	0	0	0	0	0	14	14	0	0	0	1	0	0	0	0	0	0	0	0	0	0
0	0	0	0	38	0	0	0	0	0	0	0	0	0	0	0	2	0	0	0	0	0	0	30	0	0	0	0	0	0
0	0	0	0	0	0	0	0	0	0	0	0	0	0	0	0	0	0	0	0	0	70	0	0	0	0	0	0	0	0
0	0	1	0	0	0	0	5	0	0	0	9	0	0	0	0	0	23	0	0	0	0	0	0	0	11	0	0	0	0
1	1	1	5	0	0	0	0	0	2	0	3	0	1	0	0	0	0	39	2	0	0	3	0	0	4	0	0	0	1
0	0	0	0	0	1	0	67	0	0	0	0	0	0	0	0	0	0	0	0	0	0	0	0	0	0	0	0	0	0
0	0	0	0	0	0	0	0	0	1	3	0	0	0	3	0	0	0	0	0	0	0	0	0	0	25	0	0	0	2
0	0	0	17	29	1	0	0	0	0	0	0	0	0	0	0	0	0	21	0	0	0	0	0	1	0	0	0	0	0
0	0	0	0	0	0	0	0	0	0	0	0	0	0	0	0	0	0	0	0	61	0	6	0	0	0	0	0	0	0
0	7	0	0	0	0	3	0	0	0	0	16	0	0	0	0	0	1	0	0	0	9	0	0	0	22	0	1	8	0
0	2	2	12	5	0	0	4	0	5	17	1	0	0	1	0	0	8	5	14	0	1	25	13	0	0	0	0	6	0
0	0	0	0	100	0	0	0	0	0	0	0	0	0	0	0	0	0	0	0	0	0	0	0	0	0	3	0	19	0
0	0	0	0	0	0	0	0	0	0	0	0	0	0	0	0	0	122	0	0	0	0	0	0	0	0	1	0	0	0
0	0	0	32	0	0	0	0	0	0	0	0	0	0	0	0	0	10	0	0	0	0	0	0	0	0	0	0	82	0
6	29	0	0	30	2	1	0	0	0	0	0	0	0	1	0	5	4	0	3	0	0	9	14	0	0	0	0	1	0
0	0	1	0	0	0	0	124	0	0	0	0	0	0	0	0	0	0	0	0	0	0	0	0	0	0	0	0	0	0
0	0	0	0	7	0	0	0	0	0	0	0	0	0	41	0	0	0	0	0	0	0	0	0	0	0	0	0	74	0
0	0	4	0	1	0	0	0	0	0	0	0	64	0	0	0	0	0	0	0	0	0	0	0	24	0	0	0	32	0
0	0	0	0	0	0	0	0	0	0	0	0	0	99	0	0	0	0	0	0	0	0	0	0	0	0	0	5	0	0
0	0	5	1	0	20	0	0	0	0	4	2	0	0	1	3	0	6	0	28	0	1	0	6	1	0	0	0	0	0
0	0	0	0	0	0	0	0	0	0	0	0	0	0	0	0	0	0	0	0	0	0	0	0	0	0	0	0	0	11
0	0	0	0	1	0	0	0	0	0	0	0	0	0	0	0	8	1	0	0	0	0	0	0	0	0	1	0	0	0
0	0	0	0	0	0	0	0	0	0	0	0	0	0	0	0	11	0	0	0	0	0	0	0	0	0	0	0	0	0
0	0	0	0	0	0	0	0	0	0	0	0	0	0	0	3	0	0	0	6	0	0	0	0	0	0	0	0	2	0
0	0	0	0	0	0	0	0	0	2	0	0	0	0	0	1	0	0	0	0	0	0	0	0	0	2	0	6	0	0
0	0	0	0	11	0	0	0	0	0	0	0	0	0	0	0	0	0	0	0	0	0	0	0	0	0	0	0	0	0
0	0	0	3	0	0	0	0	0	0	0	0	0	0	0	1	0	0	0	3	0	0	0	0	1	0	0	0	0	0
0	0	0	0	0	0	0	0	0	0	0	0	0	0	0	0	11	0	0	0	0	0	0	0	0	0	0	0	0	0
0	0	0	0	10	0	0	0	0	0	0	0	0	0	0	0	0	0	0	0	0	0	0	0	0	0	0	0	0	0
0	0	0	0	0	0	0	0	0	0	0	0	0	0	0	1	0	10	0	0	0	0	0	0	0	0	0	0	0	0
0	0	0	0	0	0	0	39	0	0	0	0	0	0	0	1	0	0	0	0	0	0	0	0	0	0	0	0	0	2
0	0	6	6	0	0	0	0	0	0	0	1	0	0	0	0	0	0	18	6	0	0	4	0	0	0	0	0	1	0
0	0	0	0	0	0	0	0	0	0	0	0	0	0	0	0	14	0	0	0	0	0	0	0	0	0	0	0	0	0
0	13	0	0	0	0	0	0	0	0	0	0	1	0	0	0	0	0	0	0	0	0	0	0	0	0	0	0	0	0
0	0	0	0	0	0	0	0	0	0	1	0	0	0	0	0	0	0	1	9	0	0	0	0	0	0	0	0	0	0
0	0	0	0	13	0	0	0	0	0	0	0	0	0	0	0	0	0	0	0	0	0	0	0	0	0	0	0	0	0
4	0	0	2	4	0	5	0	0	0	1	0	1	0	1	0	0	1	0	4	0	0	1	0	0	0	0	0	3	0
0	0	0	0	0	0	0	0	0	0	0	0	0	0	0	0	36	0	0	0	0	0	0	0	0	0	0	0	0	0
0	0	0	0	0	0	0	0	0	0	0	0	8	0	0	0	20	0	0	0	0	0	0	0	0	0	9	0	0	0
0	0	0	0	0	0	5	0	2	0	0	0	0	0	0	0	0	0	0	5	0	0	0	0	0	0	0	0	18	0
0	0	0	0	31	0	0	0	0	1	0	0	0	0	0	0	0	0	0	0	0	0	0	0	0	0	2	0	0	0
0	0	0	0	0	0	0	8	0	0	0	0	0	0	0	0	0	1	0	17	0	1	0	7	0	0	0	0	2	0
0	0	0	0	0	34	0	0	0	0	0	0	0	0	0	0	0	0	0	2	0	0	0	0	0	0	0	0	1	0
0	0	0	0	1	1	0	0	0	0	0	0	1	0	0	0	7	1	0	5	0	0	1	11	0	0	8	0	1	0
0	0	0	0	24	0	0	0	0	6	0	0	0	0	0	0	1	0	0	0	0	0	0	0	0	0	1	0	0	0
0	0	0	2	0	0	0	0	0	0	0	0	4	0	0	0	0	3	0	4	17	0	0	0	0	0	3	0	4	0
1	0	0	0	0	1	0	0	1	0	0	2	0	0	2	0	0	1	2	3	0	0	4	0	2	0	0	0	0	0
3	0	0	0	0	0	0	0	0	0	0	0	0	0	0	0	0	0	0	0	0	0	0	0	0	0	0	1	0	0
0	0	0	0	0	0	0	22	0	0	0	0	0	0	0	0	0	0	0	0	0	0	0	0	0	0	0	0	0	0
0	0	0	0	5	0	0	0	0	0	0	0	0	0	1	0	0	2	0	0	0	0	6	3	0	0	0	0	0	1
0	0	0	0	1	0	0	0	0	0	0	0	0	0	0	0	2	0	4	1	0	0	1	0	0	0	0	0	0	14
0	0	0	0	0	0	0	0	0	0	0	0	0	0	0	0	0	0	23	0	0	0	0	0	0	0	0	0	0	0
0	0	0	3	0	2	1	0	0	0	0	0	0	4	1	1	0	2	0	0	0	1	0	2	0	0	1	0	0	0
0	0	0	2	1	0	1	0	0	1	1	0	0	1	2	1	0	0	2	1	0	0	4	0	0	3	1	0	0	1
0	0	0	0	0	0	0	0	0	0	0	0	0	0	0	0	0	0	0	0	23	0	0	0	0	0	0	0	0	0
0	0	0	0	23	0	0	0	0	0	0	0	0	0	0	0	0	0	0	0	0	0	0	0	0	0	0	0	0	0
0	0	0	0	0	0	0	0	0	0	0	0	0	0	0	0	0	0	18	3	0	0	0	0	0	1	0	0	0	0
0	0	0	0	0	0	0	0	0	0	3	1	0	0	0	0	0	0	0	14	0	0	0	0	0	0	0	0	2	0
0	8	10	0	0	0	0	0	1	0	0	0	0	0	0	4	0	0	0	0	0	5	10	43	0	0	0	0	1	0
0	2	0	11	0	0	0	0	0	0	0	2	0	0	0	0	0	0	66	3	0	0	2	0	0	3	0	0	0	2
0	0	0	0	16	0	0	0	0	0	0	0	0	0	0	0	0	0	0	0	0	0	0	0	0	0	0	0	0	0
0	0	0	0	0	0	0	0	0	0	0	0	0	0	0	0	13	0	0	0	0	0	0	0	0	0	4	0	0	0
0	0	0	0	1	0	0	0	0	0	0	0	0	0	0	0	4	0	0	1	0	0	0	0	0	0	2	0	9	0
0	0	0	0	0	0	0	0	0	0	0	0	0	0	0	0	17	0	0	0	0	0	0	0	0	0	0	0	0	0
0	0	0	0	0	0	0	0	0	0	0	0	0	0	0	0	17	0	0	0	0	0	0	0	0	0	0	0	0	0
0	0	0	0	0	0	0	0	0	0	0	0	3	0	0	0	7	0	0	0	0	0	0	0	0	0	7	0	0	0
0	0	0	0	17	0	0	0	0	0	0	0	0	0	0	0	0	0	0	0	0	0	0	0	0	0	0	0	0	0
0	0	0	0	0	0	8	0	4	0	5	0	0	0	0	0	0	0	0	0	0	0	0	0	0	0	0	0	0	0
17	0	0	0	0	0	0	0	0	0	0	0	0	0	0	0	0	0	0	0	0	0	0	0	0	0	0	0	0	0
0	0	0	0	0	0	4	2	1	0	2	0	0	0	1	0	0	0	0	0	0	0	0	0	0	0	0	0	0	2
0	0	0	0	0	0	0	0	0	0	0	0	53	0	0	0	41	0	0	0	0	0	0	0	0	0	1	0	0	0
0	0	0	0	7	5	0	0	0	0	0	0	0	0	0	0	0	0	0	0	0	0	0	0	0	0	0	0	0	0
0	1	0	16	1	0	0	0	1	0	0	2	0	0	0	0	0	6	0	18	0	8	2	20	1	1	0	0	0	0
0	0	0	0	60	0	2	0	0	0	0	0	0	0	0	0	0	0	0	1	0	0	0	0	0	0	0	0	17	0
0	2	0	8	0	0	0	0	0	1	0	2	0	0	0	0	0	0	49	5	0	0	3	0	0	4	0	0	0	3
0	0	60	0	0	0	0	0	10	0	0	0	0	0	0	0	0	0	0	0	0	0	0	0	0	0	0	6	1	0
0	4	1	9	0	3	0	0	0	0	10	14	5	0	0	1	0	4	0	2	0	1	3	6	0	0	1	1	0	7
0	0	1	13	10	5	0	0	0	0	0	0	8	0	0	0	0	6	0	3	0	1	6	19	0	0	3	0	6	0
0	0	0	0	82	0	0	0	0	0	0	0	0	0	0	0	0	0	0	0	0	0	0	0	0	0	0	0	0	0
0	0	0	45	0	2	0	0	0	0	5	0	0	0	0	0	3	0	0	0	0	0	0	0	0	0	0	1	26	0
0	0	0	0	0	0	0	0	0	0	0	0	0	0	0	0	0	0	15	1	68	0	0	0	0	0	0	0	0	0
0	0	0	0	0	0	0	0	0	0	0	0	0	0	0	0	0	0	0	0	20	0	0	0	0	0	0	0	0	0
0	0	6	7	0	0	0	0	0	0	0	0	0	0	0	0	0	0	8	8	0	0	4	0	0	0	0	0	1	2
0	0	0	0	30	0	0	0	0	0	0	0	0	0	0	0	0	0	4	0	0	0	4	0	0	0	0	0	0	0
0	0	0	0	0	3	0	0	0	0	0	0	0	0	0	0	0	1	0	9	1	0	0	19	0	0	0	0	6	0
0	0	0	0	0	0	0	0	2	0	0	0	0	0	0	0	0	0	0	0	0	0	0	37	0	0	0	0	0	0
0	0	2	0	0	0	0	0	0	0	0	11	0	0	0	0	0	25	0	0	0	0	0	0	0	0	0	0	0	0
0	5	1	0	0	0	0	0	5	0	0	0	2	0	4	0	0	4	0	0	0	8	0	2	0	0	0	0	0	0
0	0	0	0	0	0	0	0	0	0	0	0	38	0	0	0	0	0	0	0	0	0	0	0	0	0	0	0	0	0
1	0	0	0	1	0	0	0	0	0	1	0	0	1	0	0	0	0	22	0	0	0	0	4	0	8	0	0	0	0
0	0	0	0	7	2	5	2	0	0	0	0	0	0	0	0	0	3	0	2	0	6	1	5	4	0	0	0	0	0
0	0	0	0	28	1	0	0	0	1	0	0	0	0	0	0	0	2	0	6	0	0	0	0	0	0	0	0	0	0
0	0	5	0	0	0	0	0	0	0	0	0	1	0	0	0	1	0	0	0	0	0	11	0	0	0	0	0	0	0
0	0	0	0	0	0	0	0	0	0	0	0	0	0	0	0	0	0	21	0	0	0	0	0	0	0	0	0	0	0
0	0	0	0	0	0	0	0	0	0	0	0	0	0	0	0	0	0	0	0	21	0	0	0	0	0	0	0	0	0
0	0	0	0	0	0	0	0	0	0	0	0	0	0	0	0	0	0	21	0	0	0	0	0	0	0	0	0	0	0
0	0	0	0	0	0	0	0	0	0	0	0	0	0	0	0	0	0	21	0	0	0	0	0	0	0	0	0	0	0
0	0	0	0	0	3	0	0	0	0	0	0	0	0	0	1	0	0	0	2	0	0	0	0	3	0	0	0	9	0
0	0	1	0	0	0	0	0	0	0	0	0	0	1	0	0	0	0	10	0	0	1	0	6	0	3	0	0	0	0
0	0	0	0	6	4	0	0	0	0	0	0	0	0	2	4	0	0	0	1	0	0	0	0	5	0	0	0	0	0
0	0	0	0	2	5	0	0	0	0	0	0	0	0	5	2	0	0	0	3	0	0	0	0	5	0	0	0	0	0
0	0	0	0	22	0	0	0	0	0	0	0	0	0	0	0	0	0	0	0	0	0	0	0	0	0	0	0	0	0
0	0	0	0	0	0	0	0	0	0	0	0	0	0	0	0	0	0	0	0	0	0	0	17	0	0	0	0	0	0
0	0	0	0	0	0	0	0	0	0	0	0	0	0	0	0	0	0	0	0	0	0	1	16	0	0	0	0	0	0
0	0	0	0	13	0	0	0	0	0	0	0	0	0	0	0	0	0	0	0	0	0	0	0	0	0	4	0	0	0
0	0	0	0	0	0	9	0	0	3	0	0	0	0	4	0	0	0	0	0	0	0	0	0	0	1	0	0	0	0
0	0	0	0	0	1	0	0	0	0	0	0	0	0	0	0	0	0	0	13	0	0	0	0	0	0	0	0	3	0
0	0	0	0	2	0	0	0	0	0	0	0	0	0	0	0	3	3	0	0	0	2	0	0	0	0	0	0	3	0
0	0	0	0	0	0	0	0	0	0	0	0	0	0	0	0	0	0	17	0	0	0	0	0	0	0	0	0	0	0
0	0	0	0	16	0	0	0	0	0	0	0	0	0	0	0	0	0	0	0	0	0	0	0	0	0	0	0	0	0
0	0	0	0	0	0	0	0	0	0	0	0	0	0	0	0	0	0	16	0	0	0	0	1	0	0	0	0	0	0
0	0	0	0	0	0	2	1	0	0	0	2	0	0	0	0	0	0	2	0	0	0	1	1	0	0	0	0	0	3
47	0	0	0	0	0	0	0	0	0	0	0	0	1	0	0	0	0	0	0	0	0	0	0	0	0	0	1	0	0
0	0	0	0	0	0	0	31	0	0	0	1	0	0	0	0	0	0	0	10	3	2	0	20	0	1	0	0	2	0
0	0	0	0	0	0	0	0	0	0	0	0	0	0	5	0	0	0	0	0	0	0	0	0	0	0	7	0	0	0
0	0	0	0	0	0	0	0	0	0	0	0	0	0	0	0	12	0	0	0	0	0	0	0	0	0	0	0	0	0
0	0	0	0	0	0	7	0	3	0	1	0	0	0	1	0	0	0	0	0	0	0	0	0	0	0	0	0	0	0
0	0	0	0	0	0	0	0	0	0	0	0	0	2	0	0	0	0	0	0	0	0	0	0	0	0	0	2	0	0
0	0	3	1	0	1	0	0	0	4	0	0	0	0	1	0	0	0	0	0	0	0	0	0	0	0	0	1	0	0
0	0	0	0	0	0	0	0	0	0	0	0	0	0	0	0	0	0	12	0	0	0	0	0	0	0	0	0	0	0
0	0	0	0	0	0	0	0	0	0	0	0	0	0	0	0	0	0	0	12	0	0	0	0	0	0	0	0	0	0
0	0	0	0	0	0	2	0	2	0	0	0	0	0	0	0	0	0	0	1	0	0	0	0	0	0	1	0	2	0
0	0	0	0	12	0	0	0	0	0	0	0	0	0	0	0	0	0	0	0	0	0	0	0	0	0	0	0	0	0
11	0	0	0	0	0	0	0	0	0	0	0	0	0	0	0	0	0	0	0	0	0	0	0	0	0	0	0	0	0
0	0	0	0	0	0	0	0	0	0	0	0	0	1	0	0	0	0	0	0	0	0	0	0	0	0	0	19	0	0
2	0	0	0	0	0	0	0	0	0	0	0	0	0	0	0	0	0	0	0	0	0	0	0	0	0	0	84	0	0
0	1	0	5	0	0	11	0	0	5	0	49	0	0	0	0	0	3	0	0	0	13	0	0	0	0	0	0	0	0
0	0	2	10	0	4	2	0	0	1	9	8	4	0	0	0	0	14	0	7	0	2	1	2	0	0	0	2	0	3
0	0	0	0	0	0	0	0	0	42	0	27	0	0	0	1	0	0	0	15	0	0	0	0	0	0	0	0	0	0
0	0	0	0	0	0	0	0	0	0	0	0	0	0	0	0	3	0	0	0	0	0	0	0	0	0	82	0	0	0
0	1	3	6	0	11	1	0	0	0	18	1	0	0	1	2	0	12	0	1	0	1	0	1	1	0	0	0	0	13
15	5	4	0	0	0	0	0	1	0	0	0	0	0	1	2	0	0	0	0	0	3	8	29	0	0	0	0	0	0
0	1	0	21	0	0	0	0	0	0	0	0	0	0	0	0	0	6	0	0	0	0	0	0	0	0	0	0	57	0
0	0	0	0	19	2	0	0	0	0	0	0	0	0	0	0	40	9	0	1	0	3	2	8	1	0	0	0	0	0
0	0	2	0	0	0	0	0	0	2	3	0	0	8	0	0	0	0	3	0	0	0	0	0	0	1	0	0	0	0
0	0	0	0	0	0	0	0	0	0	0	0	0	0	0	0	21	0	0	0	0	0	0	0	0	0	0	0	0	0
0	0	2	1	0	2	0	0	1	1	2	3	0	0	1	0	0	0	0	3	0	0	0	0	0	1	0	0	0	1
0	0	0	0	0	0	0	0	0	1	0	0	0	0	0	0	0	0	0	0	0	0	0	0	1	0	0	0	0	19
0	0	0	0	0	0	0	0	0	0	0	0	0	0	0	0	0	0	0	21	0	0	0	0	0	0	0	0	0	0
0	0	0	0	0	0	0	0	0	0	0	0	0	0	0	0	0	0	0	0	0	21	0	0	0	0	0	0	0	0
0	0	0	0	0	0	0	0	0	0	0	0	0	0	0	0	0	0	0	19	0	0	0	0	0	0	2	0	0	0
0	0	0	0	0	0	0	0	0	0	0	0	0	0	0	0	0	0	0	1	0	0	0	0	20	0	0	0	0	0
0	0	0	21	0	0	0	0	0	0	0	0	0	0	0	0	0	0	0	0	0	0	0	0	0	0	0	0	0	0
0	0	1	0	1	1	0	0	0	0	0	0	0	0	0	1	0	0	0	1	0	0	0	0	0	0	12	0	3	0
0	0	0	0	1	5	0	0	0	0	0	0	0	0	4	2	0	0	0	1	0	0	0	0	4	0	0	0	0	0
0	0	0	0	0	0	0	0	6	0	4	0	0	0	0	0	0	0	0	0	0	0	0	0	0	4	0	0	0	0
0	0	0	0	0	0	2	0	0	0	4	0	0	0	0	0	0	0	0	0	0	0	0	0	0	0	0	0	0	0
4	0	0	0	0	14	0	0	0	0	0	0	0	0	0	0	0	0	0	0	0	0	0	0	0	0	0	0	0	0
0	0	1	1	0	0	0	0	0	0	0	0	13	0	0	0	0	2	0	1	0	0	0	0	0	0	0	0	0	0
0	3	0	0	0	0	1	0	0	0	0	4	0	0	1	0	4	1	0	0	0	3	0	0	0	0	1	0	0	0
0	0	0	0	2	0	0	0	0	0	0	0	0	0	0	0	8	3	0	0	0	0	0	0	0	0	5	0	0	0
0	0	0	0	0	0	0	0	0	0	0	0	0	0	0	0	0	0	3	15	0	0	0	0	0	0	0	0	0	0
0	0	0	0	0	0	0	0	0	0	0	2	0	0	0	0	2	0	0	0	0	0	11	0	3	0	0	0	0	0
0	0	0	0	0	0	5	0	0	1	0	0	0	0	0	0	0	0	0	0	0	0	0	0	0	0	0	0	0	1
0	0	0	1	0	0	42	0	0	0	0	0	0	0	0	0	0	0	0	0	0	0	0	0	0	0	0	0	0	0
1	0	0	0	0	0	0	0	0	0	0	0	0	0	0	0	0	1	6	0	0	1	0	0	0	0	0	0	0	0
0	0	0	1	0	0	42	0	0	0	0	0	0	0	0	0	0	0	0	0	0	0	0	0	0	0	1	0	0	0
0	0	0	0	2	1	0	0	1	0	0	0	0	0	0	0	0	0	0	0	0	0	0	0	0	0	0	0	11	0
0	0	0	0	0	0	0	0	0	0	0	0	0	0	0	0	15	0	0	0	0	0	0	0	0	0	0	0	0	0
0	0	0	0	0	0	1	0	0	0	1	0	0	0	2	0	1	0	0	2	0	0	0	0	0	0	1	0	3	0
0	0	0	0	0	1	0	0	0	0	0	0	0	0	0	0	0	0	0	0	0	0	0	11	0	0	0	0	0	0
0	0	0	0	1	0	0	0	0	0	0	0	0	0	0	0	0	0	0	0	0	0	0	0	0	0	1	0	10	0
0	0	0	0	0	0	12	0	0	0	0	0	0	0	0	0	0	0	0	0	0	0	0	0	0	0	0	0	0	0
0	0	0	0	0	0	1	0	0	1	0	0	0	10	0	0	0	0	0	0	0	0	0	0	0	0	0	0	0	0
0	0	0	0	0	0	0	0	0	0	0	0	0	0	0	0	0	0	8	0	0	0	0	3	0	0	0	0	0	0
0	0	0	0	12	0	0	0	0	0	0	0	0	0	0	0	0	0	0	0	0	0	0	0	0	0	0	0	0	0
0	0	0	0	0	0	0	0	0	0	0	0	0	8	0	0	0	0	0	0	0	0	0	0	0	0	0	0	0	0
0	0	1	14	2	0	1	0	0	0	0	2	1	0	0	0	34	6	0	15	0	5	0	7	2	0	2	0	0	0
0	0	0	0	0	0	0	0	0	0	0	0	0	0	0	0	95	0	0	0	0	0	0	0	0	0	0	0	0	0
0	0	0	0	0	0	0	0	0	0	0	0	10	0	0	0	1	0	0	0	0	0	0	0	0	0	1	0	0	0
0	0	5	0	0	0	0	42	0	0	7	0	0	0	0	0	0	0	0	0	0	0	0	0	15	0	0	0	25	0
1	0	0	0	0	0	0	4	0	0	0	0	1	0	0	0	0	0	0	0	87	0	0	0	0	0	0	0	0	0
0	0	0	48	0	0	0	3	2	0	0	0	0	14	0	0	0	0	0	0	0	8	0	0	0	11	0	0	7	0
0	0	0	0	0	1	0	0	0	0	0	0	0	0	0	0	0	90	0	0	0	0	0	0	0	0	2	0	0	0
0	1	2	11	1	0	0	0	0	0	0	2	0	0	0	0	21	5	0	25	0	2	1	19	1	0	2	0	0	0
0	2	0	0	0	0	0	0	0	0	0	0	0	0	0	0	1	1	0	1	0	0	0	8	0	0	1	0	1	0
0	0	0	101	0	12	0	0	0	0	0	0	118	0	0	1	1	0	0	19	0	0	0	0	15	0	0	0	0	0
53	0	1	19	0	0	11	0	2	0	0	26	22	5	2	0	0	13	0	0	0	0	0	44	2	68	0	2	0	0
0	0	0	89	0	15	0	0	0	0	0	0	139	0	0	4	0	0	0	23	0	0	0	0	19	0	0	0	0	0
0	0	0	0	0	1	0	0	0	0	0	0	0	0	0	0	0	0	375	7	0	0	0	0	0	0	0	0	0	0
0	0	8	0	1	1	10	0	5	0	0	0	0	0	5	0	0	0	257	0	0	9	0	41	9	53	0	0	0	0
0	0	0	0	0	0	0	0	0	0	0	0	389	0	0	0	21	0	0	0	0	0	0	0	0	0	2	0	0	0
0	2	0	7	7	0	3	0	0	0	4	0	0	0	2	0	0	6	0	3	286	0	1	26	0	2	0	0	1	0
0	0	0	1	10	1	1	0	11	0	3	0	0	0	8	0	0	1	0	1	0	3	271	10	2	0	0	0	14	7
0	0	0	0	0	71	0	0	0	0	0	0	9	0	0	0	218	1	0	39	0	0	0	6	0	0	31	0	0	0
74	0	0	17	1	1	10	0	4	0	0	36	12	2	0	0	1	13	0	1	0	0	0	63	4	71	0	5	0	0
0	0	0	0	0	0	12	0	1	0	0	0	0	0	0	0	0	0	0	0	0	0	0	0	0	0	0	0	0	2
4	1	0	0	0	0	0	0	0	0	0	1	0	2	0	0	0	0	6	0	1	0	0	2	0	1	0	0	0	0
0	0	0	20	0	0	0	0	0	0	0	0	0	0	0	0	0	0	0	0	0	0	0	0	0	0	0	0	0	0
9	0	0	0	0	0	0	0	0	0	0	0	0	0	0	0	0	0	0	0	0	0	0	0	0	0	0	0	0	0
0	0	0	0	0	0	0	0	0	1	8	0	0	0	5	0	0	0	0	0	0	0	0	0	0	0	0	0	0	0
0	0	0	0	0	0	0	0	0	0	0	0	0	0	0	0	0	0	0	0	0	0	20	0	0	0	0	0	0	0
0	0	0	0	5	0	0	0	0	0	0	0	0	0	2	0	0	0	0	0	0	0	0	0	0	0	0	0	13	0
0	0	0	0	0	0	0	15	0	0	0	5	0	0	0	0	0	0	0	0	0	0	0	0	0	0	0	0	0	0
0	0	0	0	0	0	0	0	0	0	14	0	0	0	0	0	3	2	0	0	0	0	0	0	0	0	1	0	0	0
1	0	2	0	0	0	1	0	0	0	2	0	0	0	0	0	1	3	0	2	0	1	0	0	0	0	2	1	1	0
0	0	0	0	0	0	0	0	0	0	0	0	3	0	0	0	0	0	0	0	0	0	0	15	0	0	0	0	0	0
0	0	0	0	0	0	0	0	0	0	0	0	0	0	0	0	0	0	0	18	0	0	0	0	0	0	0	0	0	0
0	0	0	0	0	0	0	0	0	0	0	0	0	0	0	0	0	0	11	1	0	0	0	0	0	6	0	0	0	0
0	0	0	0	0	1	0	3	0	0	0	2	1	0	0	0	0	0	2	1	0	0	0	4	0	1	2	0	0	1
0	0	0	0	3	0	0	0	0	4	0	0	0	0	0	0	0	0	0	0	0	0	0	0	0	0	0	0	0	0
0	0	0	1	0	0	1	0	0	0	0	0	0	0	0	0	0	0	9	0	0	0	0	6	1	0	0	0	0	0
0	0	0	0	0	2	0	0	0	0	0	0	0	0	0	2	0	0	0	0	0	0	0	0	0	0	0	0	0	0
0	0	0	0	0	0	0	0	0	0	0	0	0	5	0	0	0	0	0	0	0	0	0	0	0	0	0	1	0	0
0	0	0	0	0	0	0	0	0	0	0	0	0	0	0	0	1	0	0	0	0	0	16	0	0	0	0	0	0	0
0	0	0	0	0	0	0	0	0	0	0	0	0	0	0	0	0	0	17	0	0	0	0	0	0	0	0	0	0	0
0	0	0	0	0	5	0	0	0	0	0	0	0	0	0	0	7	0	0	0	0	0	0	0	0	0	0	0	0	0
0	0	0	3	0	0	0	0	0	0	0	0	0	0	0	0	0	0	0	0	0	0	10	0	0	0	0	0	0	0
0	0	0	0	0	0	0	0	0	0	0	0	0	0	0	0	0	0	0	0	0	97	0	0	0	0	0	0	0	0
0	0	1	1	0	0	0	0	0	0	0	0	5	0	0	0	0	2	0	0	0	0	0	4	0	0	0	0	0	0
0	0	0	0	3	2	0	0	2	0	0	0	0	0	2	2	0	0	0	2	0	0	0	0	0	0	0	0	0	0
0	0	0	0	0	0	0	0	0	0	0	0	0	0	0	0	0	0	13	0	0	0	0	0	0	0	0	0	0	0
0	0	0	0	2	0	0	0	0	0	0	0	0	0	0	0	1	0	0	0	0	0	0	0	0	0	0	0	10	0
0	0	0	0	0	0	0	0	2	11	0	0	0	0	0	0	0	0	0	0	0	0	0	0	0	0	0	0	0	0
0	0	0	0	0	0	0	0	0	0	0	0	0	0	0	0	13	0	0	0	0	0	0	0	0	0	0	0	0	0
0	0	0	5	0	0	0	12	0	0	1	4	0	0	1	0	0	0	15	0	0	6	53	0	0	0	0	0	0	0
0	0	0	0	0	0	0	0	0	0	0	0	0	0	0	0	0	0	0	13	0	0	0	0	0	0	0	0	0	0
0	0	0	0	0	0	0	0	0	0	0	0	0	0	0	0	0	99	0	0	0	0	0	0	0	0	0	0	0	0
0	1	0	22	0	0	0	0	0	0	0	0	0	0	0	0	0	4	0	0	0	0	0	0	0	0	0	0	72	0
0	0	0	0	26	14	3	0	0	0	0	15	0	0	0	0	0	3	0	0	0	0	0	35	0	0	0	0	0	0
0	0	0	84	0	0	0	0	0	0	0	1	0	0	0	0	0	0	0	0	0	0	0	15	0	0	0	0	0	0
2	0	0	1	1	1	0	0	0	0	0	3	1	0	0	0	0	1	0	1	0	0	0	0	0	0	1	0	1	0
0	0	0	0	0	7	0	0	0	0	0	0	0	0	0	4	0	0	0	0	0	0	0	0	0	0	0	0	0	0
0	2	1	7	0	0	0	0	0	0	0	0	0	0	0	0	0	0	81	10	0	0	2	0	0	0	0	0	0	0
0	0	0	0	5	0	1	0	0	0	0	0	0	0	8	0	0	0	0	0	0	0	0	5	0	0	1	2	81	0
0	0	1	0	0	0	1	0	0	0	0	0	0	0	0	0	0	0	19	0	0	0	0	0	0	9	0	0	0	0
0	0	0	30	0	0	0	0	0	0	0	0	0	0	0	0	0	0	0	0	0	0	0	0	0	0	0	0	0	0
0	0	0	0	0	0	0	0	1	0	0	0	0	0	2	0	0	0	0	0	0	0	0	0	0	0	0	0	0	0
0	0	0	0	0	0	0	0	0	0	0	0	0	0	0	0	0	0	0	0	0	0	0	0	0	0	30	0	0	0
0	1	0	5	3	2	0	0	0	0	0	0	0	0	0	0	0	1	2	4	0	1	2	5	1	0	1	0	2	0
0	0	0	30	0	0	0	0	0	0	0	0	0	0	0	0	0	0	0	0	0	0	0	0	0	0	0	0	0	0
0	0	0	2	0	0	0	0	0	0	0	0	0	0	1	1	0	0	0	1	0	0	0	0	1	0	0	0	0	0
0	1	0	0	0	0	0	1	0	0	0	0	0	0	1	0	0	0	27	0	0	0	0	0	0	0	0	0	0	0
0	0	3	0	0	0	0	0	1	3	0	4	0	0	0	0	0	7	0	0	0	2	0	0	0	0	0	0	2	0
0	0	1	0	0	3	0	0	0	0	0	0	0	0	0	0	0	0	0	0	0	1	0	0	1	0	18	1	2	0
0	0	1	5	6	0	10	0	6	2	0	4	7	6	4	0	0	5	20	16	520	0	0	0	15	11	0	2	27	0
7	0	25	13	17	1	3	0	8	7	0	17	42	0	0	0	35	0	51	89	0	59	0	24	12	1	0	40	1	0
0	495	4	3	0	1	0	0	0	0	0	8	16	0	0	0	0	4	0	0	0	92	0	0	0	0	0	0	0	0
0	0	70	25	17	1	11	0	17	4	0	2	0	0	0	0	0	4	76	116	0	93	0	55	14	2	0	0	5	0
0	0	0	0	0	0	0	0	0	0	0	0	0	0	0	0	0	0	606	7	0	0	0	0	0	0	0	0	0	0
0	0	0	5	26	4	0	0	0	0	0	0	4	0	0	0	5	1	0	12	0	0	488	15	0	0	17	0	43	0
107	47	3	6	2	0	0	28	2	1	0	0	1	0	3	0	2	1	229	3	0	0	0	99	1	0	0	0	4	0
0	0	0	0	0	0	0	0	0	0	0	0	221	0	0	0	68	0	0	0	0	0	0	0	0	0	284	0	0	0
0	0	1	0	11	5	0	0	0	0	0	0	1	0	0	0	6	0	0	7	0	3	439	16	1	0	17	0	26	0
5	0	21	7	11	0	2	0	5	5	0	15	17	0	0	0	20	1	26	59	0	50	0	22	9	0	1	52	0	0
0	0	0	0	0	0	0	0	0	0	0	0	0	0	0	1	0	5	0	0	0	2	0	0	0	0	0	0	5	0
1	0	4	0	0	0	0	0	0	0	5	0	0	1	0	0	0	1	0	2	0	2	0	1	0	0	1	0	0	0
0	0	0	0	0	0	0	0	0	0	0	0	0	0	0	0	0	0	16	1	0	0	0	0	0	2	0	0	0	0
15	0	0	0	0	0	0	0	0	0	0	0	0	2	0	0	0	0	0	0	0	0	0	0	0	0	0	0	0	0
0	0	0	1	0	0	1	0	0	0	0	0	0	0	0	0	0	0	0	0	0	0	0	0	0	17	0	0	0	0
0	19	0	0	0	0	0	0	0	0	0	0	0	0	0	0	0	0	0	0	0	0	0	0	0	0	0	0	0	0
0	0	0	1	0	0	0	0	0	0	2	0	0	0	0	0	0	0	0	6	9	0	0	0	0	1	0	0	0	0
0	0	0	0	0	17	0	0	0	0	0	0	0	0	1	0	0	0	0	1	0	0	0	0	0	0	0	0	0	0
0	0	0	3	0	1	0	7	0	0	0	5	0	2	2	0	0	0	6	0	0	3	39	0	0	0	0	2	0	0
0	0	0	0	0	0	0	0	0	0	0	0	0	0	0	0	0	0	13	0	57	0	1	0	0	0	0	0	0	0
0	0	0	0	26	6	0	0	0	0	0	0	0	0	0	0	0	5	0	2	0	0	2	10	0	0	0	0	0	0
0	0	0	0	0	0	0	0	0	0	0	0	0	0	0	0	13	0	0	0	0	0	0	0	0	0	0	0	0	0
0	0	0	0	13	0	0	0	0	0	0	0	0	0	0	0	0	0	0	0	0	0	0	0	0	0	0	0	0	0
0	0	0	0	2	0	0	0	0	0	0	0	0	0	0	0	8	1	0	0	0	0	0	0	0	0	0	0	0	0
0	1	0	2	0	0	0	0	0	0	0	0	0	0	0	1	0	0	0	1	0	0	0	3	0	0	0	1	2	1
0	0	0	0	0	0	0	0	0	1	0	0	0	0	3	0	0	0	0	2	0	0	0	0	0	0	7	0	0	0
0	0	0	0	0	36	0	0	0	0	0	0	0	0	25	5	0	47	0	0	0	0	0	0	0	0	0	0	0	0
0	0	0	6	0	0	15	0	1	2	0	59	0	0	0	0	0	3	0	0	0	23	0	0	2	0	0	0	0	0
0	0	0	0	0	0	0	0	0	0	0	0	0	0	0	0	0	0	0	0	0	110	0	0	0	0	0	0	0	0
0	0	2	10	0	0	2	14	0	0	1	5	0	0	3	0	0	0	9	0	0	4	59	0	0	0	0	0	0	0
0	12	0	0	0	0	1	0	0	0	0	32	0	0	0	0	0	0	0	0	0	14	0	0	0	46	0	1	9	0
0	0	0	0	0	0	4	64	2	3	15	0	0	0	0	0	0	0	0	0	0	0	0	0	0	4	0	0	0	0
0	0	0	0	0	0	0	64	0	0	0	0	0	0	0	0	0	1	1	13	1	2	0	25	0	0	0	0	5	0
0	2	3	0	37	0	0	0	0	0	0	0	0	0	0	0	28	5	0	0	0	14	0	7	0	0	7	0	11	0
102	0	0	0	0	0	0	0	0	0	0	0	0	0	0	0	0	0	0	0	0	0	0	0	0	0	0	1	0	0
0	0	0	0	7	0	0	0	0	1	0	0	0	0	7	0	0	0	0	0	0	0	0	10	0	0	0	2	81	0
0	29	32	27	7	3	4	87	0	5	20	49	0	0	1	0	0	0	71	1	777	0	4	19	4	3	0	0	8	0
0	0	9	3	11	0	11	0	11	0	0	2	10	9	5	0	1	7	31	18	943	0	0	0	43	15	0	4	30	0
0	4	82	0	48	0	7	0	0	99	221	8	5	244	15	0	0	12	327	17	0	1	0	32	6	10	2	14	6	0
39	23	9	58	48	4	48	0	5	18	0	118	14	130	22	0	0	5	187	73	0	42	0	10	17	304	0	1	18	0
1	0	34	132	3	1	7	31	61	1	25	66	271	2	5	1	18	164	0	31	0	28	0	183	0	0	2	15	127	0
0	3	80	9	7	15	2	0	3	1	0	112	108	0	56	13	52	56	0	0	0	30	0	124	3	0	135	73	451	0
0	32	46	23	12	6	0	0	0	0	0	9	13	0	0	0	3	1	85	0	1096	0	10	23	11	0	5	0	10	0
0	0	61	145	1	16	12	58	87	0	24	95	0	0	7	0	0	311	0	35	0	40	0	319	0	0	0	0	132	0
0	1	2	11	7	1	9	0	12	3	0	1	0	0	8	0	0	6	46	24	881	0	0	0	34	20	0	0	36	0
0	0	53	174	2	5	19	40	58	0	17	64	0	0	8	0	0	186	0	29	0	21	0	258	0	0	0	0	154	0
0	0	0	0	0	0	0	0	0	0	10	0	0	0	0	0	0	0	0	0	0	0	0	0	0	0	0	0	0	0
0	0	0	7	0	0	0	0	0	0	0	0	0	0	0	0	0	0	0	0	0	0	0	0	0	0	0	0	3	0
0	0	0	0	0	0	0	0	0	0	0	0	0	0	0	0	4	2	0	0	0	0	0	0	0	0	1	0	0	0
0	0	0	0	10	0	0	0	0	0	0	0	0	0	0	0	0	0	0	0	0	0	0	0	0	0	0	0	0	0
0	0	0	0	0	0	0	0	0	0	0	0	0	0	0	0	8	0	0	0	0	0	0	0	0	0	2	0	0	0
0	0	0	0	0	0	0	0	0	0	0	0	0	0	0	0	0	0	8	0	0	0	0	2	0	0	0	0	0	0
0	0	0	0	0	0	0	0	0	0	0	0	0	0	0	0	9	0	0	0	0	0	0	0	0	0	1	0	0	0
0	0	0	0	0	0	0	0	0	0	0	0	0	0	0	0	0	0	0	0	0	0	0	0	10	0	0	0	0	0
0	0	0	0	9	1	0	0	0	0	0	0	0	0	0	0	0	0	0	0	0	0	0	0	0	0	0	0	0	0
0	0	0	0	0	0	0	0	0	0	0	0	0	4	0	0	0	0	0	0	0	0	0	0	0	0	0	0	0	0
0	0	0	10	21	0	0	0	0	0	0	0	0	0	0	0	0	0	17	0	0	0	0	0	1	0	0	0	0	0
0	0	0	0	20	0	0	0	5	0	2	0	0	0	1	0	0	0	0	0	0	0	0	0	0	0	0	0	2	0
0	0	0	0	0	1	0	0	0	0	0	0	0	0	0	0	0	0	42	1	0	0	5	0	0	0	0	0	0	0
0	0	0	0	0	0	0	0	0	0	0	0	12	0	0	0	0	0	0	18	0	0	0	0	0	0	0	0	19	0
0	0	0	0	0	0	1	1	0	0	0	0	0	0	1	3	0	0	0	0	0	0	0	0	0	0	0	0	0	0
0	0	0	0	11	0	0	0	0	0	0	0	0	0	0	0	32	1	0	5	0	0	0	0	0	0	0	0	0	0
0	0	0	0	14	0	0	0	0	0	0	0	0	0	0	0	31	1	0	2	0	0	0	0	0	0	0	0	0	0
0	0	0	0	0	0	0	0	0	0	0	0	0	0	0	0	0	0	8	0	37	0	1	0	0	0	0	0	0	2
0	7	6	0	0	0	0	0	4	0	0	0	0	0	3	0	0	6	0	0	0	4	0	12	0	0	0	0	0	0
0	0	0	0	0	0	0	0	48	0	0	0	0	0	0	0	0	0	0	0	0	0	0	0	0	0	0	0	0	0
0	0	1	0	0	0	0	0	0	2	4	0	0	0	0	0	0	0	6	0	0	0	0	1	0	0	0	0	0	0
0	0	0	0	0	0	0	0	0	0	0	0	7	0	0	0	0	0	0	1	0	1	0	6	0	0	0	0	0	0
0	0	0	0	0	0	0	0	0	0	0	0	0	0	0	0	1	0	10	0	11	0	0	0	0	0	5	0	0	0
0	0	0	27	0	0	0	0	0	0	0	0	0	0	0	0	0	0	0	0	0	0	0	0	0	0	0	0	0	0
0	0	0	0	0	0	0	0	0	0	0	0	27	0	0	0	0	0	0	0	0	0	0	0	0	0	1	0	0	0
0	0	0	0	0	1	0	0	0	0	0	0	0	0	0	0	0	0	24	0	0	1	1	0	0	0	1	0	0	0
0	0	0	0	0	0	0	2	0	0	0	0	0	0	0	0	0	0	0	0	0	0	0	0	0	11	0	0	0	0
0	0	0	0	0	0	0	0	0	0	0	0	0	0	0	0	0	0	0	0	0	0	0	0	0	28	0	0	0	0
0	1	0	0	0	0	8	1	0	0	0	1	3	0	1	0	0	0	0	0	0	3	0	1	0	0	1	0	8	0
0	0	2	4	0	0	1	0	1	1	0	0	0	0	0	0	0	2	0	0	0	0	11	5	0	0	0	0	0	0
0	0	1	0	0	0	2	1	0	0	2	0	0	0	2	0	0	1	2	4	0	0	1	6	0	0	0	0	1	0
0	0	0	0	0	0	0	0	0	0	0	0	0	0	0	28	0	0	0	0	0	0	0	0	0	0	0	0	0	0
10	0	0	0	0	0	0	0	0	0	0	0	0	0	0	0	0	0	0	0	0	0	0	0	0	0	0	0	0	0
0	0	0	0	0	0	0	0	0	0	0	0	0	0	0	0	0	0	1	0	9	0	0	0	0	0	0	0	0	0
0	0	0	1	0	0	4	0	0	0	0	1	0	0	0	0	0	1	0	0	0	0	0	1	0	0	1	0	0	0
0	0	0	0	0	0	0	0	0	0	0	0	0	0	0	3	0	0	0	6	0	0	0	0	0	0	0	0	1	0
0	0	0	0	7	0	0	0	0	0	0	0	0	0	0	0	0	2	0	0	0	0	0	1	0	0	0	0	0	0
0	0	0	0	0	0	0	0	0	0	0	0	0	3	0	0	0	0	4	0	0	0	0	0	0	4	0	0	0	0
9	0	0	0	0	0	0	0	0	0	0	0	0	0	0	0	0	0	0	0	1	0	0	0	1	0	0	0	0	0
0	0	0	1	0	0	0	0	1	0	0	0	0	0	1	3	0	0	0	2	0	0	0	0	2	0	0	0	0	0
0	0	1	0	2	1	0	0	1	1	0	0	0	0	0	1	0	0	0	3	0	0	0	0	0	0	0	0	0	0
0	0	1	0	3	0	0	0	0	0	0	2	0	0	0	0	0	0	0	0	0	2	0	0	0	0	0	0	0	0
0	0	0	0	0	0	0	0	0	0	0	0	0	0	1	0	0	0	0	0	0	0	0	9	0	0	0	0	0	0
0	0	0	0	0	0	0	0	0	0	0	0	0	0	0	0	0	0	0	0	0	0	10	0	0	0	0	0	0	0
0	0	0	0	0	4	0	0	0	0	0	0	0	0	0	0	0	0	0	1	0	0	0	0	4	0	0	0	0	0
0	0	0	0	0	0	0	0	0	0	0	0	10	0	0	0	0	0	0	0	0	0	0	0	0	0	0	0	0	0
3	0	0	0	0	0	0	0	0	0	0	0	0	7	0	0	0	0	0	0	0	0	0	0	0	0	0	0	0	0
0	0	0	0	8	2	0	0	0	0	0	0	0	0	0	0	0	0	0	0	0	0	0	0	0	0	0	0	0	0
0	0	0	0	0	0	7	0	0	0	0	0	0	0	0	0	0	0	0	0	0	0	0	0	0	0	0	0	0	0
0	0	0	0	0	0	0	0	0	0	0	0	0	0	0	0	0	0	0	0	0	0	0	0	0	0	10	0	0	0
0	0	0	0	0	0	0	0	0	0	0	0	0	0	0	0	0	8	0	0	0	0	0	0	0	0	2	0	0	0
0	0	0	0	0	3	0	0	0	0	0	0	0	0	0	0	0	1	0	5	0	0	0	1	0	0	0	0	0	0
0	0	0	0	0	0	0	0	0	0	0	0	1	0	0	0	0	0	0	0	0	0	7	0	0	0	2	0	0	0
0	0	0	0	0	9	0	0	0	0	0	0	21	0	0	0	0	1	0	6	0	0	0	0	3	0	5	0	0	0
0	0	0	13	0	1	0	0	0	0	0	6	0	0	0	0	0	5	0	0	0	19	0	0	1	0	0	0	0	0
0	0	0	0	34	0	0	0	0	0	0	0	0	0	0	0	1	0	0	0	0	2	3	1	0	0	0	0	0	0
0	0	0	0	12	0	0	0	0	4	0	0	0	0	0	0	0	0	0	1	0	0	0	0	0	0	0	0	0	0
0	0	0	11	0	0	0	0	0	0	0	0	3	0	0	0	5	0	0	0	0	0	27	0	0	0	0	0	0	0
0	0	0	0	1	0	0	0	0	0	0	0	6	0	0	0	7	9	0	0	0	0	1	16	0	0	6	0	0	0
0	0	0	0	0	0	0	0	2	0	0	0	0	0	0	0	0	0	0	0	0	0	0	44	0	0	0	0	0	0
0	0	0	12	0	0	0	0	0	0	0	8	2	0	0	0	4	0	0	0	0	0	18	2	0	0	0	0	0	0
0	0	0	0	0	0	0	0	0	0	0	0	0	0	0	0	0	0	21	0	11	0	0	1	0	0	12	0	0	0
0	0	0	0	0	10	0	0	0	0	0	0	20	0	0	0	0	1	0	6	0	0	0	0	4	0	4	0	0	0
0	0	0	0	0	2	0	0	0	172	0	0	0	0	0	0	0	0	0	22	0	0	0	0	0	0	0	0	0	0
0	50	1	0	0	0	0	0	0	0	0	0	0	0	0	0	0	0	0	0	0	134	0	0	11	0	0	0	1	0
0	0	0	0	44	0	0	1	4	2	0	0	0	0	19	0	1	0	0	5	0	0	0	0	0	0	69	5	39	0
7	0	3	53	1	3	6	11	1	0	7	7	1	13	7	3	3	14	0	0	0	2	7	14	1	0	4	2	9	0
0	0	0	0	1	4	0	0	0	0	0	0	0	0	1	2	0	0	0	1	0	0	0	0	3	0	0	0	0	0
0	0	0	0	0	0	0	0	0	0	0	0	0	0	0	0	23	0	0	0	0	0	0	0	0	0	3	0	0	0
0	15	11	1	5	0	0	0	0	0	0	1	5	0	0	0	0	0	0	9	0	10	29	5	2	0	0	0	4	0
1	0	1	0	0	0	1	0	0	0	7	0	3	0	0	0	1	2	0	4	0	0	0	0	0	0	1	0	4	0
0	0	0	3	0	0	0	0	0	0	0	0	0	0	0	0	0	0	10	0	0	0	0	13	0	0	0	0	0	0
0	0	0	0	0	0	0	0	0	0	0	0	0	0	0	0	0	0	18	8	0	0	0	0	0	0	0	0	0	0
0	0	0	45	0	0	0	1	5	0	0	0	0	19	0	0	0	0	0	0	0	9	0	0	0	14	0	0	8	0
0	0	14	0	26	10	0	1	2	5	0	3	0	0	0	1	0	5	0	0	0	3	0	6	0	0	2	2	8	0
0	0	0	0	0	0	0	0	0	0	0	0	0	0	0	0	0	0	0	0	14	0	0	0	0	0	0	0	0	0
0	0	0	0	0	0	1	0	0	0	0	0	0	0	0	0	1	0	0	0	0	0	0	0	0	0	0	0	0	0
0	0	0	0	0	0	0	0	0	0	0	0	0	0	0	0	0	0	0	0	14	0	0	0	0	0	0	0	0	0
0	0	0	0	0	0	0	0	0	0	0	0	1	0	0	0	0	0	4	9	0	0	0	0	0	0	0	0	0	0
0	0	0	0	0	0	0	0	0	0	0	0	0	0	0	0	0	0	0	0	0	0	14	0	0	0	0	0	0	0
0	0	0	0	0	0	1	0	0	0	0	1	0	0	0	0	0	2	0	0	0	0	0	9	0	0	0	0	0	0
0	0	0	0	0	0	0	0	0	0	0	0	0	0	0	0	0	0	12	0	0	0	0	2	0	0	0	0	0	0
0	7	0	0	0	0	0	0	0	0	0	0	0	0	0	0	0	0	0	0	0	0	0	0	7	0	0	0	0	0
0	5	0	0	0	0	0	0	0	0	0	0	0	0	0	0	0	0	0	0	0	0	9	0	0	0	0	0	0	0
0	0	0	0	0	7	0	0	0	0	0	0	0	0	0	0	1	2	0	3	0	0	0	1	0	0	0	0	0	0
0	0	0	0	0	0	0	22	0	0	6	0	0	0	0	0	0	0	0	0	0	0	0	0	0	0	0	0	0	0
0	0	0	0	0	0	0	0	0	0	0	0	0	0	0	29	0	0	0	0	0	0	0	0	0	0	0	0	0	0
3	0	0	0	0	0	0	0	0	0	0	0	0	0	1	0	0	0	17	0	0	0	0	2	0	3	0	0	0	0
0	0	0	0	0	0	0	0	0	0	0	0	0	0	0	0	0	0	0	0	0	0	29	0	0	0	0	0	0	0
0	0	0	0	5	0	0	0	0	0	0	0	0	0	0	0	0	0	0	2	0	0	20	1	0	0	0	0	1	0
0	0	0	0	0	0	0	0	0	0	0	0	0	0	0	0	0	0	19	0	0	0	2	0	0	0	0	0	8	0
0	0	0	0	0	0	1	0	0	0	8	0	0	0	0	0	0	0	0	9	0	0	0	0	0	0	0	0	10	0
0	0	0	1	0	24	0	0	0	0	0	0	0	0	0	1	0	0	0	1	0	0	0	0	0	0	0	0	0	0
0	0	0	1	1	1	0	0	0	0	0	1	0	0	0	0	10	2	0	5	0	1	0	6	0	0	1	0	0	0
0	0	0	0	0	0	0	0	0	0	0	0	0	0	0	0	0	0	0	0	0	0	28	0	0	0	0	0	0	0
0	0	0	0	1	0	0	0	0	2	0	0	0	0	2	1	0	0	0	1	0	0	0	0	0	1	0	0	0	0
0	0	0	0	0	0	1	5	0	0	0	0	0	0	3	0	0	0	0	0	0	0	0	0	1	0	0	0	0	0
0	0	0	0	4	2	0	0	0	0	0	0	0	0	2	0	0	0	0	1	0	0	0	0	0	0	0	0	0	0
0	0	0	0	0	0	4	0	0	0	0	0	0	0	0	0	0	4	0	0	0	0	0	0	0	0	0	0	0	0
0	0	0	0	0	0	0	0	0	0	0	0	4	0	0	0	3	0	0	0	0	0	0	0	0	0	3	0	0	0
0	0	0	0	1	0	0	0	0	0	2	0	0	0	0	0	0	0	3	3	0	0	1	0	0	0	0	0	0	0
0	0	0	0	0	0	0	0	0	0	0	0	0	0	0	0	1	0	0	0	0	0	0	1	0	0	0	0	0	8
16	4	0	1	0	0	0	0	0	0	0	0	0	0	0	0	0	0	18	0	0	0	0	3	0	0	0	0	0	0
0	0	0	0	0	0	0	0	0	0	0	0	0	0	0	1	0	0	0	0	0	0	0	0	0	0	0	0	0	0
0	0	2	1	0	0	1	0	0	0	0	2	0	0	0	0	0	0	23	0	0	1	0	1	1	9	0	0	0	0
0	0	0	0	1	0	0	0	0	0	0	0	0	0	0	0	9	3	0	12	0	0	2	10	0	0	4	0	1	0
0	1	4	9	2	2	0	0	0	0	0	10	1	0	0	0	0	5	0	1	0	2	1	2	0	0	0	0	3	0
0	0	10	0	0	0	0	0	0	0	0	33	0	0	0	0	0	0	0	0	0	0	0	0	0	0	0	0	0	0
29	0	0	0	0	0	0	0	0	0	0	0	0	0	0	0	0	0	0	0	0	0	0	0	0	0	0	0	0	0
0	0	0	0	3	1	0	0	0	0	0	0	7	0	0	0	16	3	0	0	0	0	2	10	0	0	1	0	0	0
0	0	0	0	0	0	0	0	0	20	0	0	0	0	0	0	0	0	0	0	0	0	0	0	0	0	0	0	0	0
0	0	0	0	0	0	0	0	0	0	0	0	0	0	0	0	0	0	0	0	0	0	0	0	0	0	20	0	0	0
0	0	0	0	0	0	2	0	0	0	0	0	0	0	0	0	0	0	7	0	0	0	0	0	0	0	0	0	0	0
0	0	0	0	0	0	0	0	0	0	0	0	0	0	0	0	25	0	0	0	0	0	0	0	0	0	0	0	0	0
0	0	0	0	0	0	0	0	0	0	0	0	1	0	0	0	0	0	11	11	0	0	0	2	0	0	0	0	0	0
0	0	0	0	0	21	0	0	0	0	0	0	0	0	0	0	0	0	0	4	0	0	0	0	0	0	0	0	0	0
18	0	0	0	0	0	0	0	0	0	0	0	0	5	0	0	0	0	0	0	0	0	0	0	0	0	0	2	0	0
0	0	0	0	0	0	0	0	0	0	0	0	0	0	0	0	0	0	0	0	25	0	0	0	0	0	0	0	0	0
0	0	0	0	0	1	0	0	0	0	0	0	0	0	0	0	2	1	0	0	0	0	21	0	0	0	0	0	0	0
0	0	0	0	0	0	0	0	0	0	0	0	0	0	0	0	0	0	0	0	0	24	0	0	0	0	0	0	0	0
0	0	0	0	0	0	0	0	0	0	0	0	0	0	0	0	0	0	6	18	0	0	0	1	0	0	0	0	0	0
0	0	0	1	16	0	0	0	0	0	0	0	0	0	2	0	0	0	0	1	2	0	0	0	0	0	0	0	1	0
0	0	0	0	0	0	0	0	0	0	0	0	0	0	0	0	0	0	0	0	0	0	0	24	0	0	0	0	0	0
0	0	0	0	0	0	0	0	0	0	0	0	0	0	0	0	0	0	2	0	0	0	5	0	0	0	0	0	1	5
0	0	0	0	0	0	0	0	0	0	0	0	0	0	0	0	0	0	0	0	0	0	0	0	0	10	0	0	0	0
0	0	0	0	0	0	0	0	0	0	0	0	3	0	0	0	6	0	0	0	0	0	0	0	0	0	1	0	0	0
0	0	0	0	9	0	0	0	0	0	0	0	0	0	0	0	0	0	0	0	0	0	0	0	0	0	0	0	0	0
0	0	0	1	0	0	0	0	1	0	0	0	0	0	1	1	0	0	0	0	0	0	0	0	0	0	0	2	0	0
0	0	0	0	0	0	0	0	0	0	0	0	10	0	0	0	0	0	0	0	0	0	0	0	0	0	0	0	0	0
0	0	0	1	0	0	0	0	0	0	0	0	0	0	0	0	1	0	0	0	0	0	0	8	0	0	0	0	0	0
0	0	0	0	0	0	0	0	0	0	0	0	0	0	1	0	0	0	0	0	0	0	0	0	0	7	0	0	0	0
0	0	0	0	0	0	0	0	1	0	0	1	0	3	1	0	0	0	1	0	0	0	0	0	0	2	0	1	0	0
0	1	0	0	0	0	0	0	0	0	9	0	0	0	0	0	0	0	0	0	0	0	0	0	0	0	0	0	0	0
0	0	0	0	0	5	0	0	0	0	0	0	0	0	1	1	0	0	0	3	0	0	0	0	0	0	0	0	0	0
0	0	0	0	0	0	0	0	0	0	0	0	0	0	0	0	0	0	3	17	1	1	0	10	0	0	0	0	8	0
0	0	0	0	28	0	1	0	0	0	0	0	0	0	0	1	0	0	0	0	0	3	2	1	0	0	0	0	0	0
0	0	0	0	0	0	0	0	0	0	0	0	40	0	0	0	0	0	0	0	0	0	0	0	0	0	0	0	0	0
0	9	0	0	1	2	6	0	0	0	0	6	0	0	0	1	0	1	0	0	0	4	7	2	0	0	0	0	0	0
0	0	1	0	0	0	0	4	0	0	0	0	0	3	0	0	0	0	0	0	0	0	0	30	0	2	0	0	0	0
11	0	0	0	0	28	0	0	0	0	0	0	0	0	0	0	0	0	0	0	0	0	0	0	0	0	0	0	0	0
0	0	0	1	0	0	0	0	0	0	0	0	0	0	0	0	0	0	36	1	0	0	1	1	0	0	0	0	0	0
0	0	0	1	0	0	0	0	0	0	0	0	0	0	0	2	0	0	0	1	0	0	0	0	2	0	0	0	0	0
0	2	0	0	0	0	0	0	0	0	0	0	0	0	0	0	0	0	27	0	0	0	0	5	1	4	0	0	0	0
0	0	0	0	0	0	0	0	0	0	0	0	40	0	0	0	0	0	0	0	0	0	0	0	0	0	0	0	0	0
0	0	0	0	0	0	0	0	0	0	0	0	0	0	0	0	0	0	0	0	0	12	0	0	0	0	0	0	0	0
0	0	1	11	0	0	0	0	0	0	0	0	0	0	0	0	0	0	0	0	0	0	0	0	0	0	0	0	0	0
0	0	0	0	12	0	0	0	0	0	0	0	0	0	0	0	0	0	0	0	0	0	0	0	0	0	0	0	0	0
0	0	0	0	0	0	0	0	0	0	0	0	0	0	0	0	0	0	0	12	0	0	0	0	0	0	0	0	0	0
0	0	0	0	0	0	0	0	0	0	0	0	11	0	0	0	1	0	0	0	0	0	0	0	0	0	0	0	0	0
0	0	0	0	0	0	0	0	0	0	0	0	4	0	0	0	1	0	0	0	0	0	6	0	0	0	0	0	0	0
0	0	0	0	0	0	1	8	0	0	1	0	0	0	1	0	0	0	0	0	0	0	0	0	0	0	0	0	0	0
0	12	0	0	0	0	0	0	0	0	0	0	0	0	0	0	0	0	0	0	0	0	0	0	0	0	0	0	0	0
0	0	0	0	0	0	0	0	0	0	0	0	0	0	0	0	12	0	0	0	0	0	0	0	0	0	0	0	0	0
0	0	0	0	0	0	0	0	0	0	0	0	0	0	0	0	0	0	0	0	0	12	0	0	0	0	0	0	0	0
0	0	0	49	0	0	0	0	0	0	0	0	0	0	0	0	0	0	0	0	0	0	0	0	0	3	0	0	0	0
0	0	0	14	7	0	0	0	0	0	0	0	1	0	0	0	6	0	0	3	0	0	14	5	0	0	0	0	2	0
0	0	0	0	30	0	0	0	0	0	0	0	0	0	0	0	0	0	0	0	0	0	0	23	0	0	0	0	0	0
0	0	0	0	0	16	0	0	0	0	0	0	19	0	0	0	4	1	0	4	0	0	0	0	0	0	8	0	0	0
0	0	9	13	0	1	0	0	0	0	0	0	0	0	0	0	0	0	10	11	0	0	5	0	0	0	0	0	4	0
0	0	0	0	21	0	0	0	0	0	0	0	0	0	0	0	25	1	0	6	0	0	0	0	0	0	0	0	0	0
0	0	0	0	0	0	0	0	0	0	0	0	0	0	0	1	0	0	0	0	0	0	0	0	0	0	0	0	0	0
0	0	0	0	0	0	6	6	8	0	7	0	0	0	0	0	0	0	0	0	0	0	0	0	0	11	0	0	0	11
0	1	0	1	0	0	15	1	0	0	1	0	1	1	1	0	2	0	0	0	0	13	0	5	0	0	0	0	8	0
0	0	0	0	0	0	0	0	0	0	0	0	0	0	0	1	0	0	0	0	0	0	0	0	0	0	0	0	0	0
0	0	0	0	0	2	0	0	0	141	0	0	0	0	0	0	0	0	0	25	0	0	0	0	0	0	0	0	0	0
28	0	0	0	0	0	0	0	0	0	0	0	0	118	0	0	0	0	0	0	0	0	0	0	0	0	0	5	0	0
0	0	0	0	0	0	0	0	0	0	0	0	0	0	0	0	0	0	0	0	26	0	0	0	0	0	0	0	0	0
1	0	1	3	1	0	1	0	1	0	1	3	2	0	2	0	0	1	0	0	0	0	0	1	0	0	0	0	0	0
0	0	0	1	0	0	10	0	2	4	0	52	0	88	0	0	0	4	0	0	0	10	0	0	0	0	0	3	0	0
0	0	2	0	32	1	6	78	2	0	0	5	0	0	3	0	0	2	0	0	0	11	0	6	0	0	0	0	19	0
0	6	1	3	4	2	0	0	0	0	0	0	2	0	0	0	3	0	0	0	0	2	2	1	0	0	0	0	0	0
0	0	0	0	0	1	0	0	0	173	0	0	0	0	0	1	0	1	0	0	0	0	0	0	0	0	0	0	0	0
0	0	0	0	0	54	0	1	0	0	0	0	0	0	19	4	0	95	0	0	0	0	0	0	0	0	0	0	0	0
0	0	0	0	0	0	0	26	0	0	0	0	0	0	0	0	0	0	0	0	0	0	0	0	0	0	0	0	0	0
0	0	0	11	0	2	4	0	0	0	0	7	0	0	0	0	0	0	0	2	0	1	20	5	0	13	0	0	1	109
0	0	0	16	77	2	0	0	1	0	0	0	0	0	0	0	0	0	73	0	0	0	0	0	4	0	0	0	0	0
0	0	0	0	0	0	0	0	0	0	0	13	0	0	0	0	0	0	0	0	0	0	0	0	0	0	0	0	0	0
0	0	0	2	0	0	0	0	0	0	0	0	0	0	0	0	0	0	0	1	0	0	0	0	4	0	0	0	0	0
0	1	0	0	0	0	0	0	0	0	11	0	0	0	0	0	0	0	0	0	0	0	0	0	0	0	0	0	0	0
0	0	92	0	0	0	0	0	7	0	0	0	0	0	0	0	0	3	0	0	0	0	0	0	0	0	0	2	1	0
0	0	0	0	0	3	0	0	0	0	0	0	0	0	0	0	2	1	0	0	0	0	19	0	0	0	1	0	0	0
0	0	0	0	0	0	0	0	0	0	0	0	0	0	0	0	0	0	23	0	0	0	0	3	0	0	0	0	0	0
0	0	0	0	43	30	3	0	0	4	0	0	8	2	0	9	4	18	0	32	0	0	0	0	0	0	10	4	6	0
0	0	0	0	0	3	0	0	0	0	0	0	0	0	0	0	0	0	0	6	0	0	0	0	2	0	0	1	14	0
0	0	0	0	0	0	0	0	0	0	0	0	0	0	0	1	0	0	0	0	0	0	0	0	0	0	0	0	0	0
0	0	0	0	0	1	0	0	0	143	0	0	0	0	0	0	0	0	0	27	0	0	0	0	0	0	0	0	0	0
0	0	0	0	0	0	0	0	0	0	1	0	0	0	0	0	5	1	0	3	0	4	0	0	0	0	0	0	1	0
0	0	0	0	0	0	0	0	0	0	0	0	15	0	0	0	0	0	0	0	0	0	0	0	0	0	0	0	0	0
0	0	0	0	0	0	0	0	0	0	0	0	0	0	0	0	15	0	0	0	0	0	0	0	0	0	0	0	0	0
0	0	0	0	1	0	0	0	0	0	0	0	0	0	0	0	0	0	14	0	0	0	0	0	0	0	0	0	0	0
0	0	3	0	0	0	1	0	0	0	0	0	0	0	0	0	0	0	0	0	0	11	0	0	0	0	0	0	0	0
0	0	0	0	0	0	0	0	0	0	0	14	0	0	0	0	0	0	0	0	0	0	0	1	0	0	0	0	0	0
0	0	0	0	0	0	0	0	0	0	0	0	0	0	0	0	0	0	0	0	0	0	0	15	0	0	0	0	0	0
41	0	0	17	0	0	4	0	1	1	0	15	7	2	5	0	0	8	0	1	0	0	0	34	1	35	0	1	0	0
0	0	0	11	0	1	3	0	0	0	0	6	0	0	0	0	0	0	0	2	0	0	26	2	1	9	0	0	4	146
0	0	0	0	196	0	0	0	0	0	0	0	0	0	8	0	0	1	0	0	0	0	0	5	0	0	1	0	0	0
0	4	5	0	0	1	9	2	3	0	6	28	0	0	0	0	0	0	32	0	0	8	66	16	0	15	0	0	0	15
0	0	0	0	0	172	0	1	0	0	0	0	0	0	0	13	0	0	0	24	0	0	0	0	0	0	0	0	0	0
0	0	0	0	0	187	0	1	0	0	0	0	0	0	0	0	0	0	0	18	0	0	0	0	0	0	0	0	0	0
0	8	6	0	8	0	7	3	3	0	17	0	0	0	10	0	0	0	60	1	0	2	0	37	1	24	0	0	2	0
5	4	2	4	0	0	4	0	0	0	0	1	0	1	1	0	1	1	0	2	156	2	3	12	0	1	0	1	0	0
0	0	0	106	0	0	0	0	14	0	8	0	0	0	0	0	0	1	0	0	0	0	0	59	0	12	0	0	0	0
0	0	0	2	54	1	0	0	0	0	0	0	12	0	0	0	27	5	0	55	0	0	0	15	0	0	14	0	13	0
0	0	0	0	0	0	0	0	0	285	0	0	0	0	0	2	0	0	0	0	0	0	0	0	0	0	0	0	0	0
4	0	9	59	6	0	3	32	4	0	13	7	1	24	16	3	6	18	0	0	0	6	7	33	0	0	7	2	11	1
0	0	0	91	14	0	0	0	0	0	0	0	21	0	0	0	6	8	0	0	0	0	9	44	0	0	2	0	76	0
0	0	0	2	68	1	0	0	0	0	0	0	18	0	0	0	34	12	0	63	0	0	0	35	0	0	21	0	17	0
0	0	0	0	0	282	0	1	0	0	0	0	0	0	0	0	0	0	0	11	0	0	0	0	0	0	0	0	0	0
2	0	0	0	0	0	0	0	0	0	0	0	0	1	0	0	0	0	0	0	0	0	0	0	0	0	0	296	0	0
0	0	0	0	31	75	0	0	0	0	0	0	0	0	41	39	0	1	0	15	0	0	0	0	49	0	7	0	0	0
0	0	0	0	45	68	1	0	0	0	0	0	0	0	38	43	0	4	0	21	0	0	0	0	45	0	0	0	0	0
0	0	0	0	47	46	1	0	0	0	0	0	0	0	33	29	0	5	0	13	0	0	0	0	58	0	5	0	0	0
0	0	0	0	6	1	0	0	0	0	0	0	0	0	42	0	7	0	0	0	0	0	0	0	0	0	164	0	45	0
0	1	0	0	0	0	0	0	0	0	0	0	0	0	0	0	0	0	4	0	0	0	0	4	0	0	0	0	0	0
2	0	0	0	0	0	0	0	0	0	0	0	0	0	0	0	0	0	4	0	0	0	0	5	0	0	0	0	0	0
0	0	0	0	0	0	0	0	0	0	0	0	0	0	0	0	0	0	0	0	0	0	11	0	0	0	0	0	0	0
0	0	0	0	0	0	0	0	3	4	0	0	0	2	2	0	0	0	0	0	0	0	0	0	0	0	0	0	0	0
11	0	0	0	0	0	0	0	0	0	0	0	0	0	0	0	0	0	0	0	0	0	0	0	0	0	0	0	0	0
0	0	0	0	0	1	0	0	0	0	0	0	0	0	0	9	0	0	0	0	0	0	0	0	0	0	0	0	0	0
0	0	0	0	2	0	0	0	1	0	0	0	0	0	0	0	1	0	0	0	0	0	0	0	0	0	0	0	7	0
0	10	0	0	0	0	0	0	0	0	0	0	0	1	0	0	0	0	0	0	0	0	0	0	0	0	0	0	0	0
0	0	1	2	0	0	0	0	0	0	2	0	0	0	0	0	0	0	3	0	0	0	1	0	2	0	0	0	0	0
0	0	0	0	1	2	0	0	0	0	0	0	0	0	0	0	1	2	0	0	0	0	0	3	0	0	2	0	0	0
0	0	0	5	3	0	0	0	0	0	0	0	1	0	0	0	0	4	0	1	0	0	2	10	0	0	1	0	4	0
0	0	0	0	23	0	0	0	0	0	0	0	0	0	0	0	1	0	0	0	0	0	0	0	0	0	0	0	8	0
0	0	0	0	32	0	0	0	0	0	0	0	0	0	0	0	0	0	0	0	0	0	0	0	0	0	0	0	0	0
0	0	0	0	0	0	0	0	33	0	0	0	0	0	0	0	0	0	0	0	0	0	0	0	0	0	0	0	0	0
4	0	0	0	0	0	0	0	0	0	0	0	0	2	0	0	0	0	20	0	0	0	0	1	0	4	0	0	0	0
0	0	0	0	0	28	0	0	0	0	0	0	0	0	0	0	0	0	0	4	0	0	0	0	0	0	0	0	0	0
0	0	0	0	15	2	0	0	0	0	0	0	0	0	0	0	0	0	8	0	0	0	7	0	0	0	0	0	0	0
0	0	0	0	0	28	1	0	0	0	0	0	0	0	0	0	0	0	0	3	0	0	0	0	0	0	0	0	0	0
0	0	0	0	0	4	2	0	0	0	0	0	0	0	0	0	0	0	0	0	0	1	0	24	0	0	0	0	0	0
0	0	1	1	1	0	0	0	0	0	0	1	2	0	0	0	2	3	0	1	10	3	0	0	0	0	2	0	5	0
0	0	0	0	0	0	0	0	0	0	0	0	0	0	0	0	0	0	18	0	0	0	0	0	0	0	0	0	0	0
0	0	0	0	0	0	0	0	0	0	0	0	0	0	0	0	14	0	0	0	0	0	0	0	0	0	5	0	0	0
0	0	0	14	0	1	0	0	0	0	0	0	0	0	0	0	0	0	0	0	0	0	0	0	0	0	0	0	0	0
0	0	0	0	9	1	0	0	0	0	0	0	0	0	0	0	0	0	0	6	0	0	0	0	0	0	0	0	0	0
0	1	0	0	0	0	0	0	1	0	0	0	0	0	0	0	0	0	0	0	0	0	0	0	14	0	0	0	0	0
0	0	0	0	0	0	0	14	0	0	0	0	0	0	0	0	0	0	0	0	0	0	0	0	0	0	0	0	1	1
0	3	1	0	0	0	0	2	0	0	0	3	0	0	1	0	0	0	0	0	0	4	0	0	1	0	0	0	0	0
0	0	0	0	0	0	0	0	0	0	0	0	0	0	0	0	15	0	0	0	0	0	0	0	0	0	0	0	0	0
0	0	3	0	1	0	0	0	0	0	0	0	0	0	0	0	0	0	8	0	0	0	0	0	0	2	0	0	0	0
0	0	0	0	0	0	0	0	0	0	0	0	0	0	0	0	0	0	0	0	0	0	0	57	0	0	0	0	0	0
0	0	0	0	0	0	0	0	0	0	0	0	0	0	0	0	0	0	0	0	0	0	0	0	0	0	0	9	0	0
0	0	0	0	0	0	7	0	0	0	0	0	0	0	0	0	6	2	0	0	0	0	0	0	0	0	1	0	12	0
0	0	0	0	48	0	0	0	0	0	0	0	0	0	0	0	0	0	0	0	0	3	5	0	0	0	0	0	0	0
0	0	0	0	0	0	11	2	4	0	19	0	0	0	2	0	0	0	0	0	0	0	0	0	0	8	0	0	0	0
0	7	7	0	0	0	0	0	6	0	0	0	12	0	4	0	0	1	0	0	0	5	0	6	0	0	0	1	0	0
0	0	8	0	0	0	0	0	0	0	0	0	9	0	0	0	0	0	0	22	0	0	0	0	0	0	0	0	21	0
0	0	0	0	0	0	0	0	0	0	0	0	0	0	0	0	0	0	0	0	0	0	0	0	0	0	59	0	0	0
0	0	0	0	0	0	0	0	1	0	0	0	0	1	0	0	0	0	0	0	0	0	0	0	0	0	0	12	0	0
0	0	0	0	0	0	0	0	0	0	0	0	0	0	0	0	23	0	0	0	0	0	0	0	0	0	0	0	0	0
0	0	0	0	0	0	0	0	0	0	23	0	0	0	0	0	0	0	0	0	0	0	0	0	0	0	0	0	0	0
0	0	0	0	4	19	0	0	0	0	0	0	0	0	0	0	0	0	0	0	0	0	0	0	0	0	0	0	0	0
0	0	0	0	1	1	0	12	0	0	0	0	0	0	0	0	0	0	0	0	0	5	0	0	0	0	0	0	2	0
0	0	0	0	0	0	0	23	0	0	0	0	0	0	0	0	0	0	0	0	0	1	0	0	0	0	0	0	0	0
0	0	0	1	17	0	0	0	0	0	0	0	0	0	0	0	0	0	0	0	1	0	0	0	0	1	0	0	2	0
0	0	0	0	0	0	0	0	1	2	0	0	0	11	0	0	0	0	0	0	0	0	0	1	0	1	0	0	0	0
0	0	0	0	0	0	0	0	0	0	0	0	0	0	0	0	24	0	0	0	0	0	0	0	0	0	0	0	0	0
0	0	0	0	0	0	1	0	0	0	0	0	0	0	0	0	0	0	2	0	0	0	4	1	1	0	0	0	0	13
0	0	1	0	0	0	0	0	0	0	0	0	0	2	1	0	0	0	14	0	0	0	0	1	0	3	0	0	0	0
0	0	1	0	0	1	0	0	0	0	0	0	21	0	0	0	0	18	0	31	0	0	46	0	0	0	0	0	13	0
23	4	5	0	0	0	1	0	0	0	0	0	0	0	0	7	0	0	0	0	0	2	13	49	0	0	0	0	0	0
4	0	0	0	0	0	0	0	0	0	0	0	0	0	0	0	0	0	0	0	128	0	0	0	0	0	0	0	0	0
0	0	0	16	32	4	0	0	0	0	0	0	0	0	0	0	0	0	77	0	0	0	0	0	3	0	0	0	0	0
0	34	0	0	0	0	0	0	0	0	0	0	0	0	0	0	0	0	0	0	0	90	0	0	6	0	0	0	0	0
1	0	22	0	17	14	0	1	1	7	1	8	1	0	1	1	0	8	0	0	0	1	0	9	0	0	2	0	5	0
0	0	5	0	0	0	24	0	0	0	0	0	0	0	0	0	0	4	0	0	0	5	0	0	0	0	0	0	36	0
4	0	0	0	0	0	3	0	0	0	0	0	0	0	0	0	0	0	0	0	0	0	0	0	0	16	0	0	0	111
0	0	0	0	0	0	0	0	2	0	0	0	0	0	0	0	0	0	0	0	0	0	0	0	0	0	9	0	3	0
0	0	2	0	1	0	0	0	0	2	6	21	0	0	4	0	0	9	0	31	0	0	29	0	2	0	0	0	9	0
0	39	0	0	0	0	0	0	0	0	0	0	0	0	0	0	0	0	0	0	0	73	0	0	13	0	0	0	1	0
0	0	0	0	0	0	0	0	0	0	0	0	0	0	0	0	0	0	14	0	0	0	0	0	0	0	0	0	0	0
0	0	0	0	0	0	0	0	0	0	0	0	0	0	0	0	0	0	11	0	0	0	0	0	0	0	0	0	0	0
0	0	0	1	0	10	0	0	0	0	0	0	0	0	0	0	0	0	0	0	0	0	0	0	0	0	0	0	0	0
0	0	0	0	0	0	0	0	0	0	0	0	0	0	0	0	0	0	0	0	11	0	0	0	0	0	0	0	0	0
0	0	1	0	0	0	0	0	0	2	1	0	0	4	0	0	0	0	2	0	0	0	0	0	0	1	0	0	0	0
0	0	0	0	0	0	0	0	0	0	0	1	1	0	0	0	0	1	0	0	0	0	0	7	0	0	1	0	0	0
0	0	0	0	0	0	0	0	0	0	7	0	0	0	0	0	0	0	1	0	0	0	2	0	0	0	0	0	0	0
0	0	0	0	0	0	0	0	0	0	0	0	0	0	0	0	11	0	0	0	0	0	0	0	0	0	0	0	0	0
0	0	1	0	0	0	0	0	0	0	0	0	10	0	0	0	0	0	0	0	0	0	0	0	0	0	0	0	0	0
0	0	0	0	7	0	1	0	0	0	0	0	0	0	0	0	0	0	0	0	0	1	0	0	0	0	0	0	0	2
0	0	0	0	0	0	1	0	0	0	0	0	0	7	0	0	0	0	3	0	0	0	0	0	0	0	0	0	0	0
1	0	0	0	0	0	0	0	6	0	1	0	0	0	2	0	0	0	0	0	0	0	0	0	0	0	0	2	0	5
0	0	0	0	0	0	0	0	0	0	0	0	0	0	0	0	0	0	0	0	33	0	0	0	0	0	0	0	0	0
0	0	0	13	14	0	0	0	0	0	0	0	0	0	0	0	0	0	6	0	0	0	0	0	0	0	0	0	0	0
0	0	0	33	0	0	0	0	0	0	0	0	0	0	0	0	0	0	0	0	0	0	0	0	0	0	0	0	0	0
0	0	0	0	0	0	0	0	0	0	33	0	0	0	0	0	0	0	0	0	0	0	0	0	0	0	0	0	0	0
0	0	0	0	0	0	2	1	0	0	1	0	0	0	2	0	0	0	0	0	0	0	0	0	0	0	0	0	0	0
0	0	0	0	0	0	0	0	0	0	0	0	0	0	0	0	0	0	22	0	0	0	0	7	0	5	0	0	0	0
0	0	1	0	0	0	1	0	0	3	0	1	0	6	1	0	0	0	11	0	0	0	0	1	0	2	0	1	0	0
0	3	0	0	0	0	0	5	0	0	0	0	0	0	0	0	0	0	17	0	0	0	0	8	0	0	0	0	0	0
0	0	0	0	0	0	0	0	0	0	0	0	0	23	0	0	0	0	0	0	0	0	0	0	0	0	0	1	0	0
0	0	0	0	0	0	0	0	0	0	0	0	0	0	0	0	0	0	0	0	14	0	0	0	0	0	0	0	0	0
14	0	0	0	0	0	0	0	0	0	0	0	0	0	0	0	0	0	0	0	0	0	0	0	0	0	0	0	0	0
0	0	0	0	0	31	0	0	0	0	0	0	0	0	12	11	0	0	0	2	0	0	0	0	0	0	0	0	0	0
0	0	9	0	0	0	0	0	0	10	0	4	0	0	0	0	0	24	0	0	0	1	0	1	0	0	0	0	2	0
0	4	5	17	2	0	0	0	0	0	0	0	0	0	0	0	10	1	0	3	0	2	10	4	0	0	0	0	0	0
0	0	0	0	43	0	0	0	0	0	0	0	0	0	0	0	3	0	0	0	0	0	0	0	0	0	0	0	12	0
0	0	0	0	0	0	0	0	10	0	2	0	0	0	7	0	0	0	0	0	0	0	0	0	0	0	0	0	0	9
0	2	1	11	2	0	0	0	1	0	0	0	0	0	0	2	0	6	0	12	0	4	0	10	3	0	0	0	0	0
0	0	0	0	0	0	0	0	0	0	0	0	0	0	0	0	0	0	11	0	46	0	0	0	0	0	0	0	0	0
0	0	0	1	1	0	0	8	1	0	0	0	2	0	0	0	1	0	15	0	111	0	1	0	0	0	6	0	1	0
0	0	0	0	53	11	1	0	0	6	0	0	12	0	0	10	2	10	0	25	0	0	0	0	0	0	5	4	5	0
0	0	0	0	0	0	0	0	0	0	0	0	0	0	0	0	0	0	0	0	0	0	0	0	0	0	0	95	0	0
0	0	0	22	52	3	0	0	0	0	0	0	0	0	0	0	0	0	66	0	0	0	0	0	4	0	3	0	0	0
0	0	0	118	0	0	0	0	0	0	0	0	0	0	0	0	0	0	0	0	0	0	0	32	0	0	0	0	0	0
0	0	125	0	0	0	0	0	14	0	0	0	0	0	0	0	0	5	0	0	0	0	0	0	0	1	0	0	4	0
0	2	5	0	2	0	4	0	2	0	7	0	2	19	2	0	1	0	40	3	0	3	0	32	2	4	0	0	0	0
0	0	1	54	1	0	9	0	1	0	4	2	0	0	1	0	0	3	0	0	0	1	9	19	0	0	0	0	47	0
0	3	12	15	15	0	0	5	0	3	14	4	0	0	0	0	1	7	1	20	0	0	27	11	0	0	2	1	8	0
0	0	1	0	0	0	25	0	0	0	0	0	0	0	0	1	9	6	0	0	0	2	0	0	0	0	2	0	36	0
0	0	0	0	0	0	0	0	0	0	0	0	0	0	0	0	1	1	0	0	0	0	0	9	0	0	1	0	2	0
0	0	0	0	11	0	0	0	0	0	0	0	0	0	0	0	0	0	0	0	0	0	0	0	0	0	0	0	0	0
0	0	0	1	1	0	0	0	0	0	0	0	0	0	0	0	0	0	0	0	0	0	5	1	0	0	1	0	2	0
0	0	0	0	0	0	0	0	0	0	0	0	0	0	0	0	0	0	0	11	0	0	0	0	0	0	0	0	0	0
3	1	0	0	0	0	0	0	0	0	0	0	0	0	0	0	0	0	6	0	0	0	0	1	0	0	0	0	0	0
0	0	0	5	0	0	1	0	0	0	0	0	0	0	0	0	0	0	0	0	0	0	1	2	0	0	0	0	0	0
0	0	0	0	0	0	0	0	0	0	0	0	0	0	0	0	0	0	11	0	0	0	0	0	0	0	0	0	0	0
0	1	1	0	0	0	0	0	0	0	6	0	0	0	0	0	0	0	3	0	0	0	0	0	0	0	0	0	0	0
0	0	0	0	0	0	1	0	0	0	0	0	0	0	0	1	0	0	0	0	0	0	0	0	0	6	0	0	0	0
0	0	0	0	0	0	0	0	0	0	0	0	0	0	0	0	4	0	5	0	2	0	0	0	0	0	0	0	0	0
0	0	0	0	0	0	0	0	0	0	0	0	0	0	0	0	0	0	4	0	0	0	0	3	0	3	0	1	0	0
0	0	0	0	0	0	0	0	0	0	0	0	0	0	0	0	0	0	0	0	0	0	0	13	0	0	0	0	0	0
0	0	0	0	9	0	0	0	0	0	0	0	0	0	0	0	1	0	0	3	0	0	0	0	0	0	0	0	0	0
0	0	0	0	0	0	0	0	0	2	0	0	0	7	1	1	0	0	0	0	0	0	0	0	0	0	0	0	0	0
0	0	1	1	0	0	0	0	0	0	0	1	2	2	0	0	0	0	0	0	0	0	0	0	0	2	0	0	0	2
0	0	0	0	0	0	0	0	0	0	0	0	0	0	0	0	13	0	0	0	0	0	0	0	0	0	0	0	0	0
0	0	0	0	0	0	0	0	0	0	0	0	0	0	0	0	0	0	34	0	0	0	0	1	0	0	0	0	0	0
0	0	0	0	0	0	0	0	0	0	0	0	0	0	0	0	0	0	0	0	0	0	35	0	0	0	0	0	0	0
0	0	0	0	1	1	0	0	0	0	30	0	0	0	0	0	0	1	0	0	0	1	0	0	0	0	0	0	0	0
0	0	0	0	0	0	0	0	0	0	0	0	0	0	0	0	0	0	0	35	0	0	0	0	0	0	0	0	0	0
3	0	1	0	0	0	0	0	0	0	0	0	1	13	0	0	0	0	10	0	0	0	0	0	0	7	0	0	0	0
36	0	0	0	0	0	0	0	0	0	0	0	0	0	0	0	0	0	0	0	0	0	0	0	0	0	0	0	0	0
0	0	3	0	1	0	1	0	0	0	7	0	0	0	1	0	0	6	0	2	0	0	0	1	0	0	0	0	0	0
0	0	1	12	5	0	3	0	0	0	0	1	0	0	0	0	0	0	0	2	0	0	7	4	0	0	0	0	1	0
0	0	0	0	18	1	0	0	0	3	0	0	0	0	0	0	0	2	0	11	0	0	0	0	0	0	0	0	0	0
0	0	1	0	2	3	1	20	0	0	0	0	0	0	0	0	0	1	0	0	0	2	0	0	0	0	0	0	1	0
0	0	0	0	0	0	0	0	0	0	0	0	0	0	3	0	0	0	0	0	0	0	0	0	0	0	0	0	12	0
0	0	0	0	0	0	0	0	0	0	0	0	0	0	0	2	0	13	0	0	0	0	0	0	0	0	0	0	0	0
0	0	0	0	0	0	0	0	0	0	0	0	0	0	0	0	0	0	0	0	0	0	15	0	0	0	0	0	0	0
0	0	0	0	0	0	0	0	0	0	0	0	15	0	0	0	0	0	0	0	0	0	0	0	0	0	0	0	0	0
0	0	0	0	0	0	0	0	0	0	0	15	0	0	0	0	0	0	0	0	0	0	0	0	0	0	0	0	0	0
0	0	0	0	0	0	0	0	0	0	0	0	0	0	0	1	0	0	0	14	0	0	0	0	0	0	0	0	0	0
0	0	0	0	2	0	0	0	0	0	0	0	1	0	0	0	0	0	0	38	0	0	9	18	0	0	0	0	4	0
0	0	0	0	72	0	0	0	0	0	0	0	0	0	0	0	0	0	0	0	0	0	0	0	0	0	0	0	0	0
0	0	0	0	0	0	0	0	0	0	0	0	0	0	0	0	0	0	0	0	69	0	4	0	0	0	0	0	0	0
0	0	0	0	0	0	0	0	0	0	0	0	0	0	6	0	15	0	0	0	0	0	0	0	0	0	32	0	0	0
0	0	0	0	56	0	0	0	0	10	0	0	0	0	0	0	5	0	0	0	0	0	0	0	0	0	0	0	0	0
0	0	0	0	0	0	0	0	0	0	0	0	0	0	0	0	0	70	0	0	0	0	0	0	0	0	3	0	0	0
37	0	0	0	0	0	0	0	0	0	0	0	0	24	0	0	0	0	0	0	0	0	0	0	0	0	0	7	0	0
0	0	0	0	0	0	0	0	0	0	0	0	0	0	0	0	16	0	0	0	0	0	0	0	0	0	0	0	0	0
0	0	0	0	0	0	0	0	0	0	0	0	0	0	0	0	0	0	16	0	0	0	0	0	0	0	0	0	0	0
1	0	0	6	0	0	1	0	0	0	0	1	0	0	1	0	0	0	0	2	0	0	0	0	0	0	0	0	0	0
0	0	0	0	0	0	0	0	0	0	0	0	0	0	0	0	0	0	16	0	0	0	0	0	0	0	0	0	0	0
0	0	0	0	0	0	0	0	0	0	0	0	0	0	0	0	12	0	0	0	0	0	0	0	0	0	5	0	0	0
0	16	0	0	0	0	0	0	0	0	0	0	0	0	0	0	0	0	0	0	0	0	0	0	0	0	0	0	0	0
0	0	3	0	0	0	0	0	0	4	0	0	0	0	0	0	0	0	0	0	0	0	0	0	0	2	0	7	0	0
0	0	0	0	0	0	0	0	17	0	0	0	0	0	0	0	0	0	0	0	0	0	0	0	0	0	0	0	0	0
0	0	0	0	0	0	0	0	0	0	0	0	0	0	0	0	1	0	7	0	7	0	0	0	0	0	1	0	0	0
0	0	0	0	1	4	0	0	0	0	0	0	0	0	0	5	0	0	0	1	0	0	0	0	4	0	0	0	0	0
0	0	0	0	2	3	0	0	0	0	0	0	0	0	1	3	0	0	0	0	0	0	0	0	2	0	0	0	0	0
0	0	0	0	0	0	0	0	0	0	0	1	1	0	0	0	0	0	0	0	0	0	0	9	0	0	0	0	0	0
0	2	0	0	0	0	0	0	0	0	0	0	0	0	0	0	0	0	0	0	0	0	2	0	0	0	0	0	0	0
0	4	0	0	0	0	0	0	0	0	0	0	0	0	0	0	0	0	0	0	0	0	3	0	3	0	0	0	0	0
11	0	0	0	0	0	0	0	0	0	0	0	0	0	0	0	0	0	0	0	0	0	0	0	0	0	0	0	0	0
0	0	0	0	0	0	0	0	0	0	0	0	0	0	1	0	0	0	7	0	0	0	0	3	0	0	0	0	0	0
0	0	0	1	0	0	0	0	0	0	0	0	1	0	1	0	0	0	0	0	0	0	0	4	0	0	0	1	0	1
0	0	1	2	3	0	0	0	0	0	0	0	0	0	0	0	0	0	0	4	0	0	1	0	0	0	0	0	0	0
0	0	0	0	0	7	1	0	0	0	0	0	0	0	0	0	0	0	0	0	0	0	0	0	0	0	0	0	0	0
0	0	0	0	0	0	0	0	0	0	0	0	0	0	0	0	0	11	0	0	0	0	0	0	0	0	0	0	0	0
0	0	0	2	0	0	0	0	0	1	2	0	0	0	0	0	0	0	0	7	3	0	0	0	0	0	0	0	0	0
0	15	0	0	0	0	0	0	0	0	0	0	0	0	0	0	0	0	0	0	0	0	0	0	0	0	0	0	0	0
0	0	0	0	0	0	0	0	0	0	0	15	0	0	0	0	0	0	0	0	0	0	0	0	0	0	0	0	0	0
0	0	0	0	0	0	0	0	0	0	0	0	0	30	0	0	0	0	0	0	0	0	0	0	0	0	0	2	0	0
0	0	0	0	0	0	0	0	0	0	0	0	0	0	0	0	0	0	27	0	8	0	0	1	0	1	0	0	0	0
0	0	0	0	2	1	0	0	0	0	17	0	0	0	0	0	7	7	0	0	0	0	0	0	0	0	2	0	0	0
0	0	4	0	1	0	0	0	0	0	0	0	3	0	0	0	8	0	0	0	0	11	1	9	0	0	1	0	0	0
0	0	0	8	0	0	0	0	0	0	0	4	3	0	0	0	5	0	0	0	0	0	18	0	0	0	0	0	0	0
0	0	0	0	3	0	0	0	0	0	0	0	0	0	0	0	0	1	0	0	0	1	32	1	0	0	0	0	0	0
0	0	0	1	1	2	0	0	0	0	0	0	6	0	0	0	3	2	0	0	0	0	1	17	0	0	4	0	0	0
0	0	3	0	0	0	0	0	1	0	0	33	0	0	0	0	0	0	0	0	0	0	0	0	0	0	0	0	0	0
0	0	0	0	0	0	0	0	0	0	0	0	4	0	0	0	0	0	0	0	0	0	0	33	0	0	0	0	0	0
0	0	0	2	3	0	0	2	1	0	4	0	0	0	0	0	0	1	2	5	0	1	2	3	1	0	0	0	7	2
0	0	0	0	1	0	0	0	0	0	0	0	0	0	0	0	1	1	0	9	0	0	1	2	0	0	0	0	4	0
0	0	0	0	0	0	0	0	0	0	0	0	0	0	0	0	0	0	0	0	0	0	18	0	0	0	0	0	0	0
2	0	0	0	0	0	0	2	0	0	0	0	1	0	0	0	0	0	0	0	61	0	0	0	0	0	0	0	0	0
0	0	0	0	0	0	0	0	0	0	0	0	0	0	0	0	0	0	0	0	61	0	4	0	0	0	0	0	0	0
0	0	0	0	30	3	2	0	0	0	0	3	0	0	0	0	2	1	0	0	0	0	0	16	1	0	1	0	0	0
0	0	0	12	5	4	1	0	0	0	0	0	0	0	1	1	0	7	0	4	0	1	5	17	0	0	0	0	1	0
0	0	24	0	9	3	0	0	3	11	0	0	0	0	0	0	0	6	0	0	0	2	0	1	0	0	0	0	3	0
0	0	0	0	0	0	0	0	0	0	0	0	0	0	0	0	67	0	0	0	0	0	0	0	0	0	0	0	0	0
0	0	0	19	0	0	0	0	0	0	0	0	0	0	0	0	0	6	0	0	0	0	0	0	0	0	0	0	41	0
0	0	0	0	0	0	0	0	0	0	0	0	0	0	2	0	0	0	0	0	0	0	56	0	0	0	0	0	0	8
0	1	0	9	0	2	1	0	1	0	2	1	0	0	5	0	3	8	1	13	0	0	2	4	0	0	0	1	3	1
0	0	0	0	0	0	0	0	0	0	0	0	0	0	0	0	0	0	0	0	62	0	2	0	0	0	0	0	0	0
0	0	1	0	0	0	17	0	0	0	0	0	0	0	0	0	5	6	0	0	0	0	0	0	0	0	2	0	26	0
1	0	0	0	0	0	0	2	0	0	1	0	1	0	1	0	2	0	10	0	89	3	0	1	0	1	2	0	0	0
0	0	0	0	0	0	0	0	0	0	0	0	0	0	0	0	5	0	0	0	0	0	0	0	0	0	115	0	0	0
0	2	5	12	21	1	0	2	0	4	13	6	2	0	0	0	0	7	1	10	0	0	22	7	0	0	0	0	4	0
1	0	0	1	2	0	0	2	0	0	1	1	1	0	0	0	3	0	12	0	88	0	1	2	0	0	1	1	1	1
0	0	0	70	0	0	0	1	1	0	0	0	7	11	0	0	0	0	0	0	0	10	0	0	0	17	0	0	1	0
0	18	0	0	0	0	12	3	0	0	0	0	0	0	0	0	0	0	0	0	0	16	0	0	0	57	0	0	13	0
0	2	0	0	0	0	0	117	0	0	0	0	0	0	0	0	0	0	0	0	0	0	0	0	0	0	0	0	0	0
0	21	0	0	46	2	0	0	0	0	0	0	0	0	1	0	0	4	0	2	0	0	3	17	0	0	0	0	1	0
0	0	0	54	0	1	0	0	0	0	0	0	0	0	0	0	12	0	0	0	0	0	0	0	0	0	0	0	50	0
0	0	0	0	0	0	0	0	0	0	0	0	0	0	0	0	7	0	0	0	0	0	0	0	0	0	68	0	0	0
0	0	0	0	75	0	0	0	0	0	0	0	0	0	0	0	0	0	0	0	0	0	0	0	0	0	0	0	0	0
0	0	0	0	63	0	1	0	0	0	0	0	0	0	0	0	0	0	0	0	0	0	0	0	0	0	5	0	7	0
0	0	0	1	46	5	0	0	0	0	0	0	0	0	0	0	4	4	0	3	0	0	2	11	0	0	0	0	2	0
0	1	0	10	0	0	4	0	1	0	2	5	0	1	7	2	1	7	1	17	0	0	1	2	0	0	1	0	5	2
0	0	0	0	0	0	0	0	0	51	0	2	0	0	0	1	0	0	0	25	0	0	0	0	0	0	0	0	0	0
0	22	0	0	0	0	0	0	0	0	0	0	0	0	0	0	0	0	0	0	0	46	0	0	3	0	0	5	0	0
0	0	0	0	38	7	1	0	0	0	0	0	0	0	1	0	0	4	0	1	0	0	2	4	0	0	0	0	0	0
0	2	1	9	0	7	1	0	0	0	7	15	1	0	0	0	0	10	0	1	0	1	3	1	0	0	0	0	0	7
0	1	0	0	2	0	0	0	0	0	3	0	0	0	2	0	0	0	0	23	0	0	1	5	0	12	0	1	5	1
0	0	0	0	0	0	0	22	0	0	0	0	0	0	0	0	0	0	0	0	0	0	0	0	0	0	0	0	0	0
0	0	0	1	0	0	0	0	0	0	0	21	0	0	0	0	0	0	0	0	0	0	0	0	0	0	0	0	0	0
0	0	1	2	3	0	7	0	0	0	0	1	0	0	0	0	0	0	0	3	0	0	0	1	0	0	0	0	0	0
0	0	0	0	0	0	0	0	0	0	0	0	4	0	0	0	0	0	0	0	0	0	0	14	4	0	0	0	0	0
0	0	0	0	0	0	0	7	0	0	1	0	0	0	2	0	0	0	0	0	0	0	0	0	0	1	0	0	0	2
0	0	0	0	0	0	0	0	0	0	0	0	0	0	0	0	0	0	0	21	0	0	0	0	0	0	1	0	0	0
0	0	0	0	2	0	1	0	0	0	1	0	0	0	0	0	0	0	0	0	0	1	17	0	0	0	0	0	0	0
0	0	0	0	2	1	4	0	0	0	0	0	0	0	0	1	2	0	5	1	0	1	0	3	0	0	0	0	0	2
0	0	0	0	4	0	0	0	0	0	0	0	0	0	3	0	0	2	0	0	0	0	5	7	0	0	0	0	0	0
0	0	0	0	0	0	12	0	0	5	0	0	0	0	5	0	0	0	0	0	0	0	0	0	0	0	0	0	0	0
2	1	0	0	0	0	0	0	0	0	0	0	0	0	0	0	0	0	7	0	0	0	0	0	1	3	0	0	0	0
0	0	0	0	0	0	0	0	0	17	0	0	0	0	0	0	0	0	0	0	0	0	0	0	0	0	0	0	0	0
0	0	0	0	0	8	0	0	0	0	0	0	0	0	0	5	1	0	0	0	0	0	0	0	0	0	0	0	0	0
0	0	0	4	0	0	0	0	0	0	0	0	0	0	0	0	0	0	0	3	0	0	0	0	1	0	0	0	0	0
0	0	0	0	0	0	0	0	16	0	0	0	0	0	0	0	0	0	0	0	0	0	0	0	0	0	0	0	0	0
0	0	0	0	0	0	0	0	0	0	0	0	15	0	0	0	2	0	0	0	0	0	0	0	0	0	0	0	0	0
0	0	0	0	0	0	0	0	0	0	0	0	0	0	0	0	0	0	0	0	0	0	16	0	0	0	0	0	1	0
0	0	0	0	0	0	0	0	0	0	0	0	0	0	0	0	0	0	0	0	17	0	0	0	0	0	0	0	0	0
0	0	0	0	1	0	0	0	0	0	0	0	0	0	2	0	0	0	0	0	0	0	0	0	0	0	0	0	14	0
0	0	0	0	0	0	0	0	0	0	0	0	0	0	0	0	17	0	0	0	0	0	0	0	0	0	0	0	0	0
0	0	0	0	0	0	0	0	0	0	0	0	0	0	0	0	0	0	8	0	0	0	0	0	0	2	0	0	0	1
0	0	0	0	0	0	7	0	0	3	0	0	0	0	1	0	0	0	0	0	0	0	0	0	0	0	0	1	0	0
0	0	0	0	0	0	0	0	0	0	0	0	0	0	0	0	0	0	0	0	0	0	12	0	0	0	0	0	0	0
0	0	0	0	12	0	0	0	0	0	0	0	0	0	0	0	0	0	0	0	0	0	0	0	0	0	0	0	0	0
0	0	0	0	12	0	0	0	0	0	0	0	0	0	0	0	0	0	0	0	0	0	0	0	0	0	0	0	0	0
0	0	0	0	4	0	0	0	0	0	0	0	0	0	0	0	0	0	0	0	0	0	5	3	0	0	0	0	0	0
2	1	0	0	0	0	0	1	0	0	0	0	1	1	0	0	0	0	5	0	0	0	0	0	0	0	0	0	0	0
0	3	0	0	0	0	0	0	0	0	0	0	0	9	0	0	0	0	0	0	0	0	0	0	0	0	0	0	0	0
10	0	0	0	0	0	0	0	0	0	0	0	0	0	0	0	0	0	0	0	0	0	0	0	0	0	0	0	0	0
0	0	0	0	4	0	1	0	0	0	0	0	0	0	0	0	0	0	3	0	0	0	0	0	0	0	2	0	0	2
0	0	0	0	11	1	0	0	0	0	0	0	8	0	0	0	15	2	0	0	0	12	0	0	3	0	7	0	16	0
0	0	0	0	0	0	0	0	10	0	3	0	0	0	12	0	0	0	0	0	0	0	0	0	0	0	0	0	0	9
0	0	0	0	0	0	0	0	0	0	0	0	0	81	0	0	0	0	0	0	0	0	0	0	0	0	0	3	0	0
0	0	0	0	0	60	0	0	0	0	0	0	0	0	14	9	0	0	0	1	0	0	0	0	0	0	0	0	0	0
0	0	0	5	9	5	1	0	4	0	0	4	0	0	0	0	0	8	0	5	0	4	6	18	1	0	0	0	6	0
0	0	0	0	0	0	0	0	0	0	0	0	0	76	0	0	0	0	0	0	0	0	0	0	0	0	0	8	0	0
0	0	0	42	0	0	0	0	0	0	2	0	0	0	0	0	0	0	0	0	0	0	0	0	0	0	0	0	38	0
0	0	24	0	5	4	0	0	3	16	0	2	0	0	0	0	0	8	0	0	0	4	0	8	0	0	0	1	3	0
49	0	0	0	0	0	0	0	0	0	0	0	0	25	0	0	0	0	0	0	0	0	0	0	0	0	0	4	0	0
0	11	0	0	1	0	1	0	0	0	0	7	0	0	0	0	0	0	0	0	0	1	3	1	0	0	0	0	0	0
0	0	2	7	0	0	0	1	0	0	1	0	0	0	0	0	0	2	0	0	0	0	7	5	0	0	0	0	0	0
0	0	0	0	0	0	0	0	0	0	0	0	0	0	0	0	0	39	0	0	0	0	0	0	0	0	0	0	0	0
0	0	4	0	1	0	0	0	0	0	0	0	7	0	0	0	0	0	0	19	0	0	0	0	0	0	0	0	8	0
0	6	0	0	0	1	0	0	0	0	0	0	4	0	0	0	0	0	2	5	0	0	0	6	8	0	2	0	6	0
0	0	0	0	12	0	3	6	0	0	0	0	0	0	2	0	0	5	0	1	0	3	1	3	2	0	0	0	0	0
0	0	0	0	0	0	0	0	0	0	0	0	8	0	0	0	0	0	1	7	0	0	0	17	0	0	2	0	5	0
0	0	0	0	0	0	0	0	0	0	0	0	0	0	0	0	0	0	0	0	40	0	0	0	0	0	0	0	0	0
0	0	0	0	0	0	0	0	0	0	0	0	0	0	0	0	0	0	0	0	0	0	0	38	0	0	0	0	0	0
0	0	0	0	4	0	0	0	0	0	0	0	0	1	0	0	6	5	0	0	0	8	0	0	3	0	0	0	10	0
0	0	0	11	0	0	0	0	0	0	0	0	5	0	0	0	0	3	0	13	0	0	7	0	0	0	0	0	0	0
0	0	0	0	6	0	0	0	0	0	0	0	0	0	0	0	0	0	0	0	0	0	32	0	0	0	0	0	1	0
0	0	0	3	1	0	0	0	0	0	0	0	0	0	0	0	0	0	0	0	0	0	16	0	0	0	0	0	1	0
0	0	0	0	7	0	5	0	0	0	0	0	0	0	0	0	0	0	7	0	0	0	0	0	0	0	0	0	0	2
0	0	0	0	0	0	0	0	0	0	0	0	0	0	0	0	0	0	16	5	0	0	0	0	0	0	0	0	0	0
0	0	0	0	0	0	0	0	0	0	0	0	0	0	0	0	0	0	0	0	21	0	0	0	0	0	0	0	0	0
0	0	0	0	0	0	0	10	0	0	0	0	0	10	1	0	0	0	0	0	0	0	0	0	0	0	0	0	0	0
0	0	0	0	2	8	0	0	0	0	0	0	0	0	1	4	0	0	0	1	0	0	0	0	2	0	1	0	0	0
2	0	0	1	0	0	0	0	0	0	0	0	0	0	0	0	0	1	7	1	0	0	0	3	0	4	0	0	0	0
0	0	0	0	0	0	0	0	0	0	0	0	0	0	0	2	0	19	0	0	0	0	0	0	0	0	0	0	0	0
0	0	1	0	0	0	0	0	0	0	0	0	0	0	0	0	0	0	0	0	0	0	0	0	0	20	0	0	0	0
0	0	0	0	0	1	0	10	0	0	0	0	1	0	0	0	1	0	0	0	0	0	0	0	0	0	2	0	1	1
0	0	0	3	0	0	0	0	0	1	2	0	0	0	0	0	0	2	0	0	0	0	6	2	1	0	0	0	0	0
0	0	0	0	0	0	0	0	0	0	0	0	0	0	0	0	0	0	0	0	17	0	0	0	0	0	0	0	0	0
0	2	0	0	0	0	0	0	0	0	0	0	0	0	0	0	0	0	9	0	0	0	0	4	0	1	0	0	0	0
0	0	0	0	0	0	0	0	0	0	0	0	0	0	0	0	17	0	0	0	0	0	0	0	0	0	0	0	0	0
0	0	0	0	0	0	0	0	0	0	0	0	0	0	0	0	0	0	0	17	0	0	0	0	0	0	0	0	0	0
8	0	0	0	0	9	0	0	0	0	0	0	0	0	0	0	0	0	0	0	0	0	0	0	0	0	0	0	0	0
0	0	0	0	0	0	0	0	0	0	0	0	0	0	0	0	0	0	17	0	0	0	0	0	0	0	0	0	0	0
0	0	1	0	0	0	0	0	0	3	0	0	0	0	0	2	0	0	0	0	0	0	0	0	0	4	0	7	0	0
16	0	0	0	0	0	0	0	0	0	0	0	0	0	0	0	0	0	0	0	0	0	0	0	0	0	0	0	0	0
0	0	0	0	0	0	0	0	0	0	17	0	0	0	0	0	0	0	0	0	0	0	0	0	0	0	0	0	0	0
81	231	148	589	31	218	348	3	39	4	0	16	231	50	51	22	38	271	0	159	0	79	16	682	16	1	90	70	317	81
96	176	108	380	14	226	336	5	37	2	0	233	146	100	67	18	37	352	0	124	0	67	19	529	14	2	67	56	236	88
62	182	103	513	24	145	267	3	28	0	0	264	194	77	58	9	39	152	0	119	0	60	14	456	13	2	86	73	251	74
0	0	29	203	548	285	1	2	412	91	0	0	0	0	269	425	0	4	0	545	0	0	0	0	351	1	0	0	28	0
0	0	44	208	593	503	0	0	0	0	0	0	0	0	0	0	1	0	0	574	0	0	0	0	419	0	100	0	37	0
0	26	138	0	102	0	29	0	5	224	451	1	30	305	25	0	0	28	811	23	1	2	0	76	13	19	5	17	20	0
0	1	1	0	0	0	0	1	0	0	1	0	0	0	0	0	0	0	8	0	0	0	0	0	0	2	0	0	0	0
1	0	0	0	0	0	0	0	0	0	0	0	0	1	0	0	0	0	8	0	0	0	0	1	0	3	0	0	0	0
0	0	0	0	0	0	0	0	0	0	0	0	0	0	0	0	0	0	0	0	0	0	0	0	0	0	0	0	0	4
0	0	0	0	0	0	0	0	0	0	0	0	0	0	0	0	11	0	0	0	0	0	0	0	0	0	4	0	0	0
0	0	0	0	8	0	6	0	0	0	0	0	0	0	0	0	0	0	0	7	0	0	0	0	0	0	0	0	0	0
0	0	0	5	1	3	0	0	0	0	0	0	0	0	0	0	0	0	0	1	0	0	0	0	2	0	0	0	0	0
0	0	0	0	0	0	0	0	0	0	0	0	0	0	0	0	0	0	0	0	0	0	0	0	0	0	0	0	0	12
0	6	0	0	0	0	0	0	0	0	0	0	0	0	0	0	0	0	0	0	0	0	7	0	0	0	0	0	0	0
0	0	0	0	0	0	0	0	0	0	0	0	0	0	0	13	0	0	0	0	0	0	0	0	0	0	0	0	0	0
0	0	0	0	0	0	3	0	0	0	5	0	0	0	0	0	0	0	0	0	0	0	0	0	0	0	0	0	0	0
0	4	4	0	1	0	3	0	0	0	0	0	0	0	0	0	0	0	0	0	0	0	0	0	0	0	0	0	0	0
0	0	0	0	0	0	0	0	0	0	0	0	0	0	0	0	0	0	0	0	0	0	0	0	0	0	0	0	0	3
0	0	0	0	0	0	0	0	0	0	0	0	0	0	0	0	0	0	13	0	0	0	0	0	0	0	0	0	0	0
0	0	0	0	7	0	0	0	0	0	0	0	0	0	0	0	1	0	1	2	0	0	2	0	0	0	0	0	0	0
0	0	0	0	0	1	0	0	0	0	0	0	2	0	0	0	1	1	0	1	0	0	0	7	0	0	0	0	0	0
0	0	0	56	0	0	0	2	6	0	0	0	2	11	0	0	0	0	0	0	0	4	0	0	0	5	0	0	3	0
17	4	6	0	0	0	0	0	0	0	0	0	0	1	0	4	0	0	0	0	0	5	13	21	0	0	0	0	1	0
0	2	5	13	7	0	0	2	0	2	10	10	0	0	0	0	2	6	0	13	0	0	14	1	1	0	1	0	2	0
3	15	0	0	39	1	0	0	0	0	0	1	0	0	3	0	2	2	0	2	0	0	3	5	0	0	0	0	0	0
1	3	1	7	0	1	4	0	0	0	3	2	2	0	10	0	2	12	3	13	0	0	0	3	0	0	0	0	6	4
0	5	0	11	1	0	1	1	2	0	5	0	2	0	10	2	2	5	3	14	0	0	4	5	0	0	0	0	5	4
1	0	1	1	0	0	0	0	1	0	1	1	0	0	0	1	2	2	2	2	67	1	0	0	2	0	2	0	0	1
0	0	0	0	27	10	0	0	0	0	0	0	9	9	0	0	3	9	0	15	0	0	0	0	0	0	4	3	2	0
0	0	0	0	7	1	3	0	0	0	0	0	0	0	4	0	0	0	0	0	0	0	0	4	0	0	0	3	66	0
0	0	0	36	0	1	0	0	0	0	6	0	0	0	0	0	0	0	0	0	0	0	0	0	0	0	0	0	45	0
0	0	0	0	0	0	9	0	1	0	0	0	0	0	0	0	0	0	289	2	0	0	0	0	0	0	0	0	0	0
8	2	1	5	4	1	7	0	0	0	0	2	0	0	0	0	0	3	0	1	239	1	4	15	0	1	0	0	1	0
0	0	4	1	0	37	0	0	0	0	0	4	23	0	0	0	182	5	0	36	0	3	0	5	0	0	51	0	0	0
196	0	0	11	0	0	3	0	0	0	0	4	2	1	0	0	1	0	0	0	0	1	16	0	0	3	0	0	8	77
0	0	0	0	0	300	0	0	0	0	0	0	0	0	0	10	0	0	0	30	0	0	0	0	0	0	0	0	0	0
0	0	0	0	0	284	0	1	0	0	0	0	0	0	0	18	0	0	0	24	0	0	0	0	0	0	0	0	0	0
0	0	0	0	0	312	0	0	0	0	0	0	0	0	0	0	2	0	0	7	0	0	0	0	0	0	1	0	0	0
0	0	6	0	0	57	0	0	0	0	0	3	9	0	0	0	154	6	0	36	0	4	0	7	3	0	29	0	0	0
0	0	1	14	0	2	16	0	3	0	0	6	0	0	2	0	0	12	0	1	0	0	0	73	5	129	0	0	0	0
0	1	0	0	10	17	0	0	0	0	0	0	0	10	0	1	31	29	0	85	0	0	0	0	0	0	10	3	98	0
0	0	0	0	0	0	0	0	0	44	0	26	0	0	0	1	0	0	0	10	0	0	0	0	0	0	0	0	0	0
0	0	0	0	0	0	0	0	0	0	0	0	0	0	0	0	4	1	0	0	0	0	0	0	0	0	0	0	0	0
5	0	0	0	0	0	0	0	0	0	0	0	0	14	0	0	0	0	0	0	0	0	0	0	0	0	0	0	0	0
0	0	0	0	0	0	0	0	0	0	0	0	0	0	0	0	0	0	0	0	21	0	0	0	0	0	0	0	0	0
0	0	0	0	0	1	0	0	0	0	0	0	1	0	0	0	0	3	0	0	0	0	0	15	0	0	1	0	0	0
0	0	0	0	0	0	0	0	0	0	0	0	0	0	0	0	21	0	0	0	0	0	0	0	0	0	0	0	0	0
0	0	0	0	0	0	0	0	0	0	0	0	0	0	0	0	0	10	0	7	0	0	1	3	0	0	0	0	0	0
0	0	0	0	0	0	1	0	0	0	0	0	0	0	0	0	0	0	17	0	0	0	0	3	0	0	0	0	0	0
0	0	0	0	0	0	1	5	1	0	1	0	0	0	1	0	0	0	0	0	0	0	0	0	0	1	0	0	0	1
0	0	0	0	0	1	0	0	0	0	0	0	0	0	0	0	0	0	0	4	0	0	0	0	2	0	1	0	11	0
0	0	0	0	0	0	0	0	0	0	0	0	0	0	0	0	0	0	20	0	0	0	0	0	0	0	0	0	0	0
0	0	0	0	0	0	0	0	0	0	0	0	0	0	0	0	0	0	17	0	0	0	0	1	0	0	0	0	0	0
0	0	0	0	0	18	0	0	0	0	0	0	0	0	0	0	0	0	0	0	0	0	0	0	0	0	0	0	0	0
0	0	0	0	18	0	0	0	0	0	0	0	0	0	0	0	0	0	0	0	0	0	0	0	0	0	0	0	0	0
0	1	1	1	0	0	1	0	0	1	3	1	0	0	0	0	0	0	0	1	0	1	0	4	0	0	0	0	1	0
0	0	0	0	0	0	0	0	0	0	0	0	0	0	0	0	0	0	0	0	18	0	0	0	0	0	0	0	0	0
18	0	0	0	0	0	0	0	0	0	0	0	0	0	0	0	0	0	0	0	0	0	0	0	0	0	0	0	0	0
18	0	0	0	0	0	0	0	0	0	0	0	0	0	0	0	0	0	0	0	0	0	0	0	0	0	0	0	0	0
1	0	0	3	0	0	5	0	0	0	0	0	0	0	1	0	2	2	0	0	0	0	0	2	0	0	0	0	0	0
0	0	0	0	0	0	0	0	0	0	0	0	0	0	0	0	18	0	0	0	0	0	0	0	0	0	0	0	0	0
0	0	0	0	0	9	0	0	0	0	0	0	0	0	2	4	0	0	0	0	0	0	0	0	1	0	1	0	0	0
0	0	0	0	0	0	0	0	0	0	0	0	0	0	0	13	0	0	0	0	0	0	0	0	0	0	0	0	0	0
0	0	0	0	1	0	0	0	0	0	0	0	0	0	2	0	0	0	0	0	0	0	0	0	0	0	0	0	10	0
0	0	0	1	0	0	1	0	0	0	0	0	0	0	0	0	3	0	0	0	0	0	0	0	0	0	0	0	0	0
0	2	0	0	0	0	0	0	0	0	11	0	0	0	0	0	0	0	0	0	0	0	0	0	0	0	0	0	0	0
0	0	5	0	2	0	0	24	0	0	12	0	0	0	0	0	0	0	0	0	0	1	0	0	21	0	0	0	29	0
2	0	5	0	1	0	0	18	0	0	6	0	34	0	0	0	0	0	0	0	0	0	0	0	13	0	0	0	7	0
0	0	2	0	0	0	0	0	1	0	0	0	1	0	0	0	0	0	0	0	0	0	0	0	0	0	6	0	2	0
0	0	0	0	0	0	0	0	0	0	0	0	0	0	0	1	0	0	0	0	0	0	0	0	0	0	0	0	0	1
0	0	1	6	0	2	0	0	0	0	0	0	0	0	0	0	0	0	26	1	0	4	55	0	0	0	1	0	0	0
0	0	0	0	0	0	0	0	0	0	0	14	0	0	0	0	0	82	0	0	0	0	0	0	0	0	0	0	0	0
0	0	0	0	0	0	0	0	0	0	0	0	4	0	0	0	82	0	0	0	0	0	0	0	0	0	10	0	0	0
0	0	0	0	0	0	0	0	0	0	0	0	0	67	0	0	0	0	0	0	0	0	0	0	0	0	0	8	0	0
0	0	0	0	0	0	4	78	0	0	0	0	0	0	3	1	0	0	0	0	0	0	0	0	0	0	0	0	0	0
0	1	0	0	0	0	0	0	0	0	0	0	0	0	0	0	0	0	0	0	0	96	0	0	0	0	0	0	0	0
0	0	15	0	21	24	0	0	1	9	1	0	0	0	0	0	0	4	0	0	0	1	0	8	2	0	0	0	4	0
0	0	0	0	0	1	0	0	0	0	0	0	0	0	0	0	0	0	11	0	0	0	0	0	0	0	0	0	0	0
0	0	0	0	0	9	0	0	0	0	0	0	0	0	0	0	0	1	0	5	0	0	0	0	3	0	0	2	11	0
0	0	4	0	2	0	1	0	0	1	2	0	0	0	0	0	0	0	17	0	0	0	0	0	1	3	0	0	0	0
0	0	0	0	1	0	0	0	0	0	0	0	2	0	0	0	6	3	1	6	0	0	2	7	0	0	2	0	1	0
0	0	0	31	0	0	0	0	0	0	0	0	0	0	0	0	0	0	0	0	0	0	0	0	0	0	0	0	0	0
0	0	0	0	0	0	0	0	0	0	0	0	0	27	0	0	0	0	0	0	0	0	0	0	0	0	0	3	0	0
3	0	0	2	1	1	0	2	0	0	1	1	0	0	0	0	1	0	0	7	0	0	1	3	0	1	0	0	0	0
0	0	0	0	0	0	0	0	0	0	0	0	0	0	0	3	0	26	0	0	0	0	0	1	0	0	0	0	0	0
0	0	0	0	0	0	0	0	0	30	0	0	0	0	0	0	0	0	0	0	0	0	0	0	0	0	0	0	0	0
0	0	0	0	0	0	0	0	0	0	0	0	0	0	0	0	0	0	0	0	30	0	0	0	0	0	0	0	0	0
0	0	3	0	1	0	0	0	0	0	0	0	0	0	0	0	5	1	5	2	0	2	1	7	0	0	2	0	1	0
0	0	11	0	0	2	25	0	2	0	0	0	0	0	11	0	0	0	222	0	0	24	0	58	17	49	0	0	0	0
0	0	6	0	0	0	9	0	3	0	0	0	25	109	3	0	0	0	158	0	0	15	0	25	6	27	0	9	0	0
0	0	0	0	0	0	0	0	0	0	0	0	0	0	0	0	0	0	448	9	0	0	0	0	0	0	0	0	0	0
0	10	3	2	2	0	1	39	0	43	0	1	3	23	2	0	0	1	0	7	0	9	5	1	3	2	0	3	6	256
0	0	0	0	0	0	0	0	0	0	0	0	425	0	0	0	33	0	0	0	0	0	0	0	0	0	7	0	0	0
0	355	6	1	0	0	11	0	0	9	0	6	0	0	3	0	0	6	0	0	0	65	0	0	0	0	0	0	0	0
0	0	0	0	0	0	1	47	0	19	0	0	0	0	1	0	0	0	0	0	0	0	0	0	0	1	0	0	0	384
0	0	6	0	0	1	0	0	0	0	0	0	45	0	0	0	0	0	326	0	0	30	0	56	12	0	0	0	0	0
0	435	5	0	0	0	1	0	0	0	0	0	0	0	0	0	0	0	0	0	0	60	0	0	2	0	0	0	0	0
0	0	2	3	16	4	0	0	0	0	0	0	3	0	0	0	6	0	0	10	0	3	396	13	4	0	18	0	23	0
0	0	2	0	0	0	0	0	0	0	0	0	5	0	0	0	1	0	0	0	0	0	8	0	0	0	0	0	0	0
0	0	0	0	0	0	0	0	0	0	0	0	0	7	0	0	0	0	12	0	0	0	0	0	0	0	0	0	0	0
0	0	0	0	0	0	0	0	0	0	0	0	0	0	0	0	0	0	0	0	0	0	20	0	0	0	0	0	0	0
0	0	0	0	14	0	0	0	0	0	0	0	0	0	0	1	0	0	0	3	0	0	0	0	0	0	2	0	0	0
0	0	0	0	0	0	0	0	0	0	0	0	0	0	0	0	0	0	0	0	0	0	2	17	0	0	0	0	0	0
0	0	0	0	0	0	0	0	0	0	0	0	0	0	0	0	20	0	0	0	0	0	0	0	0	0	0	0	0	0
0	0	1	0	0	0	0	0	0	1	2	0	2	12	0	0	0	0	2	0	0	0	0	0	0	0	0	0	0	0
4	0	0	0	0	0	0	0	0	0	0	0	0	0	0	0	0	0	0	0	0	0	0	0	0	0	0	0	0	0
0	0	0	0	0	3	1	0	0	0	0	0	0	0	0	0	0	0	0	0	0	0	0	11	0	0	0	0	0	0
0	0	0	0	0	0	11	0	0	4	0	0	0	2	0	0	0	0	0	0	0	0	0	0	0	0	0	0	0	0
0	0	0	5	0	0	0	0	0	0	0	0	4	0	0	0	0	0	0	0	0	1	0	7	0	0	1	0	0	0
0	0	0	0	0	0	0	0	0	0	0	0	0	0	0	0	0	0	1	17	0	0	0	0	0	0	0	0	0	0
0	0	0	3	0	0	0	0	0	0	0	4	0	0	1	0	0	0	2	6	0	0	1	0	1	0	0	0	0	0
0	0	0	0	4	0	0	0	0	0	0	0	0	0	0	0	0	2	0	0	0	0	1	8	0	0	0	0	0	0
17	0	0	0	0	0	0	0	0	0	0	0	0	0	0	0	0	0	0	0	0	0	0	0	0	0	0	0	0	0
0	0	2	3	0	0	1	0	1	0	0	0	1	0	3	0	0	0	3	0	0	0	0	0	0	0	1	0	1	2
0	0	1	0	0	0	0	0	0	0	0	0	6	0	0	0	1	0	0	0	0	0	10	0	0	0	0	0	0	0
0	0	0	0	0	0	0	0	0	0	0	0	0	18	0	0	0	0	0	0	0	0	0	0	0	0	0	0	0	0
0	0	0	0	0	0	0	0	0	0	0	0	0	0	0	0	0	0	0	23	0	0	0	0	0	0	0	0	0	0
0	0	0	0	0	0	0	16	0	0	0	7	0	0	0	0	0	0	0	0	0	0	0	0	0	0	0	0	0	0
0	0	0	0	0	0	0	0	0	0	0	0	0	0	0	0	0	0	0	0	0	0	23	0	0	0	0	0	0	0
0	0	0	0	0	0	0	0	0	0	0	0	0	0	0	0	0	0	0	0	0	0	23	0	0	0	0	0	0	0
0	4	9	2	0	3	0	0	0	0	0	3	1	0	0	0	1	0	29	0	0	15	60	16	0	0	1	0	0	0
0	0	0	0	0	0	3	0	0	0	0	0	0	14	0	0	0	0	0	0	0	0	0	0	0	1	0	0	0	0
121	0	0	0	0	0	0	0	0	0	0	0	0	2	0	0	0	0	0	0	0	0	0	0	0	0	0	1	0	0
0	0	0	0	0	0	0	0	0	0	0	8	0	0	0	0	0	0	0	0	0	5	0	0	0	0	0	0	0	0
0	0	13	0	0	0	0	0	0	0	0	0	0	0	0	0	0	0	0	0	0	0	0	0	0	0	0	0	0	0
1	0	0	1	0	0	0	0	0	0	0	6	0	0	0	0	0	0	2	0	0	0	1	0	0	0	0	0	0	2
0	0	0	0	0	7	0	0	0	0	0	0	0	0	1	2	0	0	0	0	0	0	0	0	2	0	0	0	0	0
0	0	0	0	0	0	0	0	0	0	0	0	0	0	0	0	0	0	13	0	0	0	0	0	0	0	0	0	0	0
0	0	0	0	0	0	0	0	0	0	0	0	0	0	0	0	0	1	0	12	0	0	0	0	0	0	0	0	0	0
0	0	1	0	0	0	0	0	0	0	0	0	0	12	0	0	0	0	0	0	0	0	0	0	0	0	0	0	0	0
0	0	0	5	37	1	0	0	0	0	0	0	0	0	0	1	0	0	61	0	0	0	0	0	3	0	0	0	0	0
0	0	0	0	1	0	0	0	0	0	0	0	0	0	0	2	0	0	0	0	0	0	0	0	0	0	0	0	0	0
0	0	0	0	78	0	5	0	0	1	0	0	0	0	0	0	0	0	0	0	0	0	0	0	0	0	0	0	24	0
0	0	0	0	9	0	0	0	0	0	0	0	0	0	1	0	1	0	0	0	0	0	0	4	0	0	0	1	89	0
0	0	2	0	2	0	0	0	0	2	5	22	10	0	2	0	0	10	0	22	0	0	18	0	0	1	0	0	4	0
0	0	0	0	0	30	0	0	0	0	0	0	0	0	20	5	0	50	0	0	0	0	0	0	0	0	1	0	0	0
0	10	0	0	0	0	8	0	0	0	0	16	0	0	0	0	0	0	0	0	0	20	0	0	0	46	0	1	5	0
0	0	2	0	0	0	0	0	0	2	2	0	0	0	2	0	0	0	0	33	0	0	4	6	0	22	0	0	5	2
3	0	0	0	0	0	0	1	0	0	0	0	0	0	0	0	0	0	0	0	98	0	0	0	1	0	2	0	0	0
0	0	5	4	7	0	11	0	6	3	0	2	10	7	1	0	3	7	46	12	673	0	0	0	27	9	0	6	31	0
17	0	56	12	18	2	5	0	9	5	0	16	42	0	0	0	34	3	57	78	0	91	0	37	18	0	2	55	1	0
105	71	4	19	0	0	0	23	4	0	0	0	8	0	14	0	1	1	394	4	0	1	0	131	1	0	0	1	5	0
0	14	7	1	2	1	2	54	0	47	0	0	0	0	2	0	0	1	0	13	0	12	8	2	1	1	0	0	8	560
0	0	0	0	0	0	0	0	302	47	0	0	0	0	212	320	0	0	0	0	0	0	0	0	0	1	0	4	0	0
0	95	5	11	0	0	0	45	4	0	0	0	0	0	7	0	0	3	586	2	0	0	0	216	1	0	0	0	2	0
42	9	26	18	3	3	3	40	0	4	12	52	1	28	0	0	2	0	40	0	638	1	5	11	3	5	3	2	6	0
164	86	0	7	0	1	0	42	5	2	0	0	3	1	19	0	3	2	391	4	0	2	0	181	3	1	0	0	7	0
0	587	3	2	0	0	0	0	0	0	0	10	28	0	0	0	0	4	0	0	0	84	0	0	1	0	0	0	0	0
0	10	9	2	0	0	8	86	0	31	0	2	0	0	5	0	0	3	0	11	0	9	14	6	1	1	0	0	9	467
0	0	0	0	0	0	0	0	0	0	0	0	0	0	0	0	19	0	0	0	0	0	0	0	0	0	0	0	0	0
0	0	0	19	0	0	0	0	0	0	0	0	0	0	0	0	0	0	0	0	0	0	0	0	0	0	0	0	0	0
0	0	0	0	0	1	0	0	0	0	2	0	0	0	0	0	0	0	0	14	0	0	0	0	0	0	0	0	2	0
0	1	1	3	0	0	0	0	0	0	0	0	0	0	0	0	0	1	0	0	0	0	0	1	0	2	0	0	1	6
0	0	0	0	0	0	0	19	0	0	0	0	0	0	0	0	0	0	0	0	0	0	0	0	0	0	0	0	0	0
19	0	0	0	0	0	0	0	0	0	0	0	0	0	0	0	0	0	0	0	0	0	0	0	0	0	0	0	0	0
0	0	0	0	0	5	0	0	0	0	29	0	0	0	0	0	3	9	0	0	0	0	0	0	0	0	0	0	0	0
0	0	0	0	0	0	0	0	0	0	0	0	0	0	0	0	0	0	0	0	0	0	0	0	0	15	0	0	0	0
0	0	0	1	0	2	0	0	0	0	0	0	0	0	0	0	0	0	0	1	0	0	0	0	2	0	0	0	0	0
0	0	0	0	0	0	0	0	0	0	0	0	0	0	0	3	0	0	0	12	0	0	0	0	0	0	0	0	1	0
0	0	0	0	0	0	0	0	0	0	0	0	0	0	0	0	1	0	0	8	0	3	1	0	0	0	0	0	3	0
0	0	0	0	17	1	0	0	0	3	0	0	0	0	0	0	0	0	0	5	0	0	0	0	0	0	0	0	0	0
0	0	0	0	0	0	0	0	0	0	0	0	0	0	0	0	27	0	0	0	0	0	0	0	0	0	0	0	0	0
0	0	0	0	0	0	0	0	0	0	0	0	0	0	0	0	0	0	0	26	0	0	0	0	0	0	1	0	0	0
0	0	0	0	0	0	0	0	0	0	0	0	0	0	0	0	1	0	0	19	0	3	0	1	0	0	0	0	3	0
0	0	10	0	0	0	0	0	0	4	0	0	0	0	0	8	0	0	0	0	0	0	0	0	0	0	0	0	0	0
0	0	0	0	0	0	0	0	0	0	0	0	0	0	0	0	27	0	0	0	0	0	0	0	0	0	0	0	0	0
0	0	0	0	0	0	0	0	1	0	0	0	0	0	0	0	0	0	0	0	0	0	0	26	0	0	0	0	0	0
0	0	0	0	0	0	0	0	0	0	0	0	0	0	0	0	0	0	21	5	0	0	0	0	0	0	0	0	0	0
0	0	0	2	0	0	0	0	0	0	0	0	0	0	0	0	0	0	0	12	13	0	0	0	0	0	0	0	0	0
0	0	70	174	3	6	0	0	0	0	0	3	658	0	0	0	30	339	0	38	1	40	0	311	0	0	6	0	189	0
0	32	33	23	5	8	7	108	6	5	25	48	0	0	0	0	0	0	63	0	1020	1	5	16	3	1	0	0	7	0
0	16	139	12	15	6	2	2	4	1	0	119	162	0	72	6	58	69	0	0	0	51	0	221	3	0	267	146	700	0
42	38	6	88	72	13	108	0	2	36	0	145	23	194	34	2	0	6	359	126	0	64	0	12	34	572	1	6	21	0
0	15	135	6	7	14	3	3	9	0	0	114	171	2	86	18	61	136	0	0	0	76	1	325	1	0	178	128	781	0
0	49	14	82	51	13	127	0	15	33	0	14	0	0	38	0	0	16	470	145	0	76	0	18	39	911	0	0	30	0
0	17	103	0	63	1	18	0	4	144	381	13	16	360	31	1	1	24	515	18	0	2	0	58	7	11	0	11	9	0
0	11	115	0	107	1	14	0	3	169	338	13	8	305	21	0	3	13	560	13	0	3	0	47	5	11	1	10	12	0
54	47	9	54	44	13	108	0	4	13	0	138	22	266	38	0	0	6	324	98	0	86	0	11	25	539	0	4	27	0
0	15	140	5	14	18	1	4	7	3	0	6	0	0	107	11	0	116	0	1	0	67	0	358	3	0	0	0	1052	0
0	0	0	0	26	12	0	0	0	0	0	2	0	0	0	0	2	5	0	0	0	0	0	28	1	0	7	0	0	0
0	0	0	0	0	0	0	0	0	0	0	0	0	9	0	0	0	0	0	0	0	0	0	0	0	0	0	0	0	0
0	0	0	0	0	0	0	0	0	0	0	0	0	0	0	0	0	0	10	0	0	0	0	0	0	0	0	0	0	0
0	0	0	0	0	0	0	0	0	0	0	0	0	0	0	0	0	0	2	8	0	0	0	0	0	0	0	0	0	0
0	0	0	1	0	0	1	0	0	0	0	0	0	0	0	0	0	0	0	0	0	2	0	0	0	6	0	0	0	0
0	0	0	0	0	0	0	0	0	0	0	0	0	0	0	0	0	0	10	0	0	0	0	0	0	0	0	0	0	0
0	0	0	0	1	6	0	0	0	0	0	0	0	0	0	0	0	0	0	0	0	0	0	0	3	0	0	0	0	0
0	10	0	0	0	0	0	0	0	0	0	0	0	0	0	0	0	0	0	0	0	0	0	0	0	0	0	0	0	0
0	0	0	0	0	0	0	0	0	0	0	0	0	0	0	0	0	0	0	10	0	0	0	0	0	0	0	0	0	0
0	0	0	5	0	0	0	0	1	0	0	0	0	0	0	0	0	0	0	0	0	0	0	2	0	0	0	0	2	0
0	0	0	0	0	2	0	0	0	0	0	0	0	0	0	0	0	0	0	0	0	0	0	0	0	0	0	0	0	0
0	0	0	1	0	1	0	0	0	0	0	0	0	0	0	0	3	1	0	13	0	0	1	25	0	0	3	0	3	0
0	0	0	1	0	0	0	0	0	0	0	0	0	0	0	0	0	0	41	3	0	0	4	1	0	0	1	0	0	0
0	0	0	0	0	0	0	0	0	0	0	0	1	0	0	0	0	0	0	0	0	0	0	0	0	0	51	0	0	0
0	0	0	14	16	0	0	0	0	0	0	0	0	0	0	0	0	0	17	0	0	0	0	0	3	0	0	0	0	0
0	0	0	0	0	0	0	0	0	0	0	0	38	0	0	0	0	10	0	2	0	0	0	0	0	0	0	0	0	0
0	0	0	0	51	0	0	0	0	0	0	0	0	0	0	0	0	0	0	0	0	0	0	0	0	0	0	0	0	0
0	0	0	7	1	1	0	0	0	0	0	0	0	0	0	0	0	0	22	11	0	0	6	1	0	0	0	0	2	0
0	3	0	0	0	0	0	0	8	0	11	12	0	0	0	0	0	0	0	0	0	0	0	0	0	9	0	0	0	0
0	0	0	0	0	2	0	0	0	0	0	0	12	0	0	0	0	0	2	19	0	0	0	8	0	0	0	0	7	0
