M6	M7	A10	A1	C12	A8	C4	M10	C10	C7	A4	A9	M5	A15	M4	C6	C11	C9	M3	A5	A18	M9	A16	C3	A6	A7	M1	A17
6	0	42	17	0	2	2	143	0	1	19	0	1	25	0	8	0	1	26	27	0	0	0	0	30	2	0	102
5	0	16	19	10	0	0	94	89	8	16	40	0	7	0	0	0	0	0	0	58	0	33	5	31	4	1	7
0	122	40	11	5	24	0	43	0	0	4	1	0	0	0	0	0	0	185	35	1	0	0	1	0	2	0	0
0	0	5	0	0	109	0	0	4	0	0	0	0	0	0	55	0	0	35	0	0	246	0	0	0	0	0	0
0	0	0	0	0	0	0	0	0	0	1	0	0	0	0	0	0	0	17	0	0	0	0	0	0	5	0	0
0	0	0	0	0	0	0	1	0	1	0	0	1	5	0	0	0	0	2	0	7	1	0	0	5	0	0	1
3	0	0	0	1	0	1	0	6	0	0	0	1	0	0	1	0	3	0	7	0	0	0	1	0	0	0	0
0	0	0	0	0	0	0	0	0	0	0	0	0	23	0	0	0	0	0	0	0	0	0	0	0	0	0	0
0	0	0	0	1	0	0	0	0	1	0	0	0	0	0	0	0	21	0	0	0	0	0	0	0	0	0	0
0	0	0	0	0	0	0	0	0	0	0	0	0	0	0	0	0	0	0	23	0	0	0	0	0	0	0	0
0	0	0	0	0	0	0	0	0	0	0	0	0	0	0	0	0	0	23	0	0	0	0	0	0	0	0	0
0	0	0	22	0	0	0	0	0	0	0	0	0	0	0	0	0	0	0	0	0	0	0	0	0	0	0	0
4	2	5	5	0	0	7	4	0	1	5	0	8	1	0	1	0	2	6	11	1	0	1	0	3	4	0	1
0	0	23	0	0	0	0	2	0	0	0	0	0	0	0	0	0	9	24	0	0	0	0	0	0	16	0	0
0	1	1	0	0	0	0	0	0	0	0	0	69	0	0	0	0	0	4	0	0	0	0	0	0	0	0	0
6	7	7	0	0	5	0	8	0	0	0	4	6	0	1	0	0	0	0	3	12	1	0	0	1	0	10	4
0	0	0	0	0	0	0	0	0	0	0	0	0	0	0	0	0	0	54	6	0	0	0	0	0	0	0	16
0	0	0	0	0	0	0	0	0	0	0	0	0	0	0	0	0	62	0	0	0	0	0	0	0	0	0	0
0	0	0	0	0	0	0	0	0	0	0	0	0	0	0	0	0	0	78	0	0	0	0	0	0	0	0	0
2	0	33	0	0	13	1	0	0	2	0	0	2	0	0	4	0	0	0	7	0	0	0	1	6	2	0	0
1	2	7	0	0	1	9	6	0	0	8	0	0	0	0	1	0	0	18	6	1	0	4	0	9	0	1	0
0	0	0	0	0	0	0	0	0	0	0	0	0	0	0	0	0	0	0	0	0	0	14	0	0	0	0	0
0	0	0	2	0	0	0	0	3	2	2	0	0	0	2	0	1	0	0	0	0	0	0	2	1	0	0	0
0	0	0	15	0	0	0	0	0	0	0	0	0	0	0	0	0	0	0	0	0	0	0	0	0	0	0	0
15	0	0	0	0	0	0	0	0	0	0	0	0	0	0	0	0	0	0	0	0	0	0	0	0	0	0	0
0	0	0	0	1	0	1	0	6	0	0	0	0	0	0	0	3	0	0	1	0	0	0	1	1	0	0	0
0	0	0	0	0	0	0	0	0	0	0	0	0	0	0	0	0	0	0	0	0	0	0	0	14	0	0	0
0	1	4	0	0	0	0	0	0	0	1	0	0	0	0	1	0	4	2	2	0	0	0	0	0	0	0	0
0	0	1	0	1	0	0	1	0	0	0	0	0	0	0	0	0	0	7	5	0	0	0	0	0	0	0	0
0	0	0	0	0	0	0	0	0	0	0	0	1	0	13	0	0	0	0	0	0	0	0	0	0	0	0	0
3	2	0	0	1	2	0	0	0	0	0	1	1	0	0	0	0	0	0	1	2	1	0	0	0	0	0	0
0	1	1	6	0	0	17	1	5	0	0	0	0	6	0	0	4	1	2	2	0	8	0	28	10	5	13	20
0	0	2	0	0	0	0	0	0	0	0	0	0	1	0	0	1	0	0	5	0	0	0	0	0	0	0	0
0	0	0	11	0	0	0	0	0	0	0	0	0	0	0	0	0	0	0	0	0	0	0	0	0	0	0	0
0	0	0	0	0	0	0	0	0	0	0	0	0	0	0	0	0	0	0	0	0	0	0	0	11	0	0	0
0	0	1	1	0	0	0	1	0	0	0	3	0	0	0	0	0	0	3	0	0	0	0	0	0	0	2	0
0	1	1	0	0	0	0	2	0	2	0	0	0	0	0	0	0	0	0	1	0	0	0	0	0	0	4	0
0	0	0	0	1	0	1	0	1	1	1	0	0	1	0	0	2	1	0	0	0	0	0	0	1	0	0	0
0	0	0	0	0	0	0	11	0	0	0	0	0	0	0	0	0	0	0	0	0	0	0	0	0	0	0	0
0	8	0	2	0	0	1	0	0	0	0	0	0	0	0	0	0	0	0	0	0	0	0	0	0	0	0	0
0	0	0	2	0	0	3	0	0	0	0	0	0	0	0	0	0	0	102	0	0	0	2	0	34	0	0	0
0	0	0	0	0	0	0	0	0	0	0	0	0	0	0	0	0	121	0	0	0	0	0	0	0	0	0	0
0	0	0	5	0	0	0	0	0	0	1	0	19	15	0	0	0	1	4	0	0	0	0	0	0	2	0	0
0	0	0	0	0	0	0	0	0	0	0	0	0	0	0	0	0	0	0	0	0	0	0	0	44	0	0	0
8	1	15	3	1	0	5	5	2	6	6	0	10	2	0	4	2	5	34	3	0	0	4	10	3	3	0	4
0	0	0	0	0	0	131	0	0	0	0	0	0	0	0	0	0	0	0	1	0	0	0	0	0	0	0	0
0	0	0	7	0	0	0	0	0	0	0	0	0	31	0	0	0	0	0	0	0	0	0	0	10	0	0	0
0	3	2	0	0	1	0	3	0	0	0	0	3	0	0	0	0	0	0	0	0	0	0	0	0	0	0	0
0	0	0	0	0	0	0	0	0	0	0	0	0	0	22	0	0	0	0	0	0	0	0	0	0	0	0	0
2	1	0	0	0	6	1	0	0	1	0	0	2	2	0	0	0	0	2	0	3	0	0	0	0	1	0	0
0	9	0	0	0	3	0	6	0	0	0	0	0	0	0	0	0	0	0	0	0	3	0	0	0	0	0	0
2	1	0	1	0	0	0	4	0	1	0	0	0	0	0	0	0	0	3	0	9	0	0	0	0	0	0	0
0	0	0	5	0	0	0	0	0	0	0	0	0	0	0	0	0	0	0	0	0	1	0	0	0	15	0	0
0	0	0	0	0	0	0	0	0	7	0	1	0	0	0	1	0	0	0	0	0	12	0	0	0	0	0	1
0	0	0	0	1	0	0	0	5	1	0	0	0	2	0	0	3	8	0	0	0	0	1	0	1	0	0	0
0	1	0	0	0	0	2	0	0	1	1	0	1	1	0	4	0	2	1	5	0	0	0	0	0	1	0	0
0	0	0	0	1	0	29	2	0	0	0	0	0	0	0	0	0	1	0	0	0	0	0	0	20	2	0	11
0	12	14	3	0	0	0	7	0	0	2	0	4	0	0	3	0	0	6	0	0	0	10	0	0	0	0	4
0	17	4	0	0	2	0	9	0	0	0	3	2	0	0	1	0	0	7	1	3	1	0	0	0	2	16	5
0	0	0	0	0	0	38	0	0	0	1	0	0	0	0	0	0	1	0	0	0	26	0	0	0	6	0	0
0	0	0	26	2	0	3	0	0	0	0	0	0	0	0	0	5	32	0	0	0	0	3	0	0	0	0	0
0	0	0	0	0	0	63	0	0	0	0	0	0	0	0	0	0	0	0	0	0	0	0	0	0	0	0	0
0	0	0	6	0	0	0	0	0	0	1	0	0	0	0	0	23	3	0	0	0	4	30	1	2	0	0	0
0	0	0	0	0	0	0	0	0	0	0	0	0	0	0	0	0	0	0	0	0	0	0	0	68	0	0	0
0	0	0	34	0	0	1	0	0	0	1	0	0	15	0	0	0	3	3	0	0	0	0	0	0	11	0	0
0	0	0	0	0	0	0	0	0	64	0	0	0	0	0	0	0	1	0	0	0	0	0	0	0	0	0	0
0	0	0	1	0	0	3	0	0	1	0	0	0	0	1	0	1	3	0	0	0	0	1	2	2	0	0	0
15	0	0	0	0	0	0	0	0	0	0	0	0	0	0	0	0	0	0	0	0	0	0	0	0	0	0	0
0	0	0	1	0	1	0	1	0	0	0	0	0	0	0	0	0	0	1	0	1	1	1	0	0	1	7	0
0	0	0	0	3	0	0	0	0	0	0	0	0	0	0	0	12	0	0	0	0	0	0	0	0	0	0	0
0	0	0	0	0	0	0	0	0	0	0	0	0	0	0	0	0	0	1	0	0	12	0	0	0	0	0	2
1	0	1	0	0	2	0	0	0	0	1	0	0	0	0	0	1	1	2	0	0	1	0	1	1	2	0	0
0	0	0	0	0	0	0	0	0	0	0	0	9	0	0	0	0	0	0	0	0	0	2	0	0	0	0	2
1	1	1	0	0	0	0	1	0	1	0	2	0	0	2	0	0	0	0	0	5	1	0	0	0	0	0	0
0	0	0	7	2	0	4	0	0	7	4	0	50	1	0	0	0	31	95	0	0	0	6	3	65	20	0	0
0	0	0	0	6	0	0	0	0	0	0	0	0	0	1	0	0	3	0	0	0	0	0	1	0	0	0	0
0	0	0	0	0	1	0	1	0	0	0	0	0	0	1	1	0	0	0	1	0	0	0	0	0	0	3	0
0	0	0	0	5	0	0	0	0	0	0	0	0	0	1	0	0	2	0	0	0	0	0	2	0	0	0	0
0	0	0	0	0	0	0	4	0	0	0	0	0	0	0	0	0	7	0	0	0	0	0	0	0	0	0	0
0	0	0	0	0	5	0	0	0	0	0	0	0	0	0	0	0	0	0	1	5	0	0	0	0	0	0	0
0	0	0	2	0	0	0	1	1	0	1	0	3	1	0	0	1	0	0	0	0	0	0	0	0	0	0	1
0	0	0	0	0	0	0	3	0	0	0	0	1	1	0	0	0	0	2	0	0	0	0	0	0	0	0	0
1	0	0	0	0	6	0	0	0	0	0	1	1	0	0	0	0	0	0	0	2	0	0	0	0	0	0	0
8	1	1	0	0	0	0	0	0	0	0	0	0	0	0	0	0	0	0	0	0	0	0	0	0	0	0	1
0	0	0	0	0	0	0	0	0	0	0	0	0	0	0	0	1	1	0	2	3	2	1	0	0	0	0	0
0	12	0	3	1	0	0	155	0	2	15	0	23	6	0	0	1	3	5	0	0	9	3	0	0	0	0	0
0	0	0	0	0	0	0	0	0	0	0	0	0	0	0	0	0	0	0	0	0	0	80	0	0	0	0	0
41	0	0	0	0	0	0	6	0	0	0	0	0	0	0	0	0	0	10	0	0	0	1	0	0	0	0	0
0	0	0	1	0	0	0	0	0	0	1	0	32	0	0	0	0	2	0	14	0	0	0	0	26	0	0	0
2	4	1	0	0	0	0	0	0	0	0	1	1	0	0	2	0	0	0	0	1	0	0	0	0	0	0	1
0	2	0	0	0	0	0	0	0	0	0	0	1	0	0	1	0	1	1	3	0	0	3	0	1	0	0	0
0	0	13	0	0	0	0	0	0	0	0	0	0	0	0	0	0	0	0	0	0	0	0	0	0	0	0	0
0	0	0	1	2	0	0	0	4	0	1	0	0	3	0	0	1	0	0	0	0	0	0	0	1	0	0	0
0	0	0	1	0	0	0	0	1	1	0	0	0	3	0	0	4	1	0	0	0	0	1	1	0	0	0	0
0	0	0	1	0	0	1	1	0	0	0	0	1	1	0	0	0	0	0	3	0	0	0	2	0	2	0	1
0	0	0	0	2	0	0	0	0	0	0	0	0	0	0	0	2	3	0	0	0	0	3	3	0	0	0	0
0	0	0	0	1	0	0	0	0	0	0	0	0	0	0	0	2	5	0	0	0	0	2	2	0	0	0	0
0	0	0	0	0	26	0	0	0	0	0	0	0	0	0	0	0	0	0	0	0	3	0	0	0	0	0	0
0	0	0	0	0	0	0	0	0	0	0	0	0	0	0	0	0	0	29	0	0	0	0	0	0	0	0	0
0	0	0	0	0	23	0	0	0	0	0	0	0	0	0	0	0	0	0	0	0	0	0	0	7	0	0	0
0	7	0	2	0	0	0	0	0	2	0	8	1	0	0	1	0	0	1	0	0	1	0	1	0	0	0	6
0	0	0	0	0	0	0	0	0	0	0	0	0	0	0	0	0	0	0	0	0	0	30	0	0	0	0	0
0	2	6	4	0	0	1	0	0	1	0	0	0	0	0	0	0	1	4	1	0	0	0	1	3	2	0	3
0	0	30	0	0	0	0	0	0	0	0	0	0	0	0	0	0	0	0	0	0	0	0	0	0	0	0	0
0	0	0	0	0	0	0	0	0	0	0	0	0	0	0	0	0	0	30	0	0	0	0	0	0	0	0	0
0	0	0	0	0	0	30	0	0	0	0	0	0	0	0	0	0	0	0	0	0	0	0	0	0	0	0	0
0	0	1	1	0	2	0	5	0	0	0	0	0	0	0	0	0	2	10	2	1	0	0	0	1	4	0	0
0	0	18	11	0	0	0	0	0	0	0	0	0	1	0	0	0	3	9	0	0	0	0	0	0	0	0	0
0	0	0	20	0	0	0	0	0	0	0	0	0	0	0	0	0	0	0	0	0	0	3	0	0	0	0	0
0	2	0	0	0	0	0	8	0	0	0	0	0	0	0	0	0	0	0	0	0	2	0	0	0	0	0	0
0	1	1	1	0	0	0	0	0	0	0	0	0	0	0	0	0	4	0	0	3	1	0	0	2	1	0	0
0	12	0	0	0	0	0	0	0	0	0	0	0	0	0	0	0	0	0	0	0	2	0	0	0	0	0	0
0	0	0	0	0	0	0	0	0	0	0	0	0	0	0	0	0	0	0	1	0	0	0	0	0	8	0	0
0	0	0	0	3	0	1	0	2	2	0	0	0	1	1	0	0	1	0	0	0	0	0	2	1	0	0	0
0	0	0	0	0	0	1	0	4	1	2	0	0	1	0	0	0	1	0	0	0	0	0	2	2	0	0	0
0	2	2	1	0	0	1	0	0	1	0	0	0	0	1	0	0	0	1	1	0	0	0	0	4	0	0	0
0	0	0	0	0	0	2	0	0	0	0	0	0	1	0	0	0	0	11	0	0	0	0	0	0	0	0	0
0	0	0	0	2	0	0	0	2	1	3	0	0	1	0	0	3	0	0	1	0	0	0	1	0	0	0	0
7	0	0	1	0	0	0	0	0	0	0	0	0	0	0	0	0	23	0	0	0	0	0	0	0	0	0	0
0	0	1	2	2	0	0	0	12	1	1	0	0	3	0	0	2	2	0	2	0	0	0	1	2	0	0	0
0	0	0	0	8	0	0	0	0	0	0	0	0	0	3	0	0	9	0	0	0	0	0	9	0	0	0	0
7	3	0	0	0	0	0	0	0	0	0	0	0	0	0	0	0	0	0	0	1	1	13	0	0	6	0	0
0	0	0	0	0	0	7	0	0	0	0	0	0	0	0	0	0	10	0	0	0	0	14	0	0	0	0	0
0	0	0	1	0	0	6	16	0	1	1	0	0	0	0	0	0	0	6	0	0	0	1	0	0	1	0	0
0	0	0	6	0	0	0	0	0	0	0	0	0	0	0	0	0	27	0	0	0	0	0	0	0	0	0	0
0	1	1	0	0	18	0	0	0	0	0	3	2	1	0	1	0	0	0	0	1	0	3	0	0	1	0	0
0	0	0	0	0	0	0	0	0	0	0	0	0	0	0	0	0	0	0	0	0	0	0	0	32	0	0	0
0	0	0	2	0	0	4	6	0	0	52	0	0	0	0	0	0	5	0	0	0	0	0	0	0	0	0	0
3	1	8	8	0	177	1	16	28	1	0	2	5	6	350	16	44	6	1	84	9	28	46	13	0	19	55	12
25	18	351	19	0	0	71	57	2	45	21	0	6	1	65	29	1	4	117	2	0	26	6	11	9	12	0	87
0	0	0	0	1	0	1	0	5	0	3	0	0	3	0	0	1	1	0	0	0	0	1	1	1	0	0	0
17	27	14	9	0	235	69	29	3	9	15	0	31	5	170	13	9	25	74	42	20	5	22	18	12	30	0	20
0	132	0	23	0	0	0	101	55	23	7	0	80	21	0	55	0	1	204	95	0	105	36	0	1	4	0	0
0	0	0	1	0	0	0	0	0	0	0	0	9	0	0	0	0	0	0	0	0	0	0	0	0	0	0	1
0	0	0	0	0	0	0	0	0	0	0	0	0	0	0	0	0	153	0	0	0	0	0	0	0	0	0	0
0	0	0	0	0	0	0	0	0	0	0	0	0	0	0	0	0	0	0	0	0	0	0	0	0	17	0	0
1	1	2	0	0	0	0	0	0	0	0	0	1	1	0	0	1	1	3	1	0	0	1	0	0	3	0	1
0	6	3	0	0	0	0	0	0	0	0	0	4	0	0	0	0	0	0	0	0	4	0	0	0	0	0	0
0	0	0	0	1	0	1	0	5	0	1	0	0	2	1	0	3	0	0	0	0	0	0	1	1	0	0	0
0	0	0	0	3	0	2	0	2	2	0	0	0	2	0	0	2	2	0	1	0	0	0	1	0	0	0	0
0	8	0	0	0	0	0	0	0	0	0	0	0	0	0	0	0	0	0	0	0	0	0	0	8	0	0	0
7	0	0	0	0	0	0	0	0	0	1	0	0	0	0	0	0	0	2	5	2	0	0	0	0	0	0	0
6	0	0	1	0	9	0	0	0	0	3	0	0	0	0	3	1	6	0	0	0	1	12	3	0	0	100	2
0	2	1	0	0	1	0	0	0	0	0	0	1	0	0	1	0	0	0	0	0	11	0	0	0	0	0	0
0	0	0	2	0	0	1	0	1	1	1	0	0	3	1	0	1	3	0	0	0	0	1	0	0	0	0	0
0	52	0	0	0	1	0	5	0	0	0	0	0	0	0	0	13	7	0	0	0	44	0	0	0	0	0	23
0	0	0	1	1	0	1	0	0	0	1	0	0	2	0	0	1	1	0	1	0	0	0	3	0	0	0	0
0	2	0	1	0	0	0	3	1	0	0	0	0	0	0	0	0	0	3	1	1	0	0	0	0	0	0	0
0	0	0	0	0	0	1	0	1	1	1	0	0	0	0	0	0	3	0	1	0	0	0	4	0	0	0	0
0	0	0	1	0	0	1	0	4	0	0	0	0	1	1	0	1	0	0	0	0	0	1	2	0	0	0	0
0	0	0	0	0	0	0	0	0	0	0	0	0	2	0	0	0	0	0	5	3	0	2	0	0	0	0	0
0	0	0	0	0	0	0	0	0	0	0	0	0	0	0	0	0	1	0	0	10	0	0	1	0	0	0	0
0	2	0	0	0	0	0	3	0	0	0	0	0	0	0	1	0	0	1	1	1	1	0	0	0	0	0	2
0	0	0	0	0	0	0	0	0	0	0	0	0	0	0	0	0	0	0	0	0	0	0	0	35	0	0	0
0	0	0	0	0	0	0	0	0	0	0	0	0	0	0	0	0	0	0	0	0	0	31	0	0	0	0	0
0	0	0	0	0	0	2	0	0	0	0	0	0	0	0	0	0	0	33	0	0	0	0	0	0	0	0	0
0	2	2	0	0	0	2	0	0	0	0	0	1	0	0	1	0	0	14	1	3	0	0	0	1	7	0	1
5	0	2	0	0	2	1	1	1	1	0	2	1	2	0	2	1	1	0	1	1	1	3	1	2	1	0	1
0	0	0	3	2	0	6	0	3	0	0	0	0	0	1	0	5	9	0	0	0	0	1	3	0	0	0	0
0	0	8	6	0	0	0	0	0	0	0	0	0	0	0	0	0	5	14	0	0	0	1	0	0	0	0	0
7	4	0	0	0	0	0	8	0	0	0	5	0	0	0	0	0	0	5	0	5	0	0	0	0	0	0	0
0	0	0	0	0	16	0	13	0	0	0	0	0	0	2	0	0	0	1	0	0	0	0	0	2	0	0	0
0	0	17	0	0	0	0	1	0	0	5	0	0	0	0	2	0	0	9	0	0	0	0	0	0	0	0	0
0	0	0	0	0	0	1	0	4	0	0	0	0	0	0	0	2	2	0	0	0	0	0	2	0	0	0	0
0	0	0	0	0	0	0	1	0	0	0	0	3	0	1	0	0	0	0	4	0	0	1	0	0	0	0	0
0	0	0	0	1	0	0	0	2	0	0	0	0	2	1	0	1	1	0	1	0	0	0	0	1	0	0	0
0	0	0	0	0	0	0	0	0	0	0	9	0	0	0	0	0	0	0	0	2	0	0	0	0	0	0	0
0	4	0	0	0	6	0	0	0	0	0	0	0	0	0	0	0	0	0	0	0	0	0	0	0	0	0	2
0	0	0	0	0	0	1	0	0	4	0	0	0	0	0	0	0	1	2	2	0	0	0	0	0	1	0	0
0	0	0	0	1	0	2	0	2	0	0	0	0	3	0	0	1	1	0	1	0	0	0	0	0	0	0	0
0	1	0	0	0	0	1	0	0	0	0	1	0	0	0	0	0	0	0	1	3	0	2	0	1	0	0	0
0	3	1	0	0	5	0	0	0	0	0	0	0	0	0	0	0	2	0	0	0	0	0	0	0	0	0	0
10	1	6	0	1	15	1	0	8	2	2	1	16	2	16	0	11	7	10	4	0	0	5	3	6	1	0	0
0	0	0	1	0	0	142	0	0	0	0	0	0	0	0	0	0	0	0	0	0	0	0	0	0	0	0	0
0	0	0	3	0	9	1	6	4	0	0	0	58	0	0	0	0	0	1	30	16	3	2	0	9	0	0	0
0	0	0	0	0	0	81	0	0	2	0	0	0	0	0	0	0	0	0	0	0	0	55	0	0	0	0	0
8	5	1	16	0	0	3	6	2	4	0	0	0	0	0	1	14	1	7	22	7	0	19	6	14	1	0	0
0	0	0	1	1	0	0	0	2	1	1	0	0	2	0	0	0	4	0	0	0	0	1	0	0	0	0	0
0	0	0	0	2	0	1	0	2	0	1	0	0	1	0	0	1	3	0	0	0	0	1	1	0	0	0	0
0	0	0	0	0	0	0	0	0	0	0	0	0	0	0	0	0	0	0	0	0	0	0	0	25	1	0	0
1	0	0	0	0	0	0	0	0	0	1	0	0	0	0	0	0	0	1	0	0	2	1	0	0	1	43	1
0	0	0	1	2	0	0	0	4	0	2	0	0	2	1	0	0	0	0	0	0	0	0	0	1	0	0	0
0	0	0	0	10	0	0	17	0	1	0	0	0	0	0	0	0	0	0	0	0	0	0	0	0	0	0	0
0	6	0	13	0	0	5	0	0	0	0	0	0	0	0	0	0	0	2	0	0	0	2	0	0	0	0	0
0	0	0	0	5	0	0	0	0	0	0	0	0	0	0	0	12	0	0	0	0	0	0	0	0	0	0	0
0	0	0	0	0	0	3	0	0	11	0	0	0	0	0	0	0	0	0	0	0	0	3	0	0	0	0	0
0	1	0	0	0	0	0	0	0	0	0	0	0	0	0	0	0	2	0	2	0	1	0	0	1	0	10	0
0	0	0	1	0	0	1	0	1	2	2	0	1	2	2	0	1	0	0	0	0	0	0	0	1	2	0	0
0	0	0	0	1	0	0	0	0	0	0	0	0	1	0	0	0	0	0	0	0	0	4	0	0	0	0	0
0	0	0	0	0	0	0	0	0	0	17	0	0	0	0	0	0	0	0	0	0	0	0	0	0	0	0	0
0	0	0	0	0	0	0	0	0	0	0	0	0	0	0	0	0	5	0	0	0	0	6	0	0	0	0	0
0	6	1	0	0	2	0	2	0	3	0	0	2	0	0	0	0	0	0	0	0	1	0	0	0	0	0	0
4	0	0	0	0	0	0	0	0	0	0	0	0	0	0	8	0	0	0	0	0	0	0	0	0	0	0	0
0	0	0	0	0	0	1	0	0	0	0	0	0	0	0	0	0	0	0	0	1	0	0	0	12	3	0	0
0	0	0	0	3	0	0	0	0	0	0	0	0	0	1	0	0	4	0	0	0	0	0	1	0	6	0	0
0	3	0	0	0	1	0	0	0	0	0	4	0	0	0	1	0	0	1	0	0	3	0	0	0	0	0	0
1	0	0	0	0	1	0	0	1	0	0	0	0	0	0	0	0	0	1	5	2	1	0	0	1	0	0	0
1	0	0	0	0	0	1	5	0	0	0	2	0	0	0	0	1	0	1	0	2	0	0	0	0	0	0	0
0	2	0	0	0	0	0	0	0	0	0	0	1	0	1	0	0	0	3	0	0	1	0	0	0	1	4	0
0	0	0	3	6	0	2	0	0	0	0	0	0	0	0	0	1	1	0	0	0	0	0	0	0	0	0	0
0	0	0	0	0	1	0	2	0	0	0	0	0	0	0	0	5	0	0	0	0	0	2	0	0	1	2	0
0	0	0	0	1	0	2	0	3	1	2	0	0	23	0	0	0	1	0	0	0	0	0	3	0	0	0	0
4	6	4	1	0	0	0	3	0	0	0	0	1	1	0	6	0	0	0	0	3	1	0	0	0	0	0	8
0	0	0	0	0	1	0	4	0	0	0	0	0	0	0	0	1	0	19	4	1	0	4	1	0	0	2	0
0	0	0	0	0	0	0	0	0	26	0	0	0	0	0	0	0	0	10	0	0	0	0	0	0	0	0	0
0	0	0	0	0	33	0	0	0	0	0	0	0	0	1	0	0	0	0	0	0	0	0	0	0	0	2	0
0	0	0	0	0	0	0	0	0	0	0	0	0	0	0	0	0	2	0	0	0	0	20	2	0	9	0	0
5	0	0	0	0	27	0	1	0	0	0	1	0	0	0	1	0	0	0	0	1	0	0	0	0	0	0	0
1	3	2	0	0	2	0	18	0	0	0	3	0	0	0	0	0	0	0	2	3	1	0	0	1	0	0	0
0	1	0	4	1	0	0	0	1	0	5	0	2	3	0	0	0	0	1	7	0	0	2	0	4	0	0	4
4	1	1	0	0	1	0	1	0	0	0	0	0	0	1	2	1	0	0	0	0	0	0	0	0	0	0	0
0	0	0	0	0	0	0	0	0	0	8	0	0	0	0	0	0	0	4	0	0	0	0	0	0	0	0	0
0	0	0	0	0	0	0	0	1	0	0	0	0	2	0	0	2	4	0	1	0	0	0	2	0	0	0	0
0	0	0	0	0	0	2	0	0	0	0	0	0	9	0	0	0	0	0	0	0	0	0	0	0	0	0	1
0	0	0	0	0	0	0	0	0	0	0	0	0	0	0	0	0	12	0	0	0	0	0	0	0	0	0	0
0	0	0	0	0	0	0	0	3	0	0	0	0	4	0	0	1	1	0	0	0	0	0	1	2	0	0	0
0	0	0	0	1	0	0	0	0	2	0	0	0	0	0	0	0	4	0	0	0	0	0	1	0	3	0	0
0	0	0	12	0	0	0	0	0	0	0	0	0	0	0	0	0	0	0	0	0	0	0	0	0	0	0	0
0	5	5	0	21	0	3	14	15	4	3	0	15	0	0	4	2	0	5	0	2	0	4	6	1	1	0	4
0	0	3	0	0	0	0	1	0	0	7	0	29	19	0	0	1	19	0	0	0	0	0	1	3	2	0	0
0	0	0	36	0	0	1	0	0	0	0	0	0	0	0	0	0	0	0	0	84	0	0	0	0	0	0	0
0	0	0	0	0	0	0	0	0	120	0	0	0	0	0	0	0	0	0	0	0	0	0	0	0	0	0	0
0	0	0	0	0	0	0	49	0	0	0	0	0	0	0	52	0	3	11	0	0	0	2	0	1	0	0	0
14	26	2	4	0	0	0	17	0	0	0	0	0	2	0	3	0	0	9	1	2	3	1	0	23	6	0	6
28	17	0	43	19	8	32	18	11	28	16	0	34	36	0	30	7	34	27	110	1	9	54	12	15	8	0	41
17	0	0	0	0	35	1	2	1	0	0	165	9	0	2	89	2	1	71	1	0	285	0	0	0	4	0	0
0	0	0	733	1296	0	1431	0	2627	1002	965	0	35	2515	465	1	1083	2571	0	452	0	0	781	1309	764	0	0	0
540	654	478	86	32	436	72	295	198	146	27	705	327	87	20	57	21	42	330	486	406	174	41	45	227	59	789	409
815	525	664	308	5	184	94	145	102	0	67	209	231	78	113	365	1	4	0	56	238	244	2	61	118	46	1	952
326	213	255	19	23	139	58	710	193	43	22	242	110	46	453	55	150	0	112	299	576	259	3	80	67	19	4	0
23	251	0	13	1	0	0	2766	94	75	3	0	6	0	0	0	1	0	60	123	1	575	0	1	0	126	0	346
351	398	0	98	14	52	60	508	28	181	15	5	81	58	0	371	3	27	414	475	573	467	20	2	55	17	0	99
0	0	0	0	0	0	0	1	0	0	0	0	0	0	0	1	0	0	1	1	4	1	0	0	0	0	0	1
0	0	0	0	0	0	0	0	0	0	0	0	0	0	0	0	0	8	0	0	0	0	0	0	0	0	0	0
1	0	1	0	0	2	0	0	0	1	0	0	2	0	0	1	0	1	5	12	0	0	10	2	0	0	0	0
0	0	0	0	0	0	0	0	0	0	0	0	39	0	0	0	0	0	0	0	0	0	0	0	0	0	0	0
0	0	0	0	0	0	0	0	0	0	0	0	0	0	0	0	0	0	0	0	0	0	0	0	0	40	0	0
1	0	0	0	0	9	0	0	0	0	0	18	0	0	0	0	0	0	1	0	12	0	0	0	0	0	0	0
0	0	2	1	0	0	0	1	0	0	0	0	3	0	0	0	0	2	4	21	0	1	3	0	2	1	0	0
0	0	0	0	0	0	0	0	0	42	0	0	0	0	0	0	0	0	0	0	0	0	0	0	0	0	0	0
0	0	0	0	0	0	0	0	1	0	0	0	0	0	0	5	0	0	6	0	25	0	0	0	0	0	0	5
0	0	0	0	0	0	0	0	0	0	0	0	0	0	0	0	0	2	0	0	0	0	0	0	10	0	0	0
0	0	0	2	2	0	1	1	1	0	2	0	13	2	0	0	0	6	0	3	0	1	0	2	0	2	0	0
0	5	3	2	0	4	0	4	0	0	0	1	1	0	0	1	0	0	0	0	1	3	0	0	0	5	0	8
0	0	0	0	0	0	0	0	0	4	0	0	0	0	0	0	0	3	0	0	1	0	0	0	2	0	0	0
2	0	12	5	2	0	7	0	2	4	4	0	7	0	15	1	1	19	12	7	1	0	3	1	7	4	0	7
7	0	6	0	2	0	6	2	5	1	2	0	17	1	6	1	0	3	6	20	0	0	1	31	4	0	0	3
0	0	0	0	0	0	0	14	0	0	0	0	0	0	0	0	0	0	100	0	0	0	0	0	0	0	0	0
0	17	0	0	0	0	6	88	0	0	4	0	0	0	0	0	0	0	0	0	0	0	4	0	0	0	0	0
4	2	1	0	0	25	3	0	0	2	2	25	1	0	21	1	0	5	17	3	9	3	15	0	1	19	0	0
0	0	0	9	0	0	0	0	0	0	4	0	6	0	0	0	0	0	11	137	0	0	0	0	0	0	0	0
0	0	0	175	0	0	0	0	0	0	0	0	0	0	0	0	0	0	0	0	0	0	0	0	0	0	0	0
3	0	0	181	0	0	0	0	0	0	0	0	0	0	0	0	0	0	0	0	0	0	0	0	0	0	0	0
0	0	0	0	0	0	0	0	0	45	0	0	0	145	0	0	0	0	0	0	0	0	0	0	0	0	0	0
0	0	0	0	0	0	0	0	0	0	0	0	0	0	0	0	0	0	0	0	0	0	0	0	0	0	0	210
0	6	3	5	2	0	0	1	0	0	0	2	1	5	15	12	0	1	10	1	0	10	0	1	8	1	0	6
3	2	0	0	0	0	0	1	0	0	0	0	0	0	1	0	0	0	0	0	0	1	0	0	0	0	0	2
12	0	0	0	0	0	0	0	0	0	0	0	0	0	0	0	0	0	0	0	0	0	0	0	0	0	0	0
0	0	0	16	0	0	0	0	0	3	1	0	21	0	0	0	0	0	2	41	150	0	0	0	0	2	0	0
0	0	0	1	2	0	0	0	2	177	0	0	0	0	0	0	1	48	0	0	0	0	0	1	2	0	0	0
2	1	0	22	0	0	5	6	0	10	0	0	27	24	0	0	1	13	33	21	0	2	28	3	15	2	0	8
0	0	40	11	0	0	8	0	0	0	0	0	0	0	0	0	0	0	31	0	0	0	13	0	59	0	0	66
4	0	0	0	0	167	33	0	1	3	0	0	16	0	0	0	0	1	0	0	0	0	0	0	0	0	0	0
0	0	0	0	141	0	0	73	0	1	15	0	0	0	0	0	0	0	0	0	0	0	0	0	0	2	0	0
0	135	12	1	1	16	0	5	0	0	2	0	0	0	0	2	0	0	1	8	45	0	2	0	0	0	0	0
0	0	0	0	0	0	0	123	0	0	0	0	0	0	0	0	0	0	93	0	0	0	0	0	0	0	0	0
0	0	0	0	0	0	0	0	0	0	0	0	0	0	0	0	0	0	0	0	0	0	0	0	213	0	0	0
0	0	0	0	0	0	0	0	0	0	0	0	0	259	0	0	0	0	0	0	0	0	0	0	0	0	0	0
0	0	0	0	0	0	0	0	140	1	0	0	0	19	0	0	1	10	0	2	0	3	0	151	0	0	0	10
0	0	0	0	0	0	0	0	0	0	0	0	0	106	0	0	0	225	0	0	0	0	0	0	0	0	0	0
0	3	99	4	2	0	22	6	10	34	0	0	7	6	0	3	3	2	39	0	0	11	3	3	2	54	0	5
0	0	0	14	0	0	7	35	1	1	2	32	31	65	0	0	0	9	38	28	0	14	15	2	10	2	0	0
50	0	0	2	21	0	83	0	119	0	0	0	0	0	0	0	21	0	0	15	0	0	0	0	0	0	0	0
0	0	0	0	0	0	0	0	0	0	0	0	0	0	0	0	0	282	0	0	0	0	22	0	0	0	0	0
0	0	0	88	0	0	0	0	0	0	0	0	0	0	0	0	0	1	60	0	0	0	2	0	153	0	0	0
0	87	0	1	1	0	0	2	11	2	0	0	1	0	1	3	48	29	28	0	21	18	0	22	0	27	0	0
0	0	0	0	0	0	0	0	0	0	0	0	0	0	0	0	0	0	0	0	0	0	14	0	0	0	0	0
0	0	0	0	4	0	0	10	0	0	0	0	0	0	0	0	0	0	0	0	0	0	0	0	0	0	0	0
0	0	0	0	0	0	15	0	0	0	0	0	0	10	0	0	0	4	0	0	0	0	10	1	0	0	0	0
0	0	0	0	0	0	4	3	0	0	0	0	37	0	0	0	0	0	1	0	0	0	0	0	0	0	0	0
0	1	2	0	0	1	0	6	0	1	0	1	14	0	0	6	2	0	0	1	2	2	0	4	1	0	0	0
0	0	0	1	5	0	3	0	5	1	0	0	0	6	0	0	5	11	0	2	0	0	0	1	2	0	0	0
0	0	0	0	0	0	4	17	0	2	1	0	0	1	0	0	0	1	1	11	0	0	2	0	1	2	0	0
1	1	0	0	0	0	0	28	1	0	0	0	0	0	0	0	0	0	0	0	0	6	0	0	0	0	0	6
0	0	0	5	0	0	0	0	0	4	0	0	0	4	0	0	0	5	0	0	0	3	5	4	5	7	0	0
0	8	0	0	0	0	0	24	0	0	0	0	0	0	0	0	0	0	0	2	0	5	0	0	0	1	0	2
1	0	0	0	0	0	0	0	0	3	0	1	1	0	0	0	0	0	1	0	0	0	0	0	0	11	0	0
0	0	0	0	0	0	0	0	0	0	0	0	0	0	0	0	0	0	0	12	0	0	0	0	0	0	0	0
0	0	0	2	0	0	1	0	1	0	1	0	0	0	0	0	0	2	2	0	0	0	0	0	0	0	0	3
0	0	39	0	0	0	38	1	0	5	1	1	0	0	2	0	1	15	0	28	0	6	1	2	0	21	0	2
0	0	0	0	0	0	0	0	0	162	0	0	0	0	0	0	0	0	0	0	0	0	0	0	0	0	0	0
0	0	0	0	0	0	0	0	0	0	0	0	0	0	0	0	0	144	0	0	0	0	0	0	0	0	0	0
0	0	0	9	0	0	0	0	0	6	2	0	0	40	0	0	0	1	0	23	0	0	2	2	49	0	0	20
55	5	0	0	0	0	0	1	0	0	0	0	0	0	0	24	0	0	63	1	2	0	2	0	1	0	0	0
0	0	0	0	0	0	1	0	0	1	0	0	126	6	0	0	0	1	13	0	0	0	0	0	0	0	0	0
9	41	0	13	7	0	13	0	1	0	0	0	2	0	0	0	1	2	0	0	0	4	0	42	0	12	0	0
0	1535	367	118	16	315	6	724	111	356	31	172	511	12	208	10	2	27	257	147	116	73	44	102	0	104	2270	103
316	578	120	66	3	465	7	557	35	25	8	845	87	8	0	135	9	13	886	242	331	782	7	0	33	48	12	210
207	167	453	45	3	327	253	158	11	92	68	203	180	89	4	149	53	173	792	572	110	33	62	10	290	391	0	199
0	0	0	25	0	0	0	0	0	0	0	0	0	0	0	0	0	0	0	0	0	313	0	0	0	0	0	0
0	0	0	43	0	15	0	6	0	75	14	0	12	1	0	0	0	31	6	125	0	0	5	0	0	2	0	5
30	4	28	8	1	0	7	7	7	9	3	0	20	3	20	9	4	4	169	13	17	3	11	2	13	3	0	12
0	53	146	0	0	0	0	0	0	0	0	0	0	0	0	0	0	0	61	0	0	14	3	0	36	115	0	0
0	0	0	0	0	0	0	218	0	0	0	0	0	0	0	0	0	0	47	0	0	0	0	0	0	0	0	0
0	0	0	0	0	5	0	0	13	0	0	0	0	0	101	0	24	3	0	0	2	1	0	0	0	0	69	1
0	0	232	0	0	0	0	0	0	0	0	0	0	0	0	0	3	0	10	0	0	0	0	0	0	0	0	0
0	0	0	2	7	0	3	95	0	46	0	0	0	32	0	0	5	2	0	0	0	0	9	2	0	51	0	0
1	18	8	8	4	20	7	2	15	7	11	31	11	15	7	6	4	16	10	5	18	14	10	7	5	1	0	19
0	0	0	0	0	0	0	0	0	0	0	293	0	0	0	0	0	0	0	0	0	0	0	0	0	1	0	0
16	19	0	5	1	0	14	3	0	1	4	0	0	16	52	24	3	1	7	0	0	13	32	5	0	5	0	51
8	5	26	3	5	0	28	0	9	12	9	0	12	5	37	1	6	14	12	36	0	4	9	10	7	18	0	11
0	0	0	0	0	0	0	0	0	3	0	0	0	18	141	0	3	18	0	11	0	0	38	0	0	0	0	0
0	229	0	0	0	0	0	0	0	0	0	0	0	0	0	0	0	0	7	0	0	0	0	0	0	9	0	0
0	0	0	0	1	0	2	212	0	6	10	0	9	14	0	0	0	18	0	103	0	0	7	1	2	0	0	0
0	39	0	21	0	0	33	12	0	0	0	0	1	2	0	6	0	0	187	6	32	0	5	0	32	8	0	20
0	0	0	3	0	0	0	338	0	0	0	0	0	0	0	0	0	0	0	0	0	0	0	0	5	0	0	0
32	0	0	15	13	0	8	0	0	7	0	0	27	26	0	0	0	13	0	48	0	0	0	132	30	7	0	0
0	1	0	11	0	1	0	16	1	0	7	0	2	19	0	60	0	0	63	39	0	91	0	0	3	20	1	31
0	11	1	13	1	0	16	13	6	17	35	0	7	11	79	2	15	2	31	9	0	4	2	9	7	52	0	48
5	5	6	2	0	0	0	4	0	0	0	2	3	0	0	2	0	0	0	1	1	3	0	1	0	1	0	10
0	0	0	0	0	0	0	34	0	0	0	0	0	0	0	0	0	7	3	0	0	0	0	0	0	0	0	0
2	6	3	0	0	1	0	7	0	1	0	3	2	0	0	1	0	0	3	3	5	3	0	0	0	0	0	7
0	0	0	0	0	0	0	0	0	0	0	0	0	0	0	0	0	44	0	0	0	0	0	0	0	3	0	0
0	4	31	0	0	0	0	0	0	6	0	0	0	0	0	0	0	0	1	0	0	0	0	0	0	0	0	5
0	0	0	0	0	0	0	0	0	0	0	0	0	0	0	0	0	0	0	0	0	1	46	0	0	0	1	0
0	0	0	0	0	0	0	0	0	0	2	26	13	0	0	0	2	1	0	0	0	0	1	0	1	3	0	0
0	0	0	19	0	0	2	2	0	0	0	3	1	0	0	0	0	8	0	0	0	0	4	0	7	1	0	0
0	2	5	0	0	1	0	6	0	0	0	2	1	0	0	1	0	0	0	1	1	1	0	0	0	0	0	0
4	0	1	0	0	1	1	0	3	0	0	4	0	0	1	1	0	0	0	4	1	0	0	0	0	0	0	0
0	0	0	1	1	0	1	0	3	0	1	0	0	1	2	0	5	3	0	1	0	0	0	0	1	0	0	0
2	10	0	0	0	0	0	1	0	1	0	0	0	0	0	0	2	0	0	0	1	0	0	4	0	0	0	0
0	3	0	0	0	0	0	0	0	0	0	0	0	0	0	4	0	0	3	0	6	0	0	0	4	0	0	0
0	0	0	0	0	2	19	0	0	0	0	0	0	0	0	0	0	0	0	0	0	0	0	0	0	0	0	0
0	0	0	0	0	0	0	7	0	0	0	0	0	0	0	0	0	13	0	0	0	0	0	0	0	0	0	0
4	0	0	0	6	0	1	0	0	0	0	0	0	0	0	0	9	0	0	0	0	0	0	0	0	0	0	0
0	0	0	0	2	0	0	0	2	2	1	0	0	1	1	0	1	3	0	1	0	0	1	2	0	0	0	0
0	0	0	0	0	6	0	0	0	1	0	1	0	0	0	1	0	0	0	0	1	0	0	0	0	0	0	0
0	0	0	0	0	0	1	0	2	0	0	0	0	2	0	0	0	0	0	2	0	0	0	1	2	0	0	0
1	0	0	1	0	1	0	0	0	0	0	1	1	0	0	0	0	0	0	1	3	0	0	0	0	0	0	1
0	0	2	0	1	0	0	1	0	0	0	1	1	0	0	0	0	0	1	0	1	1	0	0	0	0	0	1
0	0	0	0	0	0	0	0	1	1	1	0	0	1	1	0	1	3	0	0	0	0	0	0	0	0	0	0
0	2	1	0	0	0	0	0	0	0	0	1	0	0	0	1	0	0	2	0	1	2	0	0	0	0	0	0
0	0	0	0	0	0	0	0	0	0	0	0	0	0	0	0	0	0	0	0	0	10	0	0	0	0	0	0
0	0	0	0	1	0	0	0	3	1	3	0	0	0	0	0	0	0	0	1	0	0	0	1	0	0	0	0
0	2	4	1	0	0	0	0	13	0	0	0	0	2	0	0	45	0	0	0	0	0	1	1	0	12	1	3
0	0	0	0	0	0	0	0	0	82	0	0	0	0	0	0	0	0	0	0	0	0	0	0	0	0	0	0
0	0	8	1	0	0	1	2	0	0	0	0	0	3	0	1	0	2	4	0	44	0	5	0	5	4	0	10
0	0	18	0	0	0	4	0	0	0	0	1	12	0	0	0	2	18	0	1	3	0	0	0	5	23	0	0
0	0	4	0	0	0	0	0	0	0	0	0	0	0	0	0	0	0	0	0	0	0	0	0	77	0	0	0
0	0	0	0	78	0	0	0	0	0	0	0	0	0	0	0	0	3	0	0	0	0	0	0	0	0	0	0
0	2	1	0	1	0	1	2	2	0	0	0	1	0	4	2	0	4	3	13	3	0	0	4	0	1	0	0
0	0	0	4	0	0	3	0	4	1	0	0	0	0	4	0	1	1	0	0	0	0	0	2	1	0	0	0
0	2	0	0	0	0	0	3	0	0	0	0	1	0	0	0	0	0	0	0	0	0	0	0	0	0	9	0
3	4	8	4	2	1	3	1	2	6	0	0	0	4	0	4	3	3	5	3	10	6	0	0	2	3	0	3
5	71	86	14	1	0	3	4	2	74	7	4	4	9	1	1	2	40	21	38	1	32	17	4	26	6	0	9
0	0	0	0	0	0	0	0	0	0	0	0	0	0	478	0	0	0	0	0	0	0	0	0	0	0	3	0
0	46	158	1	0	0	24	8	1	5	13	0	0	1	0	3	5	26	51	100	1	0	6	10	36	13	0	0
5	15	0	81	2	5	1	0	1	9	0	0	34	11	0	8	0	3	29	32	221	26	11	0	6	1	0	0
0	1	324	0	0	239	0	7	0	0	0	0	0	3	0	0	0	0	0	0	0	0	0	0	0	1	0	2
14	25	0	52	8	0	15	25	4	19	4	1	22	14	56	2	6	37	16	54	4	1	28	13	46	20	0	23
0	0	0	0	0	0	2	0	0	0	0	0	0	0	0	0	0	0	47	0	0	0	0	0	0	0	0	0
0	0	0	1	0	0	1	8	0	0	0	0	8	0	0	0	0	1	8	5	11	0	4	0	0	0	0	0
1	8	1	1	0	0	0	5	0	0	0	2	0	0	0	0	0	0	15	6	0	2	0	2	6	0	0	0
2	1	2	0	0	11	0	12	0	0	0	0	1	0	0	0	0	3	1	1	6	1	1	0	1	0	7	0
2	6	0	1	0	2	0	8	0	0	0	7	2	0	0	2	0	0	3	3	5	5	0	0	0	0	1	3
0	0	0	0	0	0	0	0	0	0	0	0	0	0	0	0	0	0	0	0	0	0	0	0	0	0	0	53
0	6	0	0	0	0	0	0	5	0	4	0	3	0	14	0	2	4	0	0	0	0	0	4	2	2	0	1
60	2	95	198	7	0	189	125	28	53	25	5	10	453	69	92	172	52	212	23	62	4	170	37	69	65	0	61
0	0	0	0	0	0	0	0	0	0	0	0	0	0	0	0	0	0	0	0	0	0	0	15	0	0	0	0
0	189	159	29	0	0	7	89	0	11	38	31	51	9	0	13	17	6	353	113	197	128	49	4	42	35	0	22
0	57	0	65	0	158	68	252	0	478	0	0	0	0	0	80	0	0	177	0	0	137	125	0	0	67	0	0
0	0	0	1	1	0	1	0	3	1	3	0	0	2	0	0	1	3	0	0	0	0	3	0	1	0	0	0
1	0	0	0	0	0	0	2	0	0	0	6	0	0	0	0	0	0	0	11	0	0	0	0	0	0	0	0
0	0	0	0	0	1	0	9	0	4	0	0	0	0	0	1	0	0	0	0	0	5	0	0	0	0	0	0
0	0	0	0	0	0	1	0	0	0	0	0	0	0	0	0	0	0	0	0	0	0	0	0	1	11	0	0
0	0	0	0	0	0	2	0	1	2	1	0	0	3	1	0	1	4	0	1	0	0	1	2	1	0	0	0
4	2	0	0	1	0	0	3	0	1	0	1	0	0	0	0	0	0	2	1	1	3	0	0	0	0	0	1
0	0	0	3	0	0	0	6	0	0	0	0	0	0	0	0	0	0	1	0	0	0	0	0	1	0	0	9
0	0	0	0	0	0	0	0	0	0	0	0	0	0	0	0	0	0	20	0	0	0	0	0	0	0	0	0
0	0	0	20	0	0	0	0	0	0	0	0	0	0	0	0	0	0	0	0	0	0	0	0	0	0	0	0
2	0	0	0	0	2	0	0	0	0	0	0	0	1	0	0	0	1	4	0	0	0	0	0	0	0	0	0
0	1	0	0	0	0	0	5	1	1	0	0	0	0	0	0	0	0	0	0	0	2	0	0	0	0	0	0
0	0	0	0	0	0	0	3	0	0	0	0	1	0	0	1	0	0	0	0	3	2	0	0	0	0	0	0
0	0	0	0	0	1	0	0	0	0	0	0	0	0	0	5	0	0	0	0	0	0	2	0	0	0	0	0
1	1	0	0	0	1	1	3	0	1	0	1	0	0	0	0	0	0	1	0	0	0	0	0	0	0	0	0
0	0	0	0	0	0	0	0	1	1	0	0	0	2	0	0	0	3	0	1	0	0	0	1	1	0	0	0
0	0	27	0	0	0	8	0	1	4	2	1	0	6	0	0	0	4	7	0	0	1	4	0	9	4	0	2
0	0	0	0	0	0	0	0	0	12	0	67	1	0	0	0	0	0	0	0	0	0	0	0	0	0	0	0
0	2	0	0	0	18	0	1	0	0	0	3	5	0	0	1	0	26	0	0	0	5	14	0	3	0	0	3
2	8	3	1	0	0	0	2	4	3	3	0	6	1	0	0	6	1	9	9	1	0	18	0	4	0	0	0
0	0	0	0	11	0	0	20	17	0	0	0	7	0	0	0	0	0	0	11	0	8	0	1	3	0	0	2
0	2	0	1	0	0	2	0	0	3	0	0	0	0	0	1	0	0	30	2	19	2	0	4	13	0	0	0
90	19	81	6	0	0	0	6	2	3	10	4	23	20	106	0	10	13	46	15	23	10	21	15	69	14	0	103
9	12	64	9	3	0	10	30	3	46	17	2	165	15	3	0	9	91	55	37	2	4	13	9	50	37	0	22
0	0	0	88	0	0	0	0	0	0	0	0	0	0	0	0	0	0	0	0	0	604	0	0	0	0	0	0
0	0	0	0	0	0	0	0	0	0	0	0	0	0	0	0	0	672	0	0	0	0	0	0	0	0	0	0
0	0	0	41	147	0	0	0	0	0	0	0	0	0	96	0	0	97	0	0	0	0	31	0	0	0	0	195
2	261	48	5	0	0	178	2	1	0	28	0	0	0	2	0	2	16	0	19	0	5	0	1	0	75	0	24
0	0	0	86	0	0	0	0	0	0	0	0	0	0	0	0	0	0	0	0	0	0	0	0	0	0	0	0
0	0	0	0	0	0	0	0	0	0	0	0	0	0	0	0	0	0	0	84	0	0	0	0	1	0	0	0
0	0	0	0	0	0	11	0	0	0	0	0	0	0	0	0	0	0	75	0	0	0	0	0	0	0	0	0
1	0	6	0	1	0	1	1	1	1	4	0	0	0	0	3	0	5	7	11	0	0	0	1	8	3	0	1
0	21	3	1	0	7	0	12	0	1	0	0	5	0	0	0	0	0	0	0	0	0	0	0	0	1	7	0
0	15	0	9	5	0	0	0	0	0	0	0	1	9	0	0	0	1	0	0	0	0	10	0	6	0	0	0
0	4	0	2	0	0	0	9	0	0	0	0	0	1	0	0	0	0	5	0	0	3	8	0	25	0	0	1
0	0	0	0	0	0	0	0	0	0	0	0	0	0	0	0	0	0	0	0	0	0	0	0	55	0	0	0
0	0	0	0	12	0	0	0	0	0	0	0	0	0	0	0	44	0	0	0	0	0	0	0	0	0	0	0
0	0	6	0	3	0	0	0	35	0	0	0	0	0	0	0	0	0	0	0	7	0	0	0	0	0	0	5
0	0	0	0	0	0	2	13	0	0	0	0	0	0	0	0	0	4	33	0	0	0	0	1	0	0	0	0
4	9	3	0	0	2	0	3	0	0	0	4	6	0	0	2	0	0	0	1	2	1	0	0	0	1	12	3
0	0	0	0	0	18	0	0	0	0	0	6	22	0	0	0	0	0	0	0	9	0	0	0	0	0	0	0
0	4	0	0	0	0	0	0	0	0	0	0	0	0	0	0	0	0	15	0	0	0	0	0	0	0	0	0
0	0	0	0	0	0	0	1	0	0	0	0	0	0	0	0	0	0	0	1	0	0	1	0	1	14	0	0
0	0	0	0	19	0	0	0	0	0	0	0	0	0	0	0	0	0	0	0	0	0	0	0	0	0	0	0
1	4	1	0	0	1	0	2	0	0	0	1	1	0	0	0	0	0	0	2	1	1	0	0	0	0	2	2
0	0	0	0	0	0	0	2	0	0	0	0	0	0	0	0	0	1	0	5	0	0	0	0	0	11	0	0
19	0	0	0	0	0	0	0	0	0	0	0	0	0	0	0	0	0	0	0	0	0	0	0	0	0	0	0
0	0	0	0	2	0	1	0	1	0	1	0	0	1	3	0	1	4	0	0	0	0	0	6	0	0	0	0
0	0	0	0	0	0	0	0	0	0	0	0	0	0	0	0	0	0	19	0	0	0	0	0	0	0	0	0
1	7	0	0	0	0	0	0	0	0	0	0	0	0	0	0	0	0	9	0	0	0	0	0	1	1	0	0
0	0	0	1	0	0	0	0	2	0	0	0	0	1	0	0	0	2	0	0	0	0	1	1	2	0	0	0
0	0	0	0	0	0	0	0	0	0	0	0	0	0	0	0	0	10	0	0	0	0	0	0	0	0	0	0
1	0	2	0	0	0	1	0	0	0	0	1	1	0	0	0	0	0	2	1	0	0	0	0	0	1	0	0
0	0	0	1	0	0	1	0	0	2	0	0	0	2	0	0	0	3	0	0	0	0	1	0	0	0	0	0
0	0	0	0	1	0	1	0	0	1	0	0	0	0	0	0	4	2	0	0	0	0	0	0	1	0	0	0
0	0	0	0	0	0	0	1	0	0	0	0	0	0	0	0	0	0	4	5	0	0	0	0	0	0	0	0
0	0	0	0	0	0	0	0	0	0	0	0	0	0	8	0	1	0	0	0	0	0	0	0	0	0	0	0
0	0	0	0	0	0	0	7	0	0	0	0	0	0	0	0	0	0	0	0	0	2	0	0	0	0	0	1
0	0	0	0	0	0	0	0	0	0	0	0	0	0	0	0	0	0	3	1	3	2	0	0	1	0	0	0
0	0	0	0	0	0	0	0	0	0	0	0	0	0	0	0	0	1	0	0	0	0	0	1	0	0	0	0
0	21	42	0	1	0	0	2	0	0	1	0	0	1	0	4	0	0	0	0	15	0	2	0	0	0	0	9
1	3	1	3	0	0	3	1	1	4	1	0	9	0	0	3	0	5	7	31	0	3	6	10	5	0	0	1
0	0	0	0	0	0	12	0	0	0	0	0	0	0	0	0	0	1	78	0	0	0	0	0	15	0	0	0
0	0	0	23	0	0	0	50	1	0	2	0	4	0	0	0	0	1	0	0	0	0	2	0	23	0	0	0
0	0	0	10	0	0	2	55	5	0	0	0	1	9	0	0	0	0	3	3	0	2	11	0	3	2	0	1
0	0	20	0	0	0	4	0	13	0	0	0	15	0	0	0	0	0	51	0	0	5	0	0	0	0	0	0
0	0	20	0	0	0	12	0	0	0	0	0	0	0	15	0	0	0	0	0	0	0	34	0	18	0	0	0
0	21	0	0	0	0	0	1	0	0	0	0	4	0	0	6	0	0	54	0	0	0	0	0	0	0	0	14
0	0	0	0	0	0	0	39	0	1	2	0	0	29	0	0	0	8	6	7	0	2	2	1	6	0	0	0
0	0	0	0	0	0	0	0	0	104	0	0	0	1	0	0	0	1	0	0	0	0	0	0	0	0	0	0
0	0	0	0	17	0	0	0	0	0	0	0	0	0	0	0	7	0	0	0	0	0	0	0	0	0	0	0
0	1	0	1	0	4	0	1	1	1	0	0	0	1	0	0	0	1	1	7	0	3	1	2	0	1	0	0
0	0	0	0	0	0	0	0	0	0	0	0	0	0	0	0	0	243	61	489	0	0	0	0	0	4	0	0
93	89	3	24	2	0	0	37	0	3	0	21	7	6	0	13	3	1	74	60	208	0	13	1	0	1	0	119
0	4	325	31	1	0	42	10	7	76	3	3	1	1	5	7	0	59	69	31	0	11	0	27	5	42	0	13
0	0	0	4	2	0	2	0	4	0	2	0	0	2	0	0	0	86	0	0	0	0	533	1	0	0	0	0
0	0	0	0	46	0	0	0	0	0	0	0	0	0	0	0	161	194	0	0	0	0	347	60	0	0	0	0
884	0	0	0	0	0	0	0	0	0	0	0	0	0	0	0	0	0	0	0	0	0	0	0	0	0	0	0
5	62	35	32	2	0	69	26	17	24	31	6	6	24	95	6	7	86	45	2	1	22	46	10	57	30	0	112
0	0	0	75	4	0	9	116	0	12	11	0	109	108	0	78	5	95	19	0	0	14	47	2	21	18	0	99
0	0	218	0	0	0	249	0	0	0	36	0	0	0	0	0	0	99	0	0	0	0	107	26	0	0	0	0
0	0	0	0	4	0	0	3	38	64	0	0	0	79	0	0	0	1	0	50	0	0	149	230	0	52	0	0
0	0	0	0	0	0	0	0	0	0	1	0	0	0	0	0	0	0	61	0	0	0	0	0	0	0	0	0
0	0	0	0	0	0	6	0	0	0	0	0	0	0	0	0	0	0	0	0	0	0	0	0	56	0	0	0
1	0	0	1	0	32	0	0	3	0	0	15	1	0	0	6	0	0	0	0	2	0	0	0	0	0	0	0
0	0	0	0	0	0	0	0	0	0	0	0	0	0	0	0	0	0	60	0	0	0	0	0	0	0	0	0
0	0	0	0	0	0	0	0	0	0	0	0	0	0	65	0	0	0	0	0	0	0	0	0	0	0	0	0
0	0	0	4	0	0	0	0	0	0	0	0	0	0	13	0	0	4	41	0	0	0	2	1	0	0	0	0
0	0	0	1	0	0	0	0	1	0	1	0	0	1	0	0	0	0	0	0	0	0	58	0	1	0	0	0
2	0	0	6	1	0	6	0	0	3	0	0	3	2	0	0	0	3	0	23	0	0	0	2	4	7	0	0
0	0	0	2	0	0	0	0	0	0	1	0	1	0	0	0	0	0	0	0	0	0	0	0	7	0	0	0
0	0	8	0	0	0	0	2	0	1	0	0	1	0	0	7	0	0	8	0	6	0	10	0	17	0	0	0
0	0	0	0	0	0	4	0	1	10	2	0	0	12	0	0	1	21	0	1	0	0	0	0	5	0	0	0
0	0	0	0	0	0	0	0	1	0	0	0	0	0	0	0	0	1	0	0	0	3	1	0	0	0	8	4
6	2	0	0	0	0	0	0	0	3	0	0	0	1	0	0	0	0	2	1	0	2	0	0	0	0	0	1
3	1	0	0	0	1	0	3	0	1	1	0	0	0	0	2	0	0	1	0	1	3	1	0	0	0	0	0
0	0	0	1	0	0	0	0	0	0	0	0	0	0	0	0	0	0	0	1	16	0	0	0	0	0	0	0
0	0	0	4	1	0	1	0	2	6	0	0	0	0	0	0	0	0	0	2	0	0	0	1	1	0	0	0
0	1	0	3	0	2	0	5	0	3	0	0	0	0	0	1	0	0	2	0	0	1	0	0	0	0	0	0
0	0	0	1	3	0	0	0	0	0	0	2	0	0	1	0	0	0	0	0	0	0	1	10	0	0	0	0
0	0	0	1	0	0	1	2	4	2	0	0	3	0	0	0	0	0	1	0	0	0	1	0	2	0	0	0
0	4	0	0	0	0	0	0	0	0	1	0	3	0	0	0	1	0	0	0	0	0	0	0	1	0	0	0
0	0	0	0	0	0	0	0	0	0	1	0	0	0	4	0	0	2	0	0	0	0	0	1	0	1	0	1
0	0	0	0	0	0	0	0	0	0	0	0	0	0	0	10	0	0	0	0	0	0	0	0	0	0	0	0
0	0	0	0	0	0	1	0	0	0	0	0	1	1	0	0	0	0	0	0	0	0	0	0	7	0	0	0
0	0	0	0	0	0	0	1	0	0	0	0	0	2	0	0	0	0	0	0	0	0	1	0	0	5	0	0
0	0	0	3	1	0	4	0	0	0	0	0	0	1	0	0	1	0	0	0	0	0	0	0	0	0	0	0
0	0	0	0	1	0	0	0	0	1	0	0	0	3	0	0	0	5	0	0	0	0	0	0	0	0	0	0
1	0	0	1	0	0	0	0	0	0	1	0	0	0	0	0	1	0	1	0	0	0	0	0	1	0	0	4
0	0	0	1	0	0	0	7	0	0	0	0	2	0	0	0	0	0	0	0	0	0	0	0	0	0	0	0
0	0	0	0	0	0	0	0	0	0	0	0	1	0	0	0	0	0	0	0	0	0	0	0	0	0	0	9
0	0	0	0	0	0	0	0	0	0	0	0	0	91	0	0	0	0	0	0	0	0	0	0	0	0	0	0
0	0	0	7	0	0	0	0	0	0	0	0	1	0	0	0	0	0	0	0	0	0	0	0	82	0	0	0
0	9	0	0	0	0	3	0	0	0	0	0	0	0	0	0	0	0	14	0	0	0	15	0	52	0	0	0
0	0	0	0	0	0	4	0	0	18	0	0	0	0	0	0	0	2	0	46	0	0	15	0	0	0	0	0
0	0	0	0	16	0	0	0	0	0	1	0	0	0	0	0	72	0	0	0	0	0	1	2	0	0	0	0
0	0	0	0	0	0	0	0	0	0	0	0	0	0	0	0	0	91	0	0	0	0	0	0	0	0	0	0
5	2	7	3	0	5	3	3	2	2	2	1	2	4	0	5	3	4	4	2	7	2	25	1	1	2	0	0
0	0	0	0	0	0	0	0	0	0	0	0	0	0	96	0	0	0	0	0	0	0	0	0	0	0	0	0
0	22	0	0	0	6	0	14	1	1	0	1	5	0	0	0	0	0	3	2	2	0	0	0	0	1	34	3
2	1	0	0	7	0	0	10	0	1	0	0	1	10	0	2	7	2	19	3	3	0	19	4	2	0	0	1
0	0	1	0	0	0	0	5	1	0	0	0	0	0	0	0	0	1	0	0	0	4	0	0	0	10	0	2
0	0	153	0	0	0	0	0	0	0	68	0	0	0	0	0	0	54	343	0	0	0	192	0	31	149	0	0
0	0	265	216	138	0	211	0	0	0	0	0	72	22	0	0	37	89	0	0	0	0	0	22	0	0	0	0
0	0	0	4	19	0	4	86	107	11	24	65	0	0	76	0	46	5	18	0	0	0	0	9	15	0	691	0
35	129	130	35	0	180	29	0	0	20	0	50	55	23	0	0	34	41	217	170	0	37	18	4	0	7	8	11
178	221	0	13	17	14	9	185	0	42	7	30	31	47	0	21	0	12	43	79	124	60	7	7	49	4	0	97
0	0	160	125	106	0	83	58	0	215	0	0	0	116	0	0	0	59	0	234	0	0	218	0	0	0	0	0
0	0	0	0	0	0	0	1	0	0	0	0	0	0	0	0	0	0	2	0	2	0	0	0	0	0	15	7
0	0	0	0	0	0	0	0	0	0	0	0	0	0	0	0	0	0	0	0	0	0	28	0	0	0	0	0
0	11	0	0	0	3	0	8	0	0	0	0	3	0	0	0	0	0	0	0	0	3	0	0	0	0	0	0
0	0	0	0	0	0	0	0	0	0	0	0	0	0	0	0	0	0	27	0	0	0	0	0	0	0	0	0
0	0	0	0	10	0	0	0	0	3	0	0	0	0	4	0	0	4	0	0	0	0	0	6	0	0	0	0
0	0	0	1	0	0	21	0	0	0	0	0	0	3	0	0	0	0	0	0	0	0	0	3	1	0	0	0
0	0	0	0	0	0	0	0	0	0	0	0	0	0	0	0	0	0	0	0	0	4	0	0	0	25	0	0
0	0	0	0	0	0	0	1	0	0	0	0	1	0	0	0	0	0	3	5	0	0	1	0	0	0	0	0
0	0	0	0	1	0	0	0	2	1	1	0	0	2	0	0	0	1	0	0	0	0	1	1	1	0	0	0
0	0	0	0	0	0	0	0	0	0	0	0	0	0	0	0	0	0	0	0	0	1	0	0	0	4	0	0
0	0	0	0	0	1	1	3	0	0	0	0	1	0	0	0	0	0	0	0	0	5	0	0	0	0	0	0
0	0	0	2	0	0	0	0	0	0	1	0	0	2	0	0	0	0	0	3	0	0	0	1	2	0	0	0
0	1	0	0	0	0	0	0	0	0	1	0	1	0	0	0	0	0	1	0	4	2	0	0	0	1	0	0
0	0	0	0	0	0	0	0	0	0	0	0	0	0	0	0	0	11	0	0	0	0	0	0	0	0	0	0
0	0	0	1	0	0	1	0	2	1	0	0	0	2	0	0	1	2	0	0	0	0	0	1	0	0	0	0
0	3	0	0	0	0	0	0	0	1	0	0	0	0	0	0	0	0	1	3	0	0	0	0	0	0	3	0
0	0	1	4	0	0	0	1	0	1	0	0	0	0	0	0	0	0	1	1	1	0	1	0	0	0	0	0
0	0	0	0	0	0	0	0	0	0	0	0	0	0	0	0	0	1	180	0	0	0	0	0	0	0	0	0
23	0	1	0	0	19	0	6	6	0	3	0	1	3	1	9	1	42	2	8	4	27	10	2	3	1	0	11
0	0	40	5	0	0	7	0	0	0	9	0	0	7	0	0	0	9	6	49	5	0	8	6	31	12	0	0
0	2	0	1	0	0	0	2	0	0	0	0	3	0	1	0	0	0	1	1	1	0	0	0	0	0	4	0
0	3	0	0	0	0	0	13	0	0	0	0	0	0	0	0	0	0	0	0	0	0	0	0	0	0	0	0
0	0	0	14	0	0	0	0	0	0	0	0	0	0	0	0	0	0	0	0	0	0	0	0	1	0	0	1
0	0	0	2	1	0	4	0	0	0	0	0	0	1	0	0	3	1	0	0	0	0	1	2	0	0	0	0
0	0	0	0	0	0	0	0	0	0	0	0	0	0	0	0	0	0	16	0	0	0	0	0	0	0	0	0
0	0	16	0	0	0	0	0	0	0	0	0	0	0	0	0	0	0	0	0	0	0	0	0	0	0	0	0
0	0	0	0	0	0	0	0	0	0	0	0	0	0	0	0	0	0	0	10	0	0	5	0	0	0	0	0
0	0	0	1	0	0	0	1	0	0	0	0	2	0	1	0	8	0	0	0	0	1	0	0	1	0	0	0
1	0	0	1	0	0	0	1	0	1	0	0	2	0	0	0	0	0	6	1	1	0	0	0	0	0	0	0
0	0	0	0	0	1	0	0	1	0	0	0	0	0	11	0	0	0	0	0	0	0	0	0	0	0	0	0
0	7	57	1	0	0	8	7	0	5	8	0	41	2	0	0	0	14	3	17	0	0	29	0	6	5	0	0
0	0	0	0	0	0	56	0	0	0	0	0	0	506	0	0	0	0	0	0	0	0	0	21	0	0	0	0
26	3	3	7	2	0	6	6	4	32	9	6	73	35	0	9	0	8	90	174	82	1	43	2	32	2	0	6
0	820	0	0	2	245	1	40	0	0	0	0	0	13	0	0	0	0	0	0	0	328	2	0	0	0	0	0
0	482	49	12	0	204	8	171	0	0	0	0	133	0	0	2	0	0	0	0	0	298	59	0	0	0	0	0
1	0	0	0	0	0	0	0	0	0	0	0	0	0	0	0	0	0	0	6	1	0	0	0	7	2	0	1
78	238	0	2	0	1065	0	3	0	0	1	0	2	3	0	0	3	0	41	0	0	199	1	35	16	0	0	194
0	0	0	0	408	0	0	0	1	67	0	0	0	20	522	0	0	370	0	0	0	0	0	382	0	719	0	0
0	142	0	0	20	190	0	0	233	0	117	0	193	0	492	0	144	207	0	0	0	0	0	279	57	58	0	68
11	164	156	6	7	6	35	115	10	14	68	0	43	27	14	25	14	169	75	207	10	27	7	15	38	101	0	117
59	167	0	84	34	0	23	49	114	80	21	272	33	75	0	27	8	25	197	165	0	63	26	122	24	25	0	184
3	0	0	1	0	0	0	0	0	0	0	0	1	0	0	3	0	0	2	0	2	0	0	0	0	0	0	0
0	0	0	0	1	0	1	0	1	0	1	0	0	3	2	0	3	4	0	0	0	0	0	2	0	0	0	0
0	1	0	0	0	0	0	1	0	0	0	0	0	2	0	0	0	0	0	0	0	9	0	0	0	5	6	0
0	0	0	1	0	0	0	6	0	0	0	0	0	0	0	0	0	2	16	0	0	0	0	0	0	0	0	0
0	13	0	0	0	0	0	0	1	5	0	3	0	0	0	0	0	0	0	0	0	0	0	0	0	0	3	0
0	0	0	0	0	0	0	0	0	0	0	0	0	0	0	0	0	26	0	0	0	0	0	0	0	0	0	0
0	0	2	0	0	0	0	0	0	0	0	0	0	0	0	0	0	0	1	6	5	1	8	2	0	0	0	0
2	0	0	2	0	0	0	3	0	0	0	0	3	0	0	0	0	0	12	3	0	0	0	0	0	1	0	0
0	0	0	0	0	10	0	1	0	0	0	0	0	0	5	0	1	0	0	0	0	0	8	0	0	1	0	0
0	22	0	0	1	0	0	2	0	0	0	0	0	0	0	1	0	0	0	0	0	0	0	0	0	0	0	0
0	0	0	0	0	0	0	0	0	0	0	0	0	0	0	0	0	9	0	0	0	0	0	0	0	0	0	0
0	0	0	1	1	0	0	0	1	0	1	0	0	3	0	0	0	1	0	1	0	0	1	0	0	0	0	0
0	0	0	0	4	0	0	0	0	0	0	0	0	0	1	0	0	3	0	0	0	0	0	1	0	0	0	0
0	4	0	0	0	2	0	0	0	0	0	0	0	0	0	0	0	0	0	0	0	4	0	0	0	0	0	0
0	0	0	1	0	0	0	0	2	1	0	0	0	1	1	0	1	0	0	2	0	0	0	0	1	0	0	0
0	0	0	0	11	0	0	0	0	0	0	0	0	0	0	0	0	0	0	0	0	0	0	0	0	0	0	0
0	0	0	0	2	0	0	0	0	2	1	0	0	1	0	0	1	1	0	0	0	0	1	2	0	0	0	0
0	0	0	0	1	0	0	0	6	0	0	0	0	1	0	0	1	2	0	0	0	0	1	1	0	0	0	0
0	0	0	1	1	0	1	0	1	0	0	0	0	1	0	0	0	3	0	0	0	0	0	1	1	0	0	0
0	0	1	1	0	1	0	0	0	0	1	2	0	0	0	0	0	0	1	1	0	0	0	0	0	0	1	1
0	0	0	4	2	0	0	0	2	2	1	0	0	0	0	0	1	2	0	1	0	0	0	0	1	0	0	0
1	1	0	0	0	2	0	1	0	6	0	1	0	1	0	0	0	0	0	0	1	0	0	0	2	0	0	0
0	0	0	0	0	0	1	1	0	0	0	0	3	1	0	0	0	0	2	2	6	0	1	0	0	0	0	0
0	15	0	0	0	0	0	0	0	0	0	0	0	0	0	0	0	0	0	0	0	1	0	0	0	0	0	0
0	0	0	1	1	0	1	0	4	1	1	0	0	1	0	0	0	2	0	1	0	0	0	2	0	0	0	0
2	1	0	1	0	1	1	0	0	2	0	0	0	2	0	0	0	0	4	0	0	0	1	0	0	1	0	0
0	1	0	7	0	0	0	8	0	0	0	0	0	0	0	0	0	0	0	0	0	0	0	0	0	0	0	0
0	0	0	1	0	0	0	0	0	1	0	0	0	1	0	0	0	2	0	8	1	0	0	0	2	0	0	0
0	0	0	9	0	0	0	0	0	0	0	0	0	0	0	0	0	0	3	0	0	0	2	0	0	2	0	0
0	2	0	0	0	0	0	8	0	1	1	0	1	0	0	0	0	0	0	0	0	0	0	1	0	0	0	0
0	1	0	2	0	0	0	14	0	0	1	0	0	0	0	0	2	0	5	0	0	1	0	0	0	18	0	6
4	0	0	2	1	0	1	0	0	4	0	0	0	0	0	0	1	0	0	1	0	0	0	0	0	0	0	0
