GSVY1IH01.MID4.pool1-1	GG349S001.MID13.1320	GSVY1IH02.MID8.pool2-8	GSVY1IH02.MID10.pool2-1	GSVY1IH03.MID9.pool3-9	GSVY1IH03.MID8.pool3-8	GSVY1IH03.MID6.pool3-6	GSVY1IH04.MID12.pool4-12	GSVY1IH03.MID12.pool3-1	GG349S002.MID13.1321	GSVY1IH01.MID12.pool1-12	GG349S003.MID13.1322	GSVY1IH01.MID2.pool1-2	GG349S007.MID13.1327	GSVY1IH01.MID8.pool1-8	GSVY1IH02.MID2.pool2-2	GSVY1IH03.MID7.pool3-7	GSVY1IH03.MID12.pool3-12	GSVY1IH04.MID2.pool4-2	GSVY1IH01.MID7.pool1-7	GSVY1IH04.MID7.pool4-7	GSVY1IH03.MID3.pool3-3	GG349S004.MID13.1323	GSVY1IH04.MID6.pool4-6	GSVY1IH04.MID3.pool4-3	GSVY1IH01.MID6.pool1-6	GSVY1IH02.MID7.pool2-7	GSVY1IH04.MID8.pool4-8	GSVY1IH02.MID6.pool2-6	GSVY1IH01.MID4.pool1-4	GSVY1IH01.MID9.pool1-9	GSVY1IH02.MID4.pool2-4	GG349S005.MID13.1325	GSVY1IH03.MID4.pool3-4	GSVY1IH04.MID4.pool4-4	GSVY1IH04.MID9.pool4-9	GG349S006.MID13.1326	GSVY1IH01.MID5.pool1-5	GSVY1IH01.MID10.pool1-10	GG349S008.MID13.1328
0	0	12	141	98	40	0	41	0	0	9	0	2	0	5	292	0	8	2	18	0	0	0	0	0	0	0	27	0	0	12	0	0	0	0	1	2	0	0	50
0	0	15	1	10	18	0	2	7	0	28	0	2	246	14	16	3	11	0	24	0	0	81	1	0	18	1	104	15	0	18	0	2	0	0	19	2	9	0	69
13	0	0	0	6	0	0	0	0	0	0	0	0	3	0	0	0	0	0	0	0	1	0	0	1	0	0	0	0	0	135	0	141	0	0	7	0	0	1	412
0	0	0	0	0	0	0	0	1	0	0	2	0	0	0	0	0	0	0	0	0	2	7	0	11	0	0	0	0	14	0	0	1	1	1	0	177	0	518	0
1	0	0	0	0	0	0	0	2	0	0	0	2	3	0	0	0	0	0	0	0	1	0	0	2	0	0	0	0	3	0	0	0	0	4	0	2	0	0	0
0	2	1	0	0	0	0	0	0	3	0	1	0	0	0	0	0	0	0	0	0	0	0	0	0	0	0	0	0	0	0	0	2	0	0	0	0	1	0	0
0	0	0	0	0	0	0	0	0	0	0	0	0	0	0	0	0	0	0	0	0	0	0	0	0	0	0	0	0	0	0	0	0	0	0	0	8	0	0	0
0	3	0	0	0	0	0	0	0	0	0	0	0	0	0	0	0	0	0	0	2	0	0	0	0	0	0	0	0	0	0	0	5	0	0	0	0	0	0	0
0	0	0	0	0	0	2	0	0	0	0	0	0	3	4	0	0	0	0	0	0	0	0	0	0	0	0	0	0	0	0	0	0	0	1	0	0	0	0	0
0	0	0	0	0	0	0	0	0	0	0	0	0	0	0	0	0	0	0	0	0	1	0	0	1	0	0	1	0	4	0	0	0	0	0	0	1	0	0	0
0	0	0	1	0	0	0	0	0	0	0	0	0	0	0	0	0	0	6	0	0	0	0	0	0	0	0	0	0	0	0	0	1	0	0	0	0	1	0	0
0	10	0	0	0	0	0	0	0	0	0	0	0	0	0	0	0	0	0	0	0	0	0	0	0	0	0	0	0	0	0	0	0	0	0	0	0	0	0	0
0	0	0	0	0	0	0	0	0	3	0	9	0	0	0	0	0	0	1	0	0	0	0	0	0	0	21	0	0	0	0	0	2	0	0	0	0	1	0	0
0	0	0	0	0	0	2	0	0	0	0	0	0	0	0	0	0	0	0	0	0	0	0	23	0	7	2	0	3	0	0	0	0	0	0	0	0	0	0	0
0	0	0	0	0	0	0	0	0	0	0	0	0	0	0	0	0	0	0	0	0	0	0	0	0	0	0	0	0	0	0	0	37	0	0	0	0	0	0	0
0	0	0	0	0	0	0	0	0	0	0	0	0	0	0	0	0	0	0	0	0	0	0	0	0	0	0	0	0	0	0	0	0	0	0	0	0	0	36	0
0	0	5	0	0	0	0	2	0	1	0	0	0	2	0	0	0	0	0	0	0	0	0	0	0	1	0	0	0	0	0	3	20	0	0	0	0	0	0	1
0	0	0	0	0	32	0	3	0	0	0	0	0	0	0	0	0	0	0	0	0	0	0	0	0	0	0	0	0	0	0	0	0	0	0	0	0	0	1	0
0	0	0	0	0	0	0	0	0	0	0	0	0	0	0	0	0	0	0	3	0	0	0	0	0	0	0	0	0	0	0	0	0	33	0	0	0	0	0	0
0	0	2	0	0	0	0	0	0	0	0	0	0	0	0	1	0	0	5	0	0	0	0	0	0	17	0	0	0	0	1	0	0	0	0	3	0	0	0	7
0	0	0	0	0	0	0	0	0	0	0	0	0	0	0	0	3	3	0	0	0	0	0	0	0	0	0	0	0	0	0	0	0	1	0	0	0	0	0	0
0	0	1	2	0	0	0	0	0	0	0	0	0	0	0	0	0	0	0	0	0	0	0	0	0	0	0	0	0	0	0	0	0	0	0	0	0	0	0	0
0	0	0	0	0	0	0	0	0	0	13	6	0	0	0	0	0	0	0	2	0	55	3	0	0	0	0	0	0	0	0	0	0	0	0	0	31	0	0	0
0	0	0	49	0	0	0	0	1	0	0	0	0	0	2	0	0	0	0	0	0	0	17	0	0	0	0	0	0	0	4	0	9	0	0	0	0	1	0	23
0	6	0	0	18	5	0	0	0	0	0	9	0	0	0	0	0	0	1	22	0	0	0	0	0	0	13	0	0	0	1	0	0	0	0	0	0	39	0	0
3	40	3	0	0	1	0	5	0	0	15	0	1	0	0	0	1	1	13	1	0	1	0	7	0	2	0	0	1	1	1	0	11	0	0	0	0	4	2	0
2	65	1	42	0	0	0	0	0	0	0	0	0	0	0	0	0	0	0	0	0	0	0	0	0	0	0	0	0	0	0	10	0	0	0	0	0	0	0	0
5	0	0	2	0	0	5	0	11	0	0	0	7	0	0	0	0	0	0	0	0	7	0	0	24	0	0	0	0	16	0	2	0	2	18	0	0	0	2	0
1	1	0	4	0	0	0	1	6	4	1	0	0	0	0	0	9	0	1	15	41	0	0	1	0	1	5	0	4	0	0	0	5	0	0	0	0	1	1	0
0	101	0	0	0	0	0	0	0	0	0	0	0	1	0	0	0	0	0	0	0	0	4	0	0	0	0	0	1	0	0	1	1	0	0	0	0	0	0	1
0	0	0	0	0	0	0	0	0	0	0	0	1	9	4	0	0	0	0	0	0	0	0	0	0	0	0	0	0	0	1	1	3	0	0	0	0	0	0	0
0	5	0	1	0	1	0	0	0	0	0	1	0	3	0	0	0	0	0	0	0	0	5	1	0	0	1	0	1	0	0	0	2	0	0	0	0	0	0	0
0	0	0	0	0	0	0	0	0	0	0	0	0	0	0	0	0	0	0	0	0	0	0	0	0	0	0	0	0	0	2	0	8	0	0	0	0	1	0	10
0	0	3	0	0	3	0	0	0	0	0	0	0	0	3	0	0	0	0	0	0	0	0	0	0	0	0	12	0	0	0	0	0	0	0	0	0	0	0	0
0	0	0	0	0	0	5	0	1	0	0	0	1	5	1	0	0	0	0	0	0	0	0	0	0	0	0	0	1	1	0	2	0	0	2	0	0	1	0	0
0	0	0	0	0	0	4	0	0	0	0	0	1	4	4	0	0	0	0	2	0	0	0	0	0	0	0	0	0	2	0	0	3	0	1	0	0	0	0	0
1	5	0	0	0	0	0	0	0	0	0	0	0	0	0	0	0	0	0	1	0	0	5	1	0	0	0	0	4	0	0	2	1	0	0	0	0	0	0	1
0	7	2	0	0	0	0	0	0	0	0	1	0	1	0	0	0	0	0	0	0	0	6	1	0	0	1	0	0	0	0	0	1	0	0	0	0	1	0	0
4	7	2	0	0	1	0	0	0	0	1	0	0	0	0	0	0	0	0	0	1	1	0	1	0	0	0	0	2	0	0	0	1	0	0	0	0	0	0	0
0	0	1	0	0	0	0	0	0	0	0	1	0	1	0	0	0	0	0	0	0	0	0	2	0	0	1	0	0	0	0	0	2	0	0	0	0	0	0	0
0	0	0	0	0	0	0	4	0	0	0	0	1	0	0	1	0	1	0	0	0	0	0	0	0	0	0	0	0	0	0	0	0	0	1	0	0	1	0	0
0	0	0	0	0	0	1	0	0	0	0	0	0	10	0	0	0	0	0	0	0	0	0	0	0	0	0	0	0	0	0	0	1	0	0	0	0	0	0	0
0	0	0	0	0	0	0	0	1	0	0	0	2	0	1	0	0	0	0	0	0	0	0	0	3	0	0	0	0	1	0	0	0	0	2	0	1	0	0	0
0	0	0	0	0	0	0	0	1	0	0	0	119	4	1	0	0	0	7	0	0	0	0	0	0	0	0	0	0	0	0	0	4	1	0	0	0	0	0	0
0	5	0	0	0	0	1	0	0	0	0	1	0	0	0	0	0	0	0	0	0	0	4	0	0	0	0	0	2	0	1	1	2	0	0	0	0	0	0	0
0	6	0	0	0	0	0	0	0	0	1	0	0	2	0	0	0	0	0	0	0	0	3	0	0	1	1	0	2	0	0	1	0	0	0	0	0	0	0	0
0	0	0	0	0	0	0	0	0	0	0	0	0	0	0	0	0	0	0	0	0	0	0	0	0	0	16	0	0	0	0	0	0	0	0	0	0	1	0	0
0	0	0	0	1	0	1	156	0	0	24	0	0	1	0	0	0	25	0	1	0	0	0	0	0	15	0	0	0	0	34	0	1	0	0	3	0	0	0	219
0	0	0	1	0	0	0	0	0	0	0	0	0	0	0	0	0	0	0	0	0	0	0	0	0	0	0	0	0	0	0	0	0	0	0	0	16	0	0	0
0	13	1	0	0	0	0	0	0	0	0	0	0	0	0	0	0	0	0	0	0	0	0	0	0	0	2	0	0	0	0	0	0	0	0	0	0	0	0	0
0	1	0	0	0	0	0	11	0	0	2	0	0	0	0	0	0	1	0	0	0	0	0	0	0	0	0	0	0	0	0	0	0	0	0	0	0	0	0	0
0	8	0	0	0	0	0	0	0	9	0	0	0	0	0	0	0	0	0	0	0	0	0	0	0	0	0	0	0	0	0	0	0	0	0	0	0	0	0	0
2	0	0	0	1	0	0	0	0	0	4	0	0	0	0	0	0	0	0	0	0	0	0	0	0	0	0	0	0	0	0	0	0	0	0	0	0	0	0	0
0	0	0	0	1	0	0	0	0	214	0	9	0	0	0	0	0	0	2	0	0	0	0	0	0	0	0	0	0	0	0	0	15	0	0	0	0	0	0	0
0	0	0	0	0	0	0	0	0	0	0	0	0	0	0	0	0	0	0	0	0	0	0	0	0	0	0	0	0	0	0	12	0	0	0	0	0	0	0	0
0	0	5	0	0	0	0	59	0	41	67	2	0	0	0	0	2	26	0	9	2	0	0	2	0	0	0	0	0	0	0	0	12	0	1	0	0	2	2	0
0	0	0	0	10	0	0	0	0	0	0	0	0	0	0	0	0	0	0	0	0	0	0	0	0	0	2	0	0	0	18	0	5	0	0	1	0	0	0	0
0	0	0	0	0	0	0	0	0	0	0	0	1	7	0	0	1	0	0	0	0	0	0	0	0	1	0	0	0	0	0	0	0	0	0	0	0	0	0	0
0	0	0	0	0	1	0	0	1	0	0	0	0	0	0	0	0	0	0	0	0	0	0	0	0	0	0	0	0	1	0	0	0	1	2	0	2	0	0	0
0	0	0	0	0	0	0	0	0	0	0	0	0	0	0	0	0	0	0	0	0	0	0	0	0	0	0	0	0	0	0	0	0	0	0	0	12	0	0	0
0	0	0	0	0	0	0	0	0	0	0	0	0	0	1	0	0	0	0	0	0	0	0	0	0	0	0	0	0	0	0	0	0	218	1	0	0	0	0	0
0	2	0	0	0	0	0	0	0	0	0	0	0	2	0	0	0	0	0	0	1	0	1	2	0	0	1	0	0	0	0	0	2	0	0	0	0	0	0	0
0	0	0	0	0	0	0	0	0	0	0	0	0	0	0	0	0	0	0	0	0	0	4	0	0	0	0	0	0	0	0	0	0	0	0	0	0	0	0	17
0	0	0	0	0	0	1	0	0	19	0	53	0	2	0	0	0	0	0	1	0	0	0	0	0	0	0	0	0	0	0	0	0	0	0	0	0	0	0	0
0	0	0	0	0	0	0	0	1	0	0	0	1	0	2	0	0	0	0	0	0	0	0	0	0	0	0	0	0	4	0	0	0	4	4	0	0	0	0	0
0	0	0	1	0	0	0	0	0	0	0	0	0	0	0	1	0	0	7	0	0	0	0	0	0	0	0	0	0	0	0	0	0	0	0	0	0	1	0	0
0	16	0	5	1	0	0	0	0	1	0	15	35	0	0	17	0	0	133	0	0	0	0	0	0	0	0	0	0	0	53	0	48	0	0	3	1	0	0	12
0	4	2	0	0	0	0	0	1	0	0	2	0	0	0	0	0	0	0	0	0	0	0	0	0	0	0	0	0	0	0	0	2	0	0	0	0	0	0	0
0	0	0	18	0	0	1	0	0	0	0	0	0	0	1	2	0	0	0	0	0	0	1	0	0	11	0	0	1	0	0	0	0	0	0	0	0	0	0	0
0	0	0	0	0	0	0	0	0	0	0	0	0	0	0	0	6	0	0	6	20	0	0	0	0	0	3	0	0	0	0	0	0	0	0	0	0	0	0	0
0	0	18	0	0	0	1	0	0	0	0	0	0	6	4	0	0	0	0	0	0	0	0	0	0	0	0	1	0	0	0	0	3	0	1	0	0	0	0	0
0	0	0	5	10	0	0	0	0	0	0	0	0	21	0	0	0	0	0	0	0	0	0	0	0	0	0	0	0	0	0	0	0	0	0	0	0	0	0	0
0	0	0	0	0	14	0	0	0	0	0	5	0	0	0	0	0	0	0	0	0	0	0	0	0	0	0	0	0	0	0	0	0	0	0	0	0	3	13	0
0	0	0	2	1	1	0	0	0	0	1	6	1	0	0	2	0	0	7	0	0	0	0	0	0	0	0	0	1	0	0	0	4	0	0	2	0	2	1	0
0	0	0	0	0	0	0	0	1	0	0	0	0	0	0	0	0	0	0	0	0	0	0	0	0	0	0	0	0	0	0	0	0	0	0	0	34	0	0	0
0	0	0	1	0	0	0	0	0	0	0	0	2	0	0	1	1	0	0	1	1	0	0	0	0	0	0	0	0	0	1	0	0	0	0	0	0	0	0	3
0	3	0	0	0	0	0	0	0	0	0	0	0	1	0	0	0	0	0	0	0	0	5	0	0	0	0	0	3	0	0	0	1	0	0	0	0	0	0	0
0	0	0	0	0	0	5	0	0	0	0	0	0	0	0	0	2	0	0	25	0	0	0	46	0	5	0	0	2	0	0	0	0	0	0	0	0	0	0	0
0	0	3	0	0	1	0	0	0	0	24	0	0	0	2	0	0	5	0	1	0	0	0	0	0	0	0	0	0	0	0	0	0	48	0	0	0	0	0	0
0	0	0	0	0	0	0	0	0	0	0	0	1	0	0	2	0	0	18	4	4	0	0	0	0	0	0	0	0	0	0	0	0	0	0	0	1	0	4	0
0	0	0	0	7	10	0	40	0	0	5	0	0	0	0	0	0	1	0	3	0	0	0	0	0	0	0	0	0	0	9	0	0	0	0	0	0	1	0	1
0	0	0	0	35	2	0	0	0	0	0	0	0	23	0	0	0	1	0	0	0	0	0	0	0	2	0	0	11	0	0	0	0	0	0	0	28	1	0	0
0	0	0	0	0	8	7	1	0	0	0	0	2	0	0	0	0	0	25	0	0	0	0	24	0	4	0	0	1	0	0	0	0	0	0	0	0	22	2	0
0	101	0	0	0	0	0	0	0	0	0	0	0	0	0	0	0	0	0	0	0	0	0	0	0	0	0	0	0	0	0	0	0	0	0	0	0	0	0	0
32	0	0	0	2	0	0	0	8	0	0	0	0	2	0	0	0	0	0	0	1	10	0	0	0	12	18	0	2	0	0	0	0	0	0	2	7	0	0	3
0	0	0	0	0	0	4	0	0	0	0	0	0	2	3	0	0	0	0	0	0	0	0	22	0	14	0	0	0	44	0	2	0	3	4	0	0	0	0	0
42	1	0	0	0	2	0	3	26	3	0	2	0	0	0	0	1	1	2	3	4	0	0	0	0	0	1	0	0	0	0	0	3	0	0	0	0	0	0	0
0	0	0	0	0	0	0	0	0	0	0	0	0	0	0	0	0	0	0	2	0	0	0	0	0	0	0	0	0	0	0	0	37	0	0	0	1	27	28	0
5	1	0	0	0	0	0	0	7	2	0	0	0	0	0	0	0	0	0	0	1	0	0	0	0	0	1	0	1	0	0	0	1	0	0	1	0	1	0	0
0	0	0	0	0	0	0	0	0	0	0	0	0	13	4	0	0	0	0	0	0	0	0	0	0	0	0	0	0	0	0	0	4	0	0	0	0	0	0	0
0	0	0	0	0	0	1	0	1	0	0	0	0	1	0	2	0	0	0	0	0	1	0	0	3	0	0	0	0	4	0	0	0	2	5	0	0	0	0	0
0	0	0	0	0	0	0	0	2	0	0	0	0	2	0	0	0	0	0	0	0	0	1	0	2	0	0	2	0	2	0	1	0	3	2	0	2	0	1	0
0	6	1	0	0	0	0	0	0	0	0	0	0	0	0	0	0	0	0	0	1	0	9	2	0	0	1	0	0	0	0	1	0	0	0	0	0	1	0	0
0	0	0	0	0	0	0	0	0	22	0	0	0	0	0	0	0	0	0	0	0	0	0	0	0	0	0	0	0	0	0	0	0	0	0	0	0	0	0	0
0	0	0	0	0	0	0	0	0	6	0	15	0	0	0	0	0	0	0	0	0	0	0	0	0	0	0	0	0	0	0	0	0	0	0	0	1	0	0	0
0	0	0	0	0	0	0	0	2	4	0	0	0	0	0	0	0	0	0	0	0	0	9	0	0	0	0	0	0	0	0	0	4	0	0	0	0	1	2	0
0	0	0	0	0	0	0	0	0	22	0	0	0	0	0	0	0	0	0	0	0	0	0	0	0	0	0	0	0	0	0	0	0	0	0	0	0	0	0	0
0	0	0	0	0	0	0	0	0	0	0	0	1	0	0	0	0	0	0	0	0	0	0	0	0	0	0	0	0	1	0	0	0	0	0	0	10	0	0	0
0	0	0	0	0	0	2	0	0	0	0	0	2	3	0	0	0	0	0	0	0	0	0	0	0	0	0	1	0	0	0	1	0	1	0	0	0	0	0	0
0	0	0	0	0	0	0	0	1	0	0	0	0	1	0	0	0	0	0	0	0	1	0	0	1	0	0	0	0	1	0	1	0	0	2	0	1	0	0	0
0	3	0	0	0	0	0	0	0	0	0	2	0	0	0	0	0	0	0	0	1	0	4	0	0	0	1	0	0	0	0	0	2	0	0	0	0	0	0	0
0	0	0	0	0	0	0	0	0	0	0	0	3	4	0	0	2	0	0	0	0	0	0	0	0	3	1	0	0	0	0	0	0	0	0	0	0	0	0	0
0	0	0	0	0	0	0	0	0	0	0	0	0	5	0	0	0	0	0	0	0	0	1	0	0	2	0	0	0	0	0	5	0	0	0	0	0	0	0	0
0	0	0	0	0	0	0	0	0	0	0	0	1	0	0	0	0	0	7	0	0	0	0	1	0	0	0	0	0	0	0	0	2	0	0	0	0	0	0	0
0	0	0	0	0	0	0	0	2	0	0	0	0	0	0	0	0	0	0	0	0	0	0	0	2	0	0	0	0	0	0	0	0	0	1	0	0	0	0	0
0	4	0	0	0	1	0	0	0	0	0	0	0	1	0	0	0	0	0	0	1	0	4	0	0	0	1	1	1	0	0	0	2	0	0	0	0	0	0	0
0	0	1	0	0	0	0	0	0	0	0	12	0	0	0	0	0	0	0	0	0	0	0	0	0	0	0	1	1	0	0	0	1	0	0	0	0	0	0	0
0	0	0	0	0	0	0	0	0	0	0	0	0	0	0	1	0	0	0	0	0	0	0	0	0	0	0	0	0	0	0	15	0	0	0	0	0	0	0	0
0	0	1	0	0	0	2	0	0	0	1	0	0	1	0	0	0	0	0	5	1	0	0	2	0	0	0	0	0	0	0	0	0	0	0	0	0	0	0	0
0	0	0	0	0	1	2	0	0	0	0	0	3	1	2	0	0	0	0	0	0	0	0	0	0	0	0	2	0	1	0	1	0	1	1	0	0	0	0	0
0	0	0	0	0	0	0	0	2	0	0	0	0	1	1	0	0	0	0	0	0	0	0	0	4	0	0	0	0	2	0	0	0	1	2	0	4	0	0	0
0	5	0	0	0	1	0	0	0	0	0	0	0	1	0	0	0	0	0	0	0	0	6	0	0	0	0	1	0	0	0	2	1	0	0	0	0	0	0	0
0	0	1	0	0	0	2	0	0	0	0	0	0	4	2	0	0	0	0	0	0	0	0	0	0	0	0	0	0	2	0	1	0	1	2	0	0	0	0	0
4	0	0	0	1	0	0	0	2	0	0	0	0	0	0	0	0	0	0	0	0	0	0	0	0	0	0	0	0	0	3	0	2	0	0	3	0	0	0	0
0	0	0	0	0	0	0	0	0	6	0	0	0	0	0	0	0	0	0	0	0	0	0	0	0	0	0	0	0	0	0	0	0	0	0	0	0	0	0	5
0	0	0	0	0	0	0	0	0	0	0	0	0	5	0	0	0	0	0	0	0	0	0	0	0	0	0	0	0	0	0	1	1	0	0	0	0	0	0	0
0	0	0	0	0	0	0	0	0	0	0	0	0	0	0	0	0	0	0	0	0	0	0	0	0	0	0	0	0	0	0	0	0	0	0	0	0	0	14	0
0	0	0	0	0	0	190	0	0	235	0	0	0	0	0	0	0	0	0	1	0	0	0	940	0	217	213	0	96	0	0	0	0	0	0	0	0	0	0	0
0	0	0	0	0	0	0	0	0	67	0	0	1	0	0	0	0	0	0	0	0	0	0	0	0	0	0	0	0	0	0	0	0	0	0	0	0	0	0	0
0	0	0	0	0	0	0	0	1	0	0	0	0	1	0	0	0	0	0	0	0	0	0	0	0	0	0	0	0	2	0	1	0	0	1	0	3	0	0	0
0	0	0	0	0	0	0	2	0	0	3	39	0	0	0	0	33	0	0	2	3	0	0	0	0	0	1	0	0	0	0	0	0	0	0	0	0	0	0	0
0	1	0	0	0	0	0	0	0	0	0	0	0	0	0	0	0	0	0	0	0	0	1	0	0	0	0	0	0	0	0	0	128	0	0	0	0	0	0	0
0	0	0	0	0	0	1	0	0	0	0	0	0	0	0	0	0	0	0	0	0	0	0	0	0	0	0	0	0	0	0	0	9	0	0	0	0	0	0	0
0	0	0	0	0	0	0	0	0	0	0	0	0	0	0	0	0	0	0	0	0	0	1	0	0	0	0	0	0	0	0	0	131	0	0	0	0	0	0	0
0	0	0	0	0	0	0	0	0	0	0	0	1	0	0	1	0	0	7	0	0	0	0	0	0	0	0	0	0	0	0	0	0	0	0	0	0	0	0	0
0	0	0	0	1	0	0	0	0	0	0	0	0	0	0	0	0	0	0	0	0	0	0	2	0	0	1	0	0	0	0	1	4	0	0	0	0	0	0	0
0	7	0	0	0	0	0	0	0	0	0	0	0	2	0	0	0	0	0	0	0	0	11	0	0	0	0	0	0	0	0	0	0	0	0	0	0	0	0	0
0	13	2	0	2	0	0	0	1	0	0	2	0	0	0	0	0	0	0	0	0	0	0	0	0	0	0	0	0	0	0	0	0	0	0	0	0	0	0	0
0	0	0	0	1	0	0	0	0	0	0	0	2	5	0	0	7	0	0	0	0	0	0	0	0	3	1	0	0	0	0	0	0	0	0	0	0	0	0	0
0	6	0	1	0	0	0	0	0	0	0	0	0	2	0	0	0	0	0	1	0	0	6	1	0	0	3	0	0	0	0	0	0	0	0	0	0	0	0	0
0	0	0	0	0	1	4	0	0	0	0	0	0	8	0	0	0	0	0	0	0	0	0	0	0	0	0	0	0	1	1	0	1	0	3	0	0	0	0	0
0	0	0	0	0	0	0	0	0	0	0	0	0	0	1	0	0	0	0	0	0	1	0	0	4	0	0	0	0	1	0	0	0	0	3	0	10	0	0	0
0	0	0	0	0	0	0	0	0	0	0	0	0	10	3	0	0	0	0	0	0	0	0	0	0	0	0	0	0	3	0	0	1	0	2	0	0	0	0	0
0	0	0	0	0	0	0	25	0	0	1	0	0	0	10	0	0	5	0	0	0	0	0	0	0	0	0	0	0	0	0	0	2	0	0	0	0	0	0	0
25	0	2	0	0	0	1	0	1	0	0	0	2	0	0	1	0	0	7	0	0	0	0	4	0	1	1	0	0	0	0	0	0	0	0	0	0	0	0	0
0	0	2	0	0	0	1	0	14	7	0	3	2	0	0	0	0	0	1	1	1	0	0	4	0	1	0	0	0	0	0	0	0	0	0	4	0	3	0	0
0	0	0	0	0	0	0	2	14	0	16	1	0	0	0	0	0	0	0	1	0	0	0	0	0	0	0	0	1	0	0	0	0	0	0	0	0	0	0	0
0	0	0	0	0	0	0	0	0	0	0	0	0	0	0	0	0	0	0	0	0	0	0	0	0	0	0	0	0	0	0	0	0	0	0	0	1	0	0	0
0	0	0	0	0	0	0	34	0	0	4	0	0	0	0	0	0	7	0	0	0	0	0	0	0	0	0	0	0	0	0	0	0	0	0	0	0	0	0	0
0	1	0	0	0	0	0	0	0	0	0	0	0	0	0	0	0	0	0	0	0	0	0	0	0	0	44	0	0	0	0	0	0	0	0	0	0	0	0	0
0	2	1	2	0	0	2	0	0	0	1	0	0	0	0	0	0	0	0	0	0	0	10	11	0	0	1	1	13	0	0	2	0	0	0	0	0	0	0	0
0	0	0	0	0	0	0	27	0	0	5	0	0	0	0	0	0	13	0	0	0	0	0	0	0	0	0	0	0	0	0	0	0	0	0	0	0	0	0	0
0	0	0	0	0	0	0	18	0	0	4	0	0	0	0	0	0	4	0	0	0	0	0	0	0	0	0	0	0	0	0	0	0	0	0	0	0	0	0	0
0	0	0	0	0	0	1	0	0	0	0	0	0	3	0	0	0	0	0	0	0	0	0	0	0	0	0	1	0	0	0	0	2	1	2	0	0	0	0	0
0	1	0	1	0	0	0	0	0	0	1	0	0	0	0	0	0	0	0	0	2	0	0	0	0	1	1	0	1	0	0	3	0	0	0	0	0	0	0	0
0	0	0	0	0	0	0	0	0	0	0	0	0	0	0	0	0	0	0	0	0	0	11	0	0	0	0	0	0	0	0	0	0	0	0	0	0	0	0	0
0	0	0	0	0	0	0	0	0	2	0	9	0	0	0	0	0	0	0	0	0	0	0	0	0	0	0	0	0	0	0	0	0	0	0	0	0	0	0	0
0	0	0	0	0	0	0	0	1	1	0	1	0	1	0	0	0	0	0	0	0	0	0	0	0	0	0	0	0	0	0	4	2	0	0	0	0	0	0	0
0	0	0	0	0	0	0	0	0	0	0	0	0	0	0	0	0	0	0	0	0	2	0	0	1	0	0	0	0	0	0	1	0	0	1	0	3	0	0	0
0	0	0	0	0	0	0	0	9	0	0	0	0	0	0	0	0	0	0	0	0	0	0	0	0	0	0	0	0	0	0	0	0	0	0	0	0	0	0	0
0	0	2	0	1	0	0	0	0	0	2	0	0	1	0	0	0	0	0	0	0	0	0	0	0	0	0	0	0	0	0	1	3	0	0	0	0	0	0	0
0	0	0	0	0	0	0	0	0	0	0	0	0	9	0	0	0	0	0	0	0	0	0	0	0	0	0	0	0	0	0	2	0	0	0	0	0	0	0	0
0	4	0	0	0	0	0	0	0	0	0	2	0	1	0	0	0	0	0	0	0	0	2	0	0	0	0	0	2	0	0	0	0	0	0	0	0	0	0	0
0	0	0	0	1	0	0	0	0	0	0	0	0	2	0	0	0	0	0	0	0	0	2	0	0	1	0	0	0	0	0	4	0	0	0	1	0	0	0	0
0	0	2	5	0	0	0	0	0	0	0	1	0	0	1	0	0	0	0	0	0	0	0	0	0	0	0	0	0	0	0	0	1	0	0	0	0	0	0	0
0	0	0	0	0	0	0	0	0	9	0	0	0	0	0	0	0	0	0	0	0	0	0	1	0	0	0	0	0	0	0	0	0	0	0	0	0	0	0	0
0	0	0	0	0	0	0	0	0	0	0	0	0	0	0	0	1	0	0	10	0	0	0	0	0	0	0	0	0	0	0	0	0	0	0	0	0	0	0	0
0	9	0	0	0	0	0	0	0	0	0	1	0	0	0	0	0	0	0	0	0	0	0	0	0	0	0	0	0	0	0	0	0	0	0	0	0	0	0	0
0	3	0	0	0	0	0	0	0	2	0	0	0	0	0	0	1	0	0	0	0	0	0	0	0	0	0	0	0	0	0	0	2	0	0	0	0	1	0	1
12	0	0	0	0	1	0	0	0	0	0	0	0	0	0	0	0	0	0	0	0	0	0	0	0	0	0	0	0	0	0	0	1	0	0	0	0	0	0	0
0	0	0	0	0	0	0	0	0	52	0	2	0	0	0	0	0	0	3	1	3	0	0	1	0	0	0	0	0	0	0	0	0	0	0	0	0	0	0	0
0	0	0	0	0	0	0	0	0	0	0	0	1	6	0	0	0	0	0	0	0	0	0	0	0	0	0	0	0	0	0	2	3	0	0	0	0	0	0	0
0	0	0	0	0	0	0	0	0	0	0	0	0	3	0	0	4	0	0	0	0	0	0	0	0	5	1	0	0	0	0	0	0	0	0	0	0	0	0	0
0	4	0	0	0	0	0	0	0	1	1	0	0	1	0	0	1	0	0	0	3	0	3	0	0	0	1	0	2	0	0	0	3	0	0	0	0	0	0	0
0	0	0	0	0	0	0	0	0	0	0	0	0	0	0	0	0	0	0	0	0	0	0	0	0	0	0	0	0	0	0	0	0	0	0	0	0	6	14	0
0	0	0	0	0	0	0	5	0	0	0	0	0	0	0	0	0	0	0	0	0	0	0	0	0	0	0	0	0	0	0	0	0	0	0	0	0	6	9	0
0	5	0	1	0	0	0	0	0	0	0	0	0	2	0	0	0	0	0	0	0	0	4	0	0	0	3	0	2	0	0	1	0	0	0	0	0	1	0	0
0	3	0	0	0	0	0	0	0	0	0	0	0	1	0	0	0	0	0	0	0	0	12	1	0	0	0	0	0	0	0	0	2	0	0	0	0	0	0	1
0	0	2	0	0	2	0	10	0	0	1	0	0	0	0	0	0	2	0	0	0	0	0	0	0	0	0	0	0	0	0	0	0	0	0	0	0	2	1	0
0	0	0	0	0	0	0	0	0	0	0	0	0	0	1	2	0	0	0	0	0	0	0	0	0	0	0	1	0	0	0	0	0	0	0	0	0	0	0	2
0	1	0	0	0	0	0	1	0	16	0	0	0	0	0	0	1	0	0	0	0	0	0	0	0	0	0	0	0	0	0	0	0	0	0	0	0	0	0	0
0	0	0	5	0	0	0	0	0	0	0	0	0	0	1	0	0	0	0	0	0	0	0	0	0	0	0	0	0	0	0	0	0	0	0	0	0	0	0	0
0	0	0	1	0	0	15	0	1	0	0	0	11	0	7	0	0	0	0	0	0	0	0	0	0	0	0	0	0	2	0	2	0	1	5	0	0	0	0	0
0	0	0	0	0	1	0	0	0	0	0	44	0	0	0	0	0	0	0	0	0	0	0	0	0	0	0	0	0	0	0	0	0	0	0	0	5	0	0	0
0	0	0	0	0	0	0	0	50	0	0	0	0	0	0	0	0	0	0	0	0	0	0	0	0	0	0	0	0	0	0	0	0	0	0	0	0	0	0	0
0	15	0	0	0	2	0	0	0	0	0	1	0	1	0	0	1	0	0	0	0	0	11	0	0	0	1	1	5	0	3	0	5	0	0	0	0	0	0	3
0	0	8	3	0	0	0	0	0	17	0	7	0	0	0	0	0	0	0	0	0	0	0	0	0	0	0	0	0	0	0	0	0	0	0	1	0	4	2	0
0	0	0	1	0	0	0	0	0	0	0	0	0	0	0	0	0	0	0	0	0	1	0	0	0	0	0	0	0	0	0	0	0	0	0	0	0	0	0	0
0	0	0	0	0	0	0	0	0	0	0	0	0	28	0	0	0	0	0	0	0	0	15	0	0	0	0	0	0	0	0	0	0	0	0	0	0	0	0	7
0	0	0	0	0	0	0	0	0	5	0	42	0	0	0	0	0	0	0	0	0	0	0	0	0	0	0	0	0	0	0	0	3	0	0	0	0	0	0	0
0	0	0	0	0	0	0	1	0	2	0	0	2	0	0	1	1	0	16	13	0	0	0	0	1	0	1	0	2	0	0	0	0	0	0	0	0	0	0	0
0	0	0	1	0	0	0	0	0	0	0	0	0	0	0	0	0	0	0	0	0	0	0	0	0	0	0	0	5	0	0	0	0	0	0	0	0	5	0	0
0	0	0	0	0	0	1	0	0	0	0	0	1	1	0	0	0	0	0	0	0	0	0	0	0	0	0	2	0	1	0	1	0	0	2	0	0	0	1	0
0	0	0	0	0	1	0	0	1	0	0	0	0	1	0	0	0	0	0	0	0	0	0	0	1	0	0	0	0	2	0	0	0	0	2	0	1	0	1	0
0	0	0	0	0	0	0	0	0	0	0	0	0	0	0	0	0	0	0	0	0	0	0	0	0	1	0	0	11	0	0	0	0	0	0	0	0	0	0	0
0	0	0	0	0	0	0	0	0	2	0	6	0	1	0	0	0	0	0	0	0	0	0	0	0	0	0	0	1	0	0	0	0	0	0	0	1	0	0	0
0	0	0	0	0	0	0	0	0	0	0	0	0	0	0	0	0	0	0	0	2	0	0	0	1	0	0	0	0	0	0	0	0	0	0	0	0	0	0	0
1	0	7	16	0	1	1	2	0	0	0	3	3	0	0	0	0	0	6	0	0	2	0	13	0	2	0	0	18	0	1	0	10	0	0	0	0	15	0	0
0	23	1	0	2	5	1	0	41	1564	0	2	1	15	5	1	2	46	11	1	7	0	0	0	3	0	0	21	20	0	2	0	0	0	0	5	0	2	0	7
0	0	1	2	0	0	1	0	0	0	0	0	0	0	0	0	1	0	0	0	0	0	0	0	0	0	0	1	0	0	4	0	0	0	0	0	0	0	0	0
0	0	0	0	0	0	0	0	0	0	0	0	7	0	0	0	0	0	0	0	0	0	0	0	0	2	0	0	0	0	0	0	0	0	0	0	0	0	0	0
0	0	0	0	0	0	0	0	0	5	2	0	0	0	0	1	0	0	0	0	0	0	0	0	0	0	0	0	0	0	1	0	1	0	0	0	0	0	0	0
0	0	0	0	0	0	0	0	0	0	0	0	0	2	0	0	0	0	0	0	0	0	4	1	0	0	1	0	0	0	0	0	2	0	0	0	0	0	0	0
0	0	0	4	0	0	0	0	0	0	0	0	0	0	0	0	0	0	0	0	0	0	0	0	0	0	0	0	0	0	0	0	3	0	0	1	0	2	0	0
0	0	0	0	0	10	0	0	0	0	0	0	0	0	0	0	0	0	0	0	0	0	0	0	0	0	0	0	0	0	0	0	0	0	0	0	0	0	0	0
0	0	0	0	0	0	0	0	0	0	0	0	0	0	2	0	0	0	0	0	0	0	0	0	1	0	0	0	0	2	0	0	0	1	0	0	1	0	0	1
0	0	0	0	0	0	0	0	0	0	0	0	1	0	0	0	1	0	0	0	0	0	0	0	0	5	0	0	0	0	0	1	0	0	0	2	0	0	0	0
0	0	0	0	0	0	0	0	0	0	2	0	0	0	0	0	0	0	0	0	0	0	0	0	0	0	0	0	0	0	0	0	0	0	0	0	8	0	0	0
0	0	0	0	0	0	0	0	0	0	0	0	1	0	0	6	0	0	0	0	0	0	0	0	0	0	0	0	0	0	0	0	0	0	0	0	0	0	0	0
0	0	0	0	0	0	0	0	0	0	0	0	0	0	0	0	0	0	0	0	0	1804	0	0	1	0	0	0	0	0	0	0	0	2	0	0	0	0	0	0
0	0	0	0	0	0	0	0	2	0	0	0	0	0	0	0	0	0	0	0	0	0	8	0	0	0	0	0	0	0	0	0	0	0	0	0	0	0	3	0
0	0	0	0	0	0	2	0	0	0	0	0	0	5	2	0	0	0	0	0	0	0	0	0	0	0	0	0	0	2	0	1	1	0	0	0	0	0	0	0
0	0	0	0	0	0	0	0	0	1	0	10	0	0	0	0	0	0	1	0	0	0	0	0	0	0	0	0	0	0	0	0	0	0	0	0	1	0	0	0
0	3	0	0	0	0	0	0	0	0	0	1	0	1	0	0	0	0	0	0	0	0	2	1	0	0	0	0	0	0	0	0	1	0	0	0	0	0	0	1
0	0	0	0	4	0	0	2	0	1	0	33	0	0	0	0	0	1	0	0	0	0	0	0	0	0	0	0	0	0	16	0	0	0	0	0	0	0	0	0
0	0	0	0	0	0	0	0	0	0	0	0	0	0	0	0	0	0	0	0	0	0	0	0	0	0	0	0	0	0	0	0	0	13	0	0	0	0	0	0
0	0	0	0	0	0	0	0	0	0	0	0	0	0	0	0	0	0	0	0	0	0	0	0	0	0	0	0	0	0	0	0	13	0	0	0	0	5	4	0
0	3	1	0	0	0	1	0	0	0	0	1	0	0	0	0	0	0	0	0	1	0	4	0	0	0	0	0	3	0	0	1	2	0	0	0	0	0	0	0
3	0	18	0	7	61	2	0	0	2	0	73	0	1	4	0	0	0	0	6	1	0	0	7	0	4	0	37	0	0	0	0	4	0	0	0	1	15	6	0
3	0	0	0	0	0	1	0	1	0	1	0	0	0	0	0	0	0	0	0	0	0	0	4	0	1	1	0	1	0	0	4	2	1	0	0	0	0	0	0
1	4	10	0	1	2	0	1	0	1	0	0	0	0	0	0	0	0	0	1	1	0	0	0	0	0	2	0	0	0	0	0	2	0	0	0	0	0	0	0
4	8	1	0	0	1	0	0	0	0	0	1	0	0	0	0	0	0	0	0	0	0	0	4	0	0	0	0	0	0	0	0	2	0	0	0	0	4	1	1
0	0	0	0	0	0	2	0	0	0	0	0	0	11	7	0	0	0	1	0	0	0	0	0	0	0	0	0	0	1	0	0	2	0	2	0	0	0	0	0
0	0	0	0	0	0	0	0	0	0	0	0	0	0	0	0	0	0	0	0	0	0	0	0	0	0	0	0	0	0	5	0	0	0	0	0	23	0	0	0
0	6	0	0	0	0	0	0	0	13	0	0	0	1	0	0	0	1	0	0	0	0	1	0	0	0	0	0	0	0	0	0	0	0	0	0	0	0	0	6
1	12	0	0	0	0	0	0	0	0	0	0	0	0	0	0	0	0	0	0	0	0	7	0	0	0	1	0	0	0	0	0	4	0	0	0	0	1	0	2
0	0	1	0	0	0	0	3	0	0	1	0	1	0	0	8	0	0	0	0	0	0	0	0	0	0	0	0	0	0	3	0	0	0	0	0	0	3	0	3
0	0	0	0	0	0	0	2	0	0	39	0	0	0	0	0	0	7	0	0	0	0	0	0	0	0	0	0	0	0	0	0	0	0	0	0	198	0	0	0
0	0	0	0	0	0	6	0	0	0	0	0	1	11	0	0	0	0	0	0	0	0	0	0	0	0	0	0	1	0	0	2	3	1	1	0	0	0	0	0
0	3	0	0	0	1	0	0	0	0	0	1	0	0	0	0	0	0	0	0	0	0	12	1	0	0	2	0	2	0	0	1	2	0	0	0	0	0	0	0
1	0	6	2	0	9	0	0	0	0	7	5	4	0	6	0	15	1	8	16	47	0	0	0	0	0	60	15	0	0	16	0	11	0	0	0	0	1	11	0
0	0	0	0	0	0	1	0	0	0	0	0	1	7	2	0	0	0	0	0	0	0	0	0	0	0	0	0	0	1	0	1	0	0	3	0	0	0	0	0
0	0	0	0	0	0	0	0	0	0	0	0	0	0	0	0	0	0	0	0	0	0	0	0	0	0	0	0	0	0	0	0	0	0	0	0	19	0	0	0
0	5	0	0	0	0	0	0	0	0	0	0	0	4	0	0	1	0	0	0	0	0	6	1	0	0	0	0	2	0	0	0	0	0	0	0	0	0	0	0
0	0	0	2	0	0	0	0	0	0	0	0	0	0	0	6	0	0	0	2	0	0	0	0	0	0	0	0	0	0	0	0	0	0	0	1	0	0	0	6
0	0	1	0	0	8	0	0	0	0	0	0	0	0	2	0	0	0	0	0	0	0	0	0	0	0	0	7	0	0	0	0	0	0	0	0	0	0	0	0
0	0	0	0	0	0	0	0	0	0	0	0	0	0	0	0	0	0	0	0	0	0	0	0	0	0	0	0	0	0	0	0	0	0	0	0	0	16	3	0
0	2	0	1	0	1	0	1	0	0	0	0	0	4	0	0	0	0	0	1	1	0	6	0	0	0	0	0	0	0	0	1	1	0	0	0	0	0	0	0
0	4	0	1	0	1	0	0	0	0	1	0	0	0	0	0	0	0	0	1	0	0	8	0	0	0	1	0	0	0	0	0	0	0	0	0	0	0	0	1
0	0	0	0	0	0	0	0	48	0	0	0	0	0	0	0	0	0	0	0	0	0	0	0	0	0	0	0	0	0	0	0	0	0	0	0	0	5	1	0
16	22	2	0	1	0	0	0	0	1	0	0	2	0	0	0	0	0	1	0	0	0	0	1	0	0	0	0	0	0	0	0	5	0	0	0	0	3	0	0
0	0	3	0	0	47	0	0	0	0	0	0	0	0	0	0	0	0	0	1	0	0	0	0	0	0	0	0	0	0	0	0	0	0	0	1	0	1	0	0
0	0	0	0	0	0	0	0	0	0	0	0	14	1	0	0	0	0	0	0	0	0	0	0	0	0	0	0	0	0	0	0	0	0	0	0	0	0	0	0
0	33	0	0	2	2	0	0	0	2	0	0	0	0	0	0	0	0	0	0	0	0	0	0	0	0	0	0	0	0	1	0	10	0	0	0	0	1	1	0
0	3	2	0	0	0	0	0	0	0	0	30	0	0	0	0	0	0	0	0	0	0	0	0	0	0	0	0	0	0	0	0	1	0	0	0	17	0	0	0
0	0	0	0	0	0	0	0	0	30	0	0	0	0	0	0	0	6	0	0	0	0	0	0	0	0	0	0	0	15	0	0	0	0	0	0	0	0	0	0
0	0	2	0	6	0	0	1	0	0	0	0	0	0	0	1	0	1	2	1	5	0	0	3	0	0	0	6	3	0	0	4	3	0	0	0	8	0	0	3
0	0	0	0	0	0	0	0	34	0	0	1	0	0	0	0	0	0	0	0	0	0	11	0	0	0	0	0	4	0	0	0	0	0	0	0	0	0	0	0
1	8	2	0	0	0	0	0	0	0	1	3	0	2	0	0	0	0	0	0	2	0	18	1	0	0	4	0	5	0	0	0	2	0	0	0	0	0	0	2
0	0	1	0	0	4	0	0	0	0	0	0	0	0	3	0	0	1	0	0	0	0	0	0	0	0	0	8	0	0	0	0	0	0	0	0	0	0	0	0
0	0	0	0	0	0	0	13	0	0	1	0	0	0	0	0	0	2	0	0	0	0	0	0	0	0	0	0	0	0	0	0	0	0	0	0	0	0	0	0
0	0	1	0	6	0	0	0	0	0	0	1	0	0	0	0	0	0	0	0	0	0	0	0	0	0	0	0	8	0	0	1	0	0	0	0	0	0	0	0
0	0	0	17	0	0	0	0	0	0	0	0	0	0	0	0	0	0	0	0	0	0	0	0	0	0	0	0	0	0	0	0	0	0	0	0	0	0	0	0
0	0	0	0	0	0	0	0	0	4	0	10	0	0	0	0	0	0	0	0	0	0	0	0	0	0	0	0	1	0	1	0	0	0	0	0	1	0	0	0
0	0	0	0	0	0	0	0	0	0	0	17	0	0	0	0	0	0	0	0	0	0	0	0	0	0	0	0	0	0	0	0	0	0	0	0	0	0	0	0
0	1	0	0	0	0	0	0	0	0	0	14	0	0	0	0	0	0	0	0	2	0	0	0	0	0	0	0	0	0	0	0	0	0	0	0	0	0	0	0
0	3	0	0	0	0	0	0	0	0	0	0	0	0	0	0	0	0	0	0	0	0	0	0	0	0	0	0	0	0	0	0	14	0	0	0	0	0	0	0
0	0	0	17	0	0	0	0	0	0	0	0	0	0	0	0	0	0	0	0	0	0	0	0	0	0	0	0	0	0	0	0	0	0	0	0	0	0	0	0
0	0	0	0	0	0	2	0	1	0	0	0	0	2	4	0	0	0	0	0	0	0	0	0	0	0	0	0	0	1	0	2	0	0	0	0	0	0	0	0
0	0	0	0	0	0	0	0	0	0	0	10	0	0	0	0	0	0	0	0	0	0	0	0	0	0	0	0	0	0	0	0	0	0	0	0	0	0	0	0
0	0	0	1	0	0	0	0	0	0	0	0	0	0	0	0	0	0	0	0	0	0	0	0	0	0	0	0	0	0	0	0	0	0	0	0	9	0	0	0
0	0	0	0	0	0	0	0	0	0	0	2	0	0	0	0	2	0	0	1	5	0	0	0	0	0	0	0	0	0	0	0	0	0	0	0	0	0	0	0
0	0	0	0	0	0	0	0	0	0	0	0	0	0	0	0	0	0	0	6	0	0	0	0	0	0	0	0	0	0	4	0	0	0	0	0	0	0	0	0
0	0	0	0	0	0	0	0	0	2	0	11	0	0	0	0	0	0	0	0	0	0	0	0	0	0	0	0	0	0	0	0	0	0	0	0	0	0	0	0
0	0	3	0	6	8	0	0	0	105	0	12	0	0	2	0	3	0	2	1	22	1	0	0	0	0	0	31	0	0	1	5	5	0	0	0	0	0	0	0
0	0	0	0	0	0	0	0	0	0	0	0	1	0	0	0	0	0	0	0	0	0	0	0	0	0	0	1	0	1	0	1	0	1	0	0	2	0	0	0
0	0	0	0	0	0	0	0	0	0	0	0	0	0	0	0	0	0	0	0	2	0	6	0	0	0	1	0	1	0	0	0	1	0	0	0	0	1	0	0
0	0	0	12	0	2	0	0	0	0	1	0	0	0	1	0	1	0	0	19	1	0	0	0	0	0	0	1	0	0	4	0	0	0	0	0	0	0	0	1
0	0	0	0	0	0	0	0	0	0	0	3	0	0	0	0	0	0	0	0	0	0	0	0	0	0	0	0	0	0	0	0	0	3	0	0	6	0	0	0
0	71	0	0	0	3	2	5	0	5	0	2	0	0	0	0	0	0	0	2	0	0	0	5	0	0	1	0	0	0	0	0	134	0	0	1	0	3	1	0
0	2	0	0	0	0	0	0	0	0	0	0	0	1	0	0	0	0	0	0	0	0	7	1	0	0	0	0	0	0	0	0	0	0	0	0	0	0	0	1
0	0	0	0	0	0	32	0	0	0	0	0	0	0	0	0	0	0	0	0	0	0	0	157	0	32	1	0	6	0	0	0	0	0	0	0	0	0	0	0
0	0	0	0	0	0	0	0	0	0	0	0	0	0	0	0	219	0	0	0	2	0	0	0	0	0	0	0	0	0	0	0	0	0	0	0	0	0	0	0
47	1	2	0	0	4	1	0	1	63	0	1	0	1	0	1	4	1	5	4	21	1	0	2	0	1	4	1	7	0	0	6	11	0	0	0	24	1	0	1
0	0	0	0	0	0	1	0	0	0	0	0	4	8	1	0	0	0	0	0	0	0	0	0	0	0	0	0	0	2	0	0	2	0	1	0	0	0	0	0
0	0	0	0	0	0	0	0	0	0	0	0	0	0	0	0	0	0	0	0	0	0	0	0	0	0	0	0	0	0	0	0	12	0	0	0	0	0	0	0
0	0	0	0	0	0	0	0	2	0	0	0	0	6	0	0	0	0	0	0	0	1	0	0	4	0	1	2	0	5	0	2	0	2	4	0	2	0	1	0
0	0	0	0	0	0	0	24	0	0	5	0	0	0	0	0	0	5	0	0	0	0	0	0	0	0	0	0	0	0	0	0	0	0	0	0	0	0	0	0
0	0	0	0	7	0	0	0	0	0	0	0	0	5	0	0	0	0	0	0	0	0	0	0	0	0	0	0	0	0	8	0	0	0	0	56	0	0	0	0
0	3	0	0	0	0	0	0	0	0	0	0	0	2	0	0	3	0	0	0	0	0	4	0	0	0	1	0	0	0	0	0	1	0	0	0	0	0	1	0
0	8	0	0	0	0	0	0	0	2	0	0	0	0	0	0	0	0	0	0	0	0	31	0	0	0	0	0	0	0	0	0	1	0	0	0	0	0	0	0
1	6	0	1	0	0	0	0	0	0	1	0	0	0	0	1	1	1	5	0	4	0	0	0	0	1	3	0	1	0	0	0	0	0	0	0	0	0	0	0
0	0	0	0	0	0	0	0	0	0	0	0	0	0	0	0	0	0	0	0	0	0	0	0	0	0	0	0	0	0	0	1	0	0	1	0	0	0	0	0
0	0	0	0	0	0	3	0	0	0	0	0	0	11	3	0	0	0	0	0	0	0	0	0	0	0	0	0	0	1	0	1	5	0	0	0	0	0	0	0
0	13	12	0	0	1	0	0	0	0	0	0	0	0	0	0	0	0	0	0	0	0	0	0	0	0	0	0	0	0	0	0	0	0	0	0	0	0	0	0
0	0	0	0	0	0	0	0	0	1	0	1	0	0	0	0	0	0	0	0	0	0	0	0	0	0	0	0	0	0	0	0	0	0	0	0	0	24	0	0
0	0	0	0	0	0	0	0	0	0	0	0	0	0	0	0	0	26	0	0	0	0	0	0	0	0	0	0	0	0	0	0	0	0	0	0	0	0	0	0
0	0	0	0	0	0	0	0	0	0	0	0	0	0	0	18	0	0	0	0	0	0	0	0	0	0	0	0	0	0	0	0	0	0	0	0	0	0	0	0
0	0	0	0	0	0	1	0	0	0	0	0	0	5	3	0	0	0	0	1	0	0	0	0	0	0	0	0	0	2	1	1	1	0	2	0	0	0	0	0
0	0	0	0	0	0	0	0	0	0	0	0	0	0	0	0	0	0	0	0	0	0	0	0	0	0	0	0	0	0	0	0	0	0	0	0	0	8	18	0
0	0	0	0	0	0	0	0	0	0	0	0	0	0	0	0	1	0	0	16	3	0	1	0	0	0	0	0	0	0	0	0	2	0	0	0	0	1	0	0
0	0	0	0	0	0	0	0	0	0	4	0	0	0	0	0	0	1	0	0	0	1	0	0	0	0	0	0	0	0	0	0	0	0	0	0	13	0	0	0
0	0	0	0	0	0	0	0	0	0	0	19	0	0	0	0	0	0	0	0	0	0	0	0	0	0	0	0	0	0	0	0	0	0	0	0	0	0	0	0
0	0	0	0	4	0	0	0	0	0	0	0	0	0	0	0	0	0	0	0	0	0	0	0	0	0	0	0	14	0	0	0	1	0	0	0	0	0	0	0
0	0	0	0	0	1	1	0	0	0	0	0	2	6	1	0	0	0	0	0	0	0	0	0	0	0	0	0	1	2	1	0	1	0	1	0	0	0	0	0
0	0	0	0	0	0	2	0	1	0	0	0	2	8	2	0	0	0	0	0	0	0	0	0	0	0	0	0	0	0	0	0	1	0	0	0	0	0	0	0
0	0	0	0	0	0	0	0	0	16	0	1	0	0	0	0	0	0	1	0	0	0	0	0	0	0	0	0	0	0	0	0	1	0	0	0	0	0	0	0
0	7	0	0	0	0	1	0	0	0	0	0	0	2	0	0	0	0	0	0	0	0	3	0	0	0	0	0	2	0	0	0	2	0	0	0	0	1	0	1
0	0	3	0	0	3	0	12	0	0	3	0	0	8	0	0	0	2	0	0	0	0	1	0	0	0	0	0	0	0	0	0	20	0	0	0	0	0	0	3
0	0	0	1	0	0	0	0	0	0	0	0	0	0	0	0	11	0	0	6	36	0	0	0	0	0	3	0	0	0	0	0	0	0	0	0	0	0	0	0
0	0	0	0	0	0	0	0	0	0	0	0	5	0	0	3	0	0	21	2	13	0	0	0	0	1	2	0	0	0	0	0	4	0	0	0	0	0	0	0
0	27	1	30	0	0	0	0	0	0	0	0	0	0	0	0	0	0	0	0	0	0	0	0	0	0	0	0	0	0	0	0	0	0	0	0	0	0	0	0
0	0	41	0	6	0	0	0	0	0	0	0	2	0	0	0	0	0	1	0	0	0	0	0	0	0	0	1	0	0	0	0	0	0	0	0	0	0	0	2
0	0	4	0	0	0	0	0	0	0	0	6	0	0	0	0	2	0	0	11	2	2	0	0	0	0	0	0	0	0	0	0	16	0	0	0	1	10	0	0
0	0	0	0	0	0	0	0	0	0	0	0	0	0	0	0	0	0	0	0	0	0	0	0	0	0	0	0	0	0	0	0	0	0	0	0	55	0	0	0
0	0	0	0	0	0	0	0	0	0	0	0	2	7	0	0	0	0	0	0	0	0	0	0	0	0	0	0	0	0	0	0	1	0	0	0	0	0	0	0
2	0	0	0	1	1	0	0	6	0	0	0	2	1	0	0	0	0	4	0	2	0	31	0	0	0	0	0	1	0	0	0	2	0	0	0	0	0	0	1
0	0	0	0	0	0	0	1	0	3	0	43	0	0	0	0	0	0	0	0	0	0	0	0	0	0	0	0	0	0	0	0	0	0	0	0	0	0	0	7
0	0	0	0	0	0	0	0	1	0	0	0	1	9	4	0	0	0	0	0	0	0	0	0	0	0	0	0	0	0	0	0	1	1	0	0	0	0	0	0
0	0	0	0	0	0	0	0	0	0	0	0	0	0	0	0	0	0	0	0	0	0	0	0	0	0	0	0	0	0	1	0	0	0	0	0	0	0	1	0
0	0	0	0	0	0	0	0	0	0	0	0	0	0	0	0	0	0	0	16	1	0	0	0	0	0	0	0	0	0	0	0	0	0	0	0	0	0	1	0
0	1	1	0	0	0	0	0	0	0	0	1	0	0	0	0	0	0	0	0	2	0	2	0	0	0	0	1	2	0	0	1	2	0	0	0	0	5	0	0
0	6	0	0	0	0	0	0	0	0	0	0	0	3	0	0	0	0	0	0	0	0	5	0	0	0	0	0	0	0	0	1	3	0	0	0	0	0	0	0
0	0	0	0	0	0	0	0	0	0	0	0	0	17	0	0	0	0	0	0	0	0	0	0	0	0	0	1	0	0	0	0	0	0	0	0	0	0	0	0
0	0	0	0	0	0	1	0	0	0	0	0	4	0	0	0	0	0	0	0	0	0	0	0	3	0	0	1	0	5	0	0	0	1	0	0	1	0	0	0
0	9	1	0	0	0	0	0	0	0	0	0	0	0	0	0	0	0	0	0	0	0	1	1	0	0	0	0	0	0	0	0	6	0	0	0	0	0	0	0
0	0	0	0	0	0	0	0	0	0	0	0	0	0	0	0	0	0	0	0	0	0	0	0	0	0	0	0	0	0	0	0	0	0	0	0	0	0	0	10
0	0	0	0	0	0	0	3	0	0	0	0	0	0	0	0	0	0	0	0	0	0	0	0	0	1	0	0	0	0	0	0	0	0	0	0	0	0	0	2
0	0	0	0	0	0	0	0	0	7	0	0	0	0	0	0	0	0	0	0	0	0	0	0	0	0	0	0	0	0	0	0	2	0	0	0	0	0	0	1
0	0	0	0	0	0	1	0	0	0	0	0	0	0	0	0	0	0	0	0	0	0	0	5	0	2	1	0	1	0	0	0	0	0	0	0	0	0	0	0
0	2	0	0	0	0	0	0	0	0	1	1	0	0	0	0	0	0	0	0	0	0	1	0	0	0	3	0	0	0	0	0	0	0	0	0	0	0	0	0
0	0	0	0	0	0	0	0	0	0	0	1	0	2	0	0	0	0	0	0	0	0	6	0	0	0	0	0	1	0	0	0	0	0	0	0	0	0	0	0
0	0	0	0	0	0	0	0	0	0	0	0	0	4	1	0	0	0	0	0	0	0	0	0	0	0	0	0	0	0	1	0	1	1	1	0	0	0	0	0
0	2	1	2	0	1	0	0	0	0	0	0	0	0	0	0	0	12	0	0	0	0	0	0	0	0	0	0	0	0	0	0	1	0	0	0	170	1	0	0
0	0	0	0	0	0	0	0	0	0	0	0	0	0	0	0	0	0	0	0	0	0	0	0	0	0	0	0	0	1	0	0	0	186	0	0	0	0	0	0
0	0	0	0	0	0	0	0	1	0	0	0	1	1	0	0	0	0	0	0	0	0	0	0	0	0	0	0	0	2	0	0	0	0	0	0	3	0	1	0
0	0	0	0	0	0	0	0	0	0	0	0	1	0	0	0	0	0	0	0	0	0	0	0	0	0	0	0	0	6	0	0	0	1	0	0	0	0	0	0
7	6	0	0	0	1	2	0	3	5	0	5	0	0	0	0	0	0	0	0	0	0	137	0	0	0	0	0	2	0	3	11	11	0	0	0	5	0	2	0
0	0	0	0	0	0	0	11	0	0	2	179	0	0	0	0	0	0	0	0	0	0	0	0	0	0	0	0	0	0	0	0	0	0	0	0	0	0	0	0
0	0	0	0	0	0	0	0	0	2	0	0	0	3	0	0	0	0	0	0	0	0	0	0	0	0	1	0	0	0	0	1	5	0	0	0	0	0	0	0
0	0	0	0	0	0	0	0	0	0	0	0	0	0	0	0	0	0	0	0	0	7	0	0	8	0	0	0	0	0	0	0	0	0	0	0	0	0	0	0
0	0	0	0	0	0	1	0	1	0	0	0	1	1	0	0	0	0	0	0	0	1	0	0	2	0	0	0	0	4	0	0	0	0	0	0	1	0	0	0
0	0	0	0	0	0	0	0	0	0	0	29	21	0	0	9	0	0	102	0	0	0	0	0	0	0	0	0	0	0	0	2	0	0	0	0	0	0	0	0
3	0	0	0	0	1	22	2	0	0	1	0	1	0	0	1	1	2	18	14	0	0	0	95	0	14	0	0	8	0	0	0	1	0	0	0	0	1	0	0
0	0	0	0	1	1	0	2	0	0	36	1	7	0	0	1	0	3	18	13	2	0	0	0	0	0	0	0	0	0	0	0	7	0	0	0	92	2	0	0
0	0	9	0	0	0	5	5	0	0	3	0	358	11	0	2	14	0	16	1	0	0	0	5	0	183	22	0	2	4	32	7	13	0	1	4	0	0	0	301
0	0	1	6	11	6	0	4	0	0	17	0	1	1	2	23	0	0	1	0	0	0	0	0	0	0	25	15	0	0	27	0	2	1	1	37	0	0	0	907
229	0	0	0	0	0	0	0	9	0	0	0	0	0	0	0	110	0	0	95	475	0	0	0	0	0	37	0	0	0	8	0	0	0	0	0	0	0	0	0
69	6504	175	95	37	169	96	11	2	29	105	632	2	1562	61	5	98	4	0	182	517	8	8263	416	0	118	707	246	1184	0	178	273	1930	1	0	56	9	105	18	313
1	3	38	26	11	147	1249	0	131	0	0	9	680	7271	1467	13	10	0	27	195	8	0	15	1	3	2	1	94	62	662	236	389	2097	276	662	8	11	58	0	19
61	1	18	30	6	51	134	0	661	0	0	0	324	802	180	54	0	20	13	0	0	452	228	0	2055	0	30	208	0	1713	1	135	3	317	1328	0	2509	0	245	29
21	54	14	18	36	20	1	6	1	2134	30	7175	2	54	10	1	1	2	9	2	3	1	4	10	0	1	7	115	161	0	12	12	184	0	0	49	209	18	0	0
129	7380	352	36	231	82	9	11	33	134	16	160	0	97	2	0	28	5	0	160	177	39	2	32	0	9	300	4	61	0	71	6	302	0	0	41	1	79	26	1
0	0	0	0	57	0	48	0	0	0	0	0	384	2969	0	2	663	0	14	4	1	0	111	37	0	1373	146	0	11	4	46	365	0	1	0	232	4	0	0	3
6	90	0	322	0	0	1	31	1	1	6	0	10	1	0	3	1	53	47	0	0	17	31	1	0	0	48	0	0	0	0	0	23	0	0	0	5456	1	1	4
0	0	0	0	64	0	0	0	0	0	1	0	3	15	0	0	1	1	2	57	2	0	0	0	0	0	0	2	0	0	135	0	2	0	0	10	0	0	0	3957
0	0	0	0	0	0	0	0	0	2	1	7	0	0	0	0	0	0	0	0	0	0	0	0	0	0	0	0	0	0	0	0	0	0	0	0	2	0	0	0
0	0	0	0	0	0	0	0	0	0	0	0	2	0	0	1	0	0	0	0	0	0	1	0	6	0	0	1	0	0	0	0	0	0	1	0	0	0	0	0
0	0	0	0	1	0	1	0	0	0	0	0	0	2	1	0	0	0	0	0	0	0	0	0	0	0	0	0	0	0	2	0	1	0	2	0	0	0	0	0
0	9	0	0	0	0	0	0	0	0	0	0	0	0	0	0	0	0	0	0	0	0	0	0	0	0	3	0	0	0	0	0	1	0	0	0	0	1	0	0
0	0	0	0	0	0	0	0	0	0	0	0	0	0	0	0	0	0	0	0	0	0	0	0	0	0	0	0	0	0	0	0	12	0	0	0	0	0	0	0
0	0	0	0	0	0	2	0	0	0	0	0	0	4	0	0	0	0	0	0	0	0	0	0	0	0	0	0	0	1	0	0	2	0	2	0	0	0	0	0
0	0	0	0	0	0	0	0	0	0	0	0	0	0	0	0	0	0	1	0	0	0	0	0	0	0	0	0	0	0	0	0	0	0	0	0	0	0	10	0
2	0	0	3	1	0	0	0	0	1	1	1	7	0	0	4	0	1	22	1	2	0	0	0	0	0	0	0	0	0	1	0	0	0	0	2	0	0	0	0
0	0	0	0	3	0	2	0	0	0	0	0	2	0	0	0	0	0	0	1	0	0	0	0	0	0	0	0	0	1	44	1	1	0	1	1	0	0	0	0
0	0	0	0	0	9	0	0	0	0	52	0	0	0	0	0	0	0	0	0	0	0	0	0	0	0	0	0	0	0	0	0	0	0	0	0	0	0	0	0
0	0	1	0	0	2	5	0	1	0	0	0	5	3	3	0	0	0	0	1	0	0	0	0	0	0	0	0	0	10	1	3	6	3	15	0	0	0	0	0
0	10	1	0	4	0	0	0	0	0	0	34	0	1	0	0	0	0	0	0	0	0	0	1	0	0	2	0	4	0	0	0	4	0	0	1	0	0	0	2
0	0	0	0	0	0	0	0	0	0	0	0	0	0	0	0	0	0	0	0	0	0	0	0	0	0	0	0	0	0	0	0	0	0	0	0	65	0	0	0
0	0	0	2	0	0	0	0	0	0	0	0	6	0	0	0	0	0	17	0	0	0	0	0	0	0	0	0	0	0	2	0	6	0	0	0	0	1	1	29
0	0	0	0	13	0	0	0	0	0	19	0	0	0	0	0	0	0	1	0	0	5	0	0	0	1	0	0	0	0	2	0	4	0	0	13	0	0	0	0
0	0	1	0	0	55	0	0	0	0	0	0	0	0	0	0	0	0	0	3	0	0	0	0	0	0	0	0	0	0	1	0	0	0	0	0	0	0	0	0
0	60	0	0	0	0	0	0	0	0	0	0	0	0	0	0	0	0	0	0	0	0	0	0	0	0	0	0	0	0	0	0	0	0	0	0	0	0	0	0
0	0	0	0	0	1	0	2	0	0	1	0	0	0	0	0	0	0	0	0	0	0	0	0	0	0	0	0	6	0	0	0	0	0	0	0	0	3	0	0
0	161	5	0	0	0	0	0	0	0	0	0	0	0	0	0	0	0	0	0	0	0	0	0	0	0	0	0	0	0	0	0	0	0	0	0	0	0	0	0
0	0	0	0	0	5	0	3	0	0	0	0	0	0	0	0	0	0	0	0	0	0	0	0	0	0	0	0	0	0	0	0	0	0	0	0	0	0	0	0
0	0	0	0	0	0	0	0	0	0	0	0	0	0	0	0	0	0	0	0	0	0	0	0	0	0	0	0	0	0	0	0	1	0	0	0	0	0	0	9
0	2	0	0	0	0	0	0	0	0	0	0	0	2	0	0	0	0	0	0	0	0	3	0	0	0	0	0	1	0	0	0	2	0	0	0	0	0	0	0
0	0	0	0	0	0	0	0	0	1	0	7	0	0	0	0	0	0	0	0	0	0	0	0	0	0	0	0	0	0	1	0	0	0	0	0	1	0	0	0
0	0	0	0	0	0	0	0	0	0	0	0	0	0	0	0	0	0	0	0	0	0	0	0	0	0	0	0	0	0	0	0	0	0	0	0	10	0	0	0
0	0	0	0	0	0	0	0	0	0	0	0	0	5	0	0	0	0	0	1	0	0	0	0	0	0	0	1	0	1	0	0	2	0	0	0	0	0	0	0
0	0	1	0	0	0	0	0	0	0	0	0	0	0	1	0	0	0	0	0	0	0	0	0	2	0	0	0	0	0	0	0	0	1	1	0	1	0	2	0
0	0	0	0	1	0	0	0	0	0	0	0	0	6	0	0	2	0	0	0	0	0	0	0	0	1	0	0	0	0	0	1	0	0	0	1	0	0	0	0
1	0	0	0	0	0	0	0	0	0	0	0	0	0	0	0	0	0	1	0	0	0	0	0	0	0	0	0	0	0	0	0	0	0	0	0	0	1	0	0
0	0	0	0	0	0	0	0	1	0	0	0	0	1	1	1	0	0	0	0	0	1	0	0	3	0	0	0	0	1	0	0	0	0	2	0	1	0	0	0
0	0	0	0	0	0	0	0	0	0	0	0	0	0	0	0	0	0	0	0	0	0	0	0	0	0	0	0	0	0	0	0	0	0	0	0	204	0	0	0
0	0	0	0	0	0	0	0	0	2	0	10	0	0	0	0	0	0	0	0	0	0	0	0	0	0	0	0	0	0	0	0	0	0	0	0	0	0	0	0
0	0	1	2	4	3	0	2	0	0	20	0	6	0	0	4	0	1	10	5	0	0	52	0	0	0	0	0	0	0	22	0	0	0	0	48	0	1	0	0
0	0	0	0	0	2	10	0	0	0	0	0	5	34	8	1	0	0	0	1	1	0	0	0	0	0	0	0	2	1	3	3	5	1	1	0	0	0	0	0
0	0	0	0	0	0	0	0	0	0	0	0	0	0	0	0	0	0	0	0	0	0	0	0	0	0	0	0	0	0	0	0	11	0	0	0	0	0	1	0
0	0	0	0	0	0	0	5	0	0	2	0	1	0	0	0	0	0	0	0	0	0	0	0	0	0	0	3	0	0	1	0	0	0	0	0	0	0	0	0
0	0	1	18	0	0	0	0	7	0	0	0	0	1	3	0	7	0	0	8	0	0	10	0	0	0	1	17	0	0	1	0	5	0	0	0	37	0	0	151
0	43	0	0	0	0	0	0	0	1	0	7	0	0	0	0	0	0	0	1	0	0	0	2	0	0	0	0	0	0	6	0	201	0	0	0	0	8	16	0
0	0	0	0	0	0	0	0	0	0	0	0	2	0	0	2	0	0	0	0	0	0	0	0	0	0	0	0	0	0	0	0	0	0	0	0	0	0	0	0
0	13	1	5	0	0	0	2	1	6	2	0	37	0	0	18	0	8	142	0	0	0	0	0	0	0	0	0	5	0	2	0	3	0	0	1	7	10	1	0
27	16	0	9	1	0	0	2	0	0	0	0	0	0	0	0	0	0	0	0	0	0	2	3	0	1	0	0	0	0	0	0	248	0	0	2	0	1	0	0
0	0	0	0	0	0	0	0	0	0	0	0	0	0	0	0	0	0	0	0	0	0	0	0	0	0	0	0	0	0	0	0	2	0	0	0	68	0	0	0
0	6	0	0	0	0	0	0	0	0	0	0	0	4	0	0	0	0	0	0	0	0	0	0	0	0	0	0	0	0	0	0	4	0	0	0	0	0	0	0
0	0	4	0	0	0	0	0	0	0	0	0	0	0	0	0	0	350	0	0	0	0	0	0	0	0	0	0	0	8	0	1	0	0	0	0	0	0	0	0
0	0	0	0	0	0	11	0	0	0	0	0	1	0	0	26	0	0	1	0	0	0	0	9	0	302	0	0	4	0	0	0	0	0	0	0	0	0	0	0
0	0	0	0	0	0	0	0	0	0	0	0	0	0	0	0	5	0	0	0	0	0	0	0	0	0	0	0	0	6	0	366	0	0	1	0	0	0	0	0
0	267	0	0	0	0	0	0	0	0	0	1	0	0	2	0	0	0	0	0	0	0	0	0	0	0	0	0	0	0	10	0	0	0	0	0	0	0	0	0
0	0	0	0	0	0	0	0	0	1	0	317	0	0	0	0	0	0	0	0	0	0	0	0	0	0	0	0	0	0	0	0	1	0	0	0	0	2	0	0
37	35	16	0	8	8	0	0	3	195	0	0	7	0	0	2	0	0	22	0	0	0	0	0	0	0	5	0	0	0	0	3	0	0	0	0	0	0	0	5
47	0	14	0	15	29	1	0	79	0	0	0	0	0	0	0	17	0	0	35	80	0	0	5	0	1	14	0	1	0	0	1	0	0	0	10	0	0	0	0
0	0	0	0	3	0	0	0	0	0	4	0	0	0	0	0	0	2	0	63	4	0	0	0	0	0	0	0	0	0	17	0	0	0	0	0	0	0	0	18
0	0	1	0	72	0	0	5	0	0	85	0	3	11	3	0	0	3	0	0	0	0	0	0	0	0	0	5	0	0	0	0	59	0	0	0	0	3	3	61
0	0	0	0	0	1	0	313	0	0	52	0	0	0	0	0	0	71	0	0	0	0	0	0	0	0	0	0	0	0	0	0	0	0	0	0	0	0	0	29
0	458	0	0	0	0	0	0	0	0	0	0	0	0	0	0	4	0	0	0	3	0	0	0	0	0	24	0	0	0	0	0	0	0	0	0	0	0	1	0
0	0	0	14	41	1	0	2	4	0	47	0	10	162	1	26	45	0	31	17	1	0	2	0	0	0	0	0	11	0	22	3	0	0	0	131	0	1	0	1
0	0	0	0	0	0	0	0	0	0	0	43	0	0	0	0	0	0	0	0	0	0	0	0	0	0	1	0	0	0	0	0	2	0	0	0	524	0	0	0
0	1	0	0	0	0	0	0	0	567	0	1	0	0	0	0	0	0	0	0	0	0	0	0	0	0	0	0	0	0	0	0	0	0	0	0	0	0	0	0
0	0	0	0	1	0	0	0	0	450	0	96	3	0	0	0	0	0	0	1	0	0	0	1	0	0	0	0	3	0	0	0	10	0	0	2	0	0	0	0
0	0	2	0	0	0	0	44	0	0	4	0	3	1	0	5	0	5	0	0	0	0	0	0	0	0	0	0	0	5	13	0	0	1	6	0	0	17	0	344
1	0	4	0	0	0	7	10	0	390	8	18	0	0	0	0	2	9	1	7	6	0	0	15	0	1	5	0	4	0	1	0	4	0	0	3	0	3	0	0
0	0	3	0	4	17	0	0	0	0	0	0	6	46	11	5	0	0	0	1	1	0	56	0	0	1	0	72	13	1	1	4	0	0	0	8	0	2	0	197
0	1	0	0	0	0	0	0	0	0	0	0	0	0	0	0	0	0	0	0	0	0	0	3	0	0	0	0	0	0	8	0	482	0	0	0	1	0	0	0
0	0	0	1	0	0	0	0	0	0	0	0	1	7	2	0	0	0	0	0	0	0	0	0	0	0	0	1	0	0	0	1	2	1	3	0	0	0	0	0
0	0	0	0	0	0	2	0	1	0	0	0	2	6	3	0	0	0	0	0	0	0	0	0	0	0	0	0	0	2	0	1	3	0	1	0	0	0	0	0
0	0	0	0	0	0	1	0	0	0	0	0	0	6	0	0	0	0	0	0	0	0	0	0	0	12	0	0	1	0	0	0	0	0	0	1	0	0	0	0
0	0	0	0	0	0	0	0	2	30	0	0	0	0	0	0	0	0	3	0	0	0	0	0	0	0	0	0	0	0	0	0	1	0	0	2	0	0	14	0
0	0	0	31	0	0	0	0	0	0	0	0	0	0	0	0	0	0	0	16	1	0	0	0	0	0	0	0	0	0	1	17	1	0	0	1	0	0	0	0
0	0	0	0	0	2	0	46	0	0	11	0	0	0	0	0	0	7	0	0	0	0	0	1	0	0	0	0	0	0	0	0	0	0	0	0	0	0	0	0
0	0	0	0	0	0	0	0	0	0	0	68	0	0	0	0	0	0	0	0	0	0	0	0	0	0	0	0	0	0	0	0	0	0	0	0	0	0	0	0
0	0	0	0	0	0	1	0	2	0	0	0	1	1	0	0	0	0	0	0	0	0	2	0	1	0	0	0	0	1	0	0	0	0	1	0	54	0	0	0
0	0	0	0	0	0	0	43	0	0	11	0	0	0	0	0	0	11	0	0	0	0	0	0	0	0	0	0	0	0	0	0	0	0	0	0	0	0	0	0
0	0	0	0	0	0	0	10	0	0	5	0	0	0	0	0	0	4	0	0	0	0	0	0	0	0	0	0	0	0	1	0	0	0	0	0	0	0	0	0
0	3	0	0	0	0	0	0	0	0	0	0	0	1	0	0	0	0	0	0	1	0	3	3	0	0	0	0	2	0	1	1	2	0	0	0	0	0	0	0
0	0	0	0	0	0	0	1	0	0	0	4	0	0	0	0	0	0	0	0	0	0	0	0	0	0	0	0	0	0	0	0	0	1	0	0	7	0	0	0
0	0	0	0	0	0	0	0	0	0	0	0	0	0	0	0	0	0	0	0	0	0	0	0	0	0	0	0	0	0	0	0	0	0	0	0	10	0	0	0
0	0	0	0	0	0	0	0	0	0	0	0	0	0	0	0	0	0	0	0	0	0	0	0	0	0	0	0	0	0	0	0	0	0	0	0	10	0	0	0
0	0	0	0	0	0	0	0	0	7	0	0	0	0	0	0	0	0	0	0	0	0	3	0	0	0	0	0	0	0	0	0	0	0	0	0	0	0	0	0
0	0	0	0	0	0	0	0	1	0	0	0	1	0	0	0	0	0	0	0	0	0	0	0	3	0	0	0	0	1	0	0	0	1	2	0	0	0	0	0
0	0	0	0	0	0	0	0	0	0	0	0	2	2	0	0	0	0	0	1	0	0	0	0	0	0	0	0	0	0	1	0	1	0	0	0	0	0	0	0
0	0	0	0	0	0	1	0	0	0	0	0	0	6	0	0	0	0	0	0	0	0	0	0	0	0	0	0	0	0	0	1	0	1	0	0	0	0	0	0
0	0	0	0	0	0	0	0	0	0	0	0	0	0	0	0	0	0	0	0	0	0	0	0	0	0	0	0	0	0	0	0	0	0	0	0	0	3	8	0
0	0	0	0	0	0	0	2	0	0	1	0	0	0	0	0	0	0	0	0	0	0	0	0	0	0	0	0	0	0	0	0	0	0	0	0	0	0	9	0
0	0	0	0	0	0	0	0	0	0	0	0	0	0	0	0	0	0	0	0	0	0	0	0	0	0	0	0	0	0	0	0	0	0	0	0	273	0	0	0
0	0	0	0	0	0	0	0	0	0	0	0	0	0	0	0	0	0	0	1	1	0	0	0	0	0	0	0	0	0	0	0	0	0	0	0	265	0	0	0
0	1	0	1	8	28	0	3	0	0	3	0	2	0	2	5	0	0	0	6	0	0	0	0	0	0	1	10	0	0	23	0	1	1	1	14	0	31	0	47
0	13	2	0	4	22	0	10	0	153	17	1	0	0	0	0	0	0	1	4	1	0	0	1	0	2	0	0	1	0	0	0	5	0	0	1	2	0	0	0
0	0	0	0	0	0	0	0	18	6	8	0	0	5	0	0	0	0	0	14	0	0	0	3	0	0	0	0	200	0	1	0	0	0	0	0	0	0	0	0
0	0	0	0	0	0	0	0	144	0	0	0	0	7	0	0	0	0	0	0	0	0	19	0	0	0	0	0	3	0	0	0	1	0	0	0	78	0	0	0
0	0	0	0	0	0	0	0	0	0	0	0	0	0	0	0	0	0	0	0	0	0	0	0	0	0	0	0	0	0	0	0	0	0	0	0	244	0	0	0
42	0	312	16	101	20	37	4	28	350	122	402	2	718	3	1	0	5	0	2	0	0	17	153	0	44	58	2	21	3	0	552	3065	0	1	0	4	0	0	80
3	92	0	0	0	0	0	0	0	373	5	15	0	1	0	0	0	1	0	3	3	2	0	0	2	6	26	0	0	0	0	0	1	0	0	0	0	2	13	30
0	0	0	6	13	0	4	2	0	0	0	0	56	43	0	9	1	0	1	88	1	0	0	0	0	0	0	0	0	3	20	0	10	0	0	58	19	305	5	19
0	0	0	0	0	0	0	0	0	1	38	549	1	0	0	0	4	1	0	105	6	0	0	0	0	0	1	0	0	0	0	0	0	0	0	0	0	0	0	0
0	0	4	0	0	4	1	186	0	0	48	0	1	0	0	0	0	37	1	1	0	0	0	0	0	7	0	0	2	0	1	0	0	0	0	3	0	0	0	13
48	48	6	17	3	9	0	15	2	122	10	2	3	0	0	5	0	3	31	0	5	5	1	0	0	1	3	0	0	0	0	1	56	0	0	0	0	2	0	29
10	58	2	33	2	0	3	0	2	1	0	0	3	0	0	3	0	0	51	8	5	0	0	8	0	2	8	0	11	0	5	0	157	0	0	0	0	6	5	7
0	0	0	2	0	0	0	0	0	0	0	0	0	0	0	4	0	0	0	0	0	1	0	0	1	0	0	0	0	0	0	0	0	0	0	0	0	0	0	0
0	0	0	0	0	0	0	0	0	0	0	0	0	0	0	0	0	0	0	0	0	0	1	0	0	0	0	0	0	0	0	0	476	0	0	0	0	0	0	0
11	0	0	0	449	14	0	0	0	0	5	0	0	0	0	0	0	0	0	0	0	0	0	0	0	0	0	2	0	0	1	0	1	0	0	0	0	0	0	0
0	0	0	140	0	0	0	0	10	0	0	0	0	0	0	0	0	0	0	0	0	0	0	0	3	0	0	0	0	0	0	0	0	2	0	0	0	0	0	0
0	0	0	0	1	0	3	0	0	0	1	0	0	306	0	0	0	0	0	1	0	0	0	4	0	134	0	0	0	3	0	4	0	0	0	10	0	0	0	0
1	0	0	3	1	4	0	2	0	0	15	3	8	0	0	4	0	2	38	2	0	0	0	0	0	2	1	0	47	0	4	0	56	0	0	5	135	14	1	40
0	0	0	0	0	0	0	0	0	0	0	0	0	0	0	0	351	32	0	0	1	0	0	0	0	0	0	0	0	0	0	11	0	0	0	0	0	0	0	0
0	0	0	0	0	3	0	0	0	0	15	19	0	0	0	0	10	269	0	7	2	6	10	0	0	0	1	0	0	4	0	0	0	26	0	0	252	0	0	0
0	0	0	0	0	0	503	2	1	0	2	0	0	0	0	0	0	0	0	0	0	0	0	1	0	0	0	0	0	0	0	0	0	0	0	0	161	0	0	0
2	0	1	0	0	0	0	0	3	0	0	0	0	0	0	2	0	0	0	0	0	0	0	0	0	0	0	0	0	3	0	1	0	574	0	0	0	0	0	0
0	0	0	1	1	0	0	0	0	0	3	10	0	0	10	0	0	6	0	0	0	0	227	0	0	0	0	1	0	1	0	0	0	265	0	0	0	0	0	0
1	0	0	0	0	0	0	0	0	0	0	0	0	0	0	0	0	0	0	0	0	0	0	0	0	0	0	0	0	0	0	0	0	610	0	0	0	0	0	0
0	0	0	0	0	30	3	8	0	5	52	274	0	0	1	0	0	6	0	0	0	1	0	7	0	1	0	0	40	0	1	0	32	0	0	1	152	0	5	0
0	0	0	0	0	0	0	0	0	0	0	0	0	0	0	0	0	0	0	0	0	0	0	0	0	0	0	0	0	0	0	0	0	0	0	0	0	0	0	70
0	0	0	11	25	0	0	0	0	0	0	0	0	0	0	1	0	0	0	4	0	0	0	0	0	0	0	0	0	0	0	0	0	0	0	10	0	15	0	1
0	0	0	0	0	0	0	0	0	0	0	0	0	0	0	2	0	0	11	0	0	0	0	0	0	0	0	0	0	13	0	1	1	0	1	0	0	0	0	0
0	0	24	2	0	1	2	1	0	0	0	0	0	1	0	0	0	0	0	0	0	0	1	2	0	5	0	0	0	0	1	0	25	0	0	2	1	3	1	0
0	0	0	0	0	0	0	0	0	0	2	0	0	0	0	0	0	0	0	1	0	0	0	0	0	0	0	0	0	0	0	0	0	0	0	0	65	2	0	0
0	0	4	1	0	9	1	0	0	0	1	0	0	0	1	0	0	0	0	4	0	0	1	0	0	0	0	0	46	0	0	1	5	0	0	0	0	0	3	0
0	0	0	0	0	0	1	0	0	0	0	0	0	0	0	0	0	0	1	0	0	0	0	2	0	0	0	0	0	10	0	0	0	1	0	0	0	0	0	0
0	0	0	0	0	0	0	0	0	0	4	0	0	0	0	0	0	0	0	0	0	0	0	0	0	0	0	0	2	0	0	0	0	0	0	0	68	0	0	0
5	0	1	0	0	0	0	0	0	0	0	0	0	0	0	0	0	0	0	0	0	0	0	0	0	0	0	0	0	0	0	0	3	0	0	0	0	0	0	0
0	3	0	0	0	0	0	0	0	0	0	0	0	1	0	0	0	0	0	0	0	0	2	0	0	0	0	0	0	0	0	2	1	0	0	0	0	0	0	0
0	8	0	0	0	0	0	0	0	0	0	0	0	3	0	0	0	0	0	0	2	0	13	0	0	0	0	0	1	0	0	0	7	0	0	0	0	0	0	0
0	0	0	0	0	0	0	0	3	0	0	0	2	0	0	0	0	0	0	0	0	1	0	0	2	0	0	0	0	2	0	0	0	0	2	0	0	0	0	0
0	0	1	0	0	0	0	0	0	0	0	0	0	1	1	0	0	0	0	1	2	0	2	0	0	0	1	0	1	0	1	0	1	0	0	0	0	0	0	0
0	6	0	0	0	0	0	0	0	0	0	0	0	0	0	0	0	0	0	0	1	0	3	0	0	0	0	1	1	0	0	0	1	0	0	0	0	0	0	0
0	0	0	0	0	0	0	0	2	0	0	0	0	0	0	0	0	0	0	0	0	2	1	0	1	0	0	0	0	2	0	0	0	0	1	0	3	0	0	0
0	10	0	0	3	0	0	0	0	0	0	0	0	0	0	0	0	0	0	0	0	0	0	0	0	0	0	0	0	0	0	0	0	0	0	0	0	0	0	0
0	1	0	0	0	0	0	0	0	0	0	0	0	1	0	0	0	0	0	0	0	0	9	0	0	0	0	0	0	0	0	1	0	0	0	0	0	1	0	0
0	2	0	0	0	0	0	0	0	0	0	0	0	1	0	0	0	0	0	0	1	0	6	0	0	0	0	0	1	0	0	1	0	0	0	0	0	0	0	1
0	4	0	0	0	0	0	0	0	1	0	1	0	4	0	0	0	0	0	0	2	0	12	0	0	0	1	0	3	0	0	1	3	0	0	0	0	1	0	0
0	0	0	0	0	0	0	21	0	0	6	0	0	0	0	0	0	5	0	0	0	0	0	0	0	0	0	0	0	0	0	0	0	0	0	0	0	0	0	0
1	0	0	32	0	0	0	0	0	0	0	0	0	0	0	0	0	0	0	0	0	0	0	0	0	0	0	0	0	0	0	0	0	0	0	0	0	0	0	0
0	0	0	0	2	0	0	0	0	0	1	0	0	1	0	0	0	0	0	0	0	0	0	0	0	0	0	0	0	0	6	0	0	0	0	0	0	1	0	7
0	8	1	0	0	0	0	0	0	0	0	0	0	2	0	0	0	0	0	0	0	0	6	0	0	0	3	0	4	0	2	2	1	0	0	1	0	0	0	2
0	0	0	0	0	0	0	0	0	2	0	31	0	0	0	0	0	0	0	0	0	0	0	0	0	0	0	0	0	0	0	0	0	0	0	0	0	0	0	0
0	1	0	0	0	0	0	0	1	24	0	0	0	0	0	0	0	0	0	0	0	0	0	0	0	0	1	0	1	0	0	0	1	0	0	0	0	0	1	0
0	0	0	0	4	0	0	0	0	0	0	0	0	0	0	0	0	0	0	27	1	0	0	0	0	0	0	0	0	0	0	0	0	0	0	0	0	0	0	0
0	0	0	0	0	1	0	20	0	0	4	0	0	0	0	0	0	1	0	0	0	0	0	0	0	0	0	0	0	0	1	0	0	0	0	0	0	0	0	0
0	0	0	0	0	0	0	0	0	0	0	0	0	0	0	0	0	0	0	0	0	0	0	0	0	0	0	0	0	0	0	0	0	0	0	0	32	0	0	0
0	0	0	0	0	0	0	0	0	0	0	0	0	0	0	0	0	0	0	0	0	0	0	0	6	0	0	0	0	2	0	0	0	0	4	0	0	0	0	0
0	0	0	0	0	0	0	0	0	0	0	0	0	0	0	2	0	0	9	0	0	0	0	0	0	0	0	0	0	0	0	0	0	0	0	0	0	0	0	0
0	0	0	0	0	0	0	0	0	0	0	0	0	0	0	0	0	0	0	0	0	0	0	0	0	0	0	0	5	0	0	2	7	0	0	0	0	0	0	0
0	0	0	0	0	0	0	0	0	5	0	8	0	0	0	0	0	0	0	0	0	0	0	0	0	0	0	0	0	0	0	0	1	0	0	0	0	0	0	0
0	2	0	0	0	0	0	0	0	0	0	0	0	0	1	0	0	0	0	0	0	0	6	0	0	0	1	0	0	0	1	0	3	0	0	0	0	0	0	0
0	0	0	0	0	0	0	0	0	4	0	0	0	0	0	0	0	0	0	0	0	0	9	0	0	0	0	0	0	0	0	0	1	0	0	0	0	0	0	0
0	0	0	0	0	0	0	5	0	0	3	0	0	0	0	0	0	3	0	3	0	0	0	0	0	0	0	0	0	0	0	0	0	0	0	0	0	0	0	0
0	0	0	0	0	0	0	0	0	0	0	0	0	14	0	0	0	0	0	0	0	0	0	0	0	0	0	0	0	0	0	0	0	0	0	0	0	0	0	0
0	0	0	0	0	0	3	0	0	0	0	0	0	2	0	0	0	0	0	1	0	0	1	0	0	0	0	0	0	0	1	0	1	0	2	0	0	0	0	0
0	0	0	0	0	0	0	6	0	0	1	56	0	0	0	0	3	2	0	39	1	0	0	0	0	0	0	0	0	0	0	0	0	0	0	0	0	17	12	0
0	0	0	0	11	0	0	20	0	0	6	0	0	0	0	0	0	3	0	0	0	0	0	0	0	0	0	0	0	0	4	0	5	0	0	1	0	0	0	37
0	0	0	0	0	0	11	0	0	0	0	0	0	0	0	0	0	0	0	0	0	0	0	0	0	0	0	0	0	0	0	0	0	0	0	0	0	0	0	0
0	0	0	0	0	0	0	0	1	127	0	2	0	0	0	0	0	0	0	0	0	0	0	0	0	0	0	0	2	0	0	8	0	0	0	0	0	4	0	0
0	0	0	0	0	0	0	0	0	0	0	0	9	0	0	0	0	0	0	0	0	0	0	0	0	0	0	0	0	0	0	0	0	0	0	0	0	0	0	0
0	0	0	0	0	0	0	0	0	0	0	141	0	0	0	0	0	1	0	0	0	0	0	0	0	0	0	0	0	0	0	0	0	0	0	0	0	0	0	0
0	0	0	0	0	0	1	0	0	0	0	0	1	3	0	0	0	0	0	1	0	0	0	0	0	0	0	0	0	1	0	0	1	0	2	0	0	0	0	0
0	0	0	0	0	0	0	0	0	0	0	0	0	0	0	0	0	0	1	0	0	0	0	0	0	0	0	0	0	0	0	0	0	8	0	0	0	0	0	0
0	0	0	0	0	0	0	0	0	0	0	2	0	0	0	0	0	0	0	0	0	0	5	0	0	0	1	1	0	0	0	1	0	0	0	0	0	0	0	0
0	0	0	0	0	0	0	0	0	1	0	0	0	2	0	0	0	0	0	0	0	0	0	0	0	0	0	0	0	0	0	1	5	0	0	0	0	0	0	0
0	0	0	0	0	0	2	0	0	0	0	0	2	2	0	0	1	0	0	0	0	0	0	0	0	25	0	0	1	0	0	2	0	0	0	0	0	0	0	0
0	0	0	0	0	2	0	0	0	0	0	0	0	0	0	0	0	0	0	0	0	0	0	0	0	0	0	0	0	0	0	0	14	0	0	0	0	1	1	0
0	0	0	0	0	0	0	0	0	0	0	0	0	0	0	0	0	0	0	1	0	0	0	0	0	0	0	0	0	0	0	0	0	0	0	0	1	0	0	0
0	0	0	0	1	0	0	1	4	0	1	0	0	3	0	0	0	2	0	0	0	0	0	0	0	0	0	0	0	0	23	0	2	0	0	1	0	0	0	814
2	0	1	0	0	180	0	69	0	1	209	111	1	0	8	0	0	66	1	7	0	1	5	0	1	0	0	0	0	2	0	0	0	0	0	0	54	3	14	0
1	0	0	14	0	3	0	0	0	0	3	0	0	0	0	0	51	2	0	107	4	0	0	0	1	0	0	0	0	18	0	1	0	2	0	0	0	0	505	0
0	0	0	0	0	0	0	0	0	0	0	0	0	1	0	0	0	0	0	0	0	0	0	0	0	0	0	0	0	0	0	0	0	0	0	0	0	0	0	861
1	355	0	7	0	1	0	2	0	1	16	1	0	6	1	0	3	0	0	78	3	0	6	0	0	0	0	0	1	0	1	0	407	0	0	0	1	3	20	0
0	0	0	0	19	2	0	0	0	0	0	0	6	0	3	0	9	0	8	233	10	0	0	0	0	0	1	11	0	0	204	1	1	0	0	14	0	0	0	295
0	0	0	0	3	0	0	0	0	0	0	0	0	0	0	0	0	7	0	0	0	0	0	0	0	0	0	0	0	0	60	0	0	0	0	3	0	4	0	0
0	0	0	3	3	5	0	0	0	0	0	0	1	0	0	3	0	0	0	0	0	0	0	1	0	0	5	0	0	0	15	0	0	0	0	8	0	0	0	31
0	0	0	0	0	0	25	0	15	0	0	0	0	8	0	0	0	0	0	0	0	1	0	0	0	0	0	0	0	0	0	2	0	3	6	0	0	2	0	0
0	7	0	0	1	0	0	0	0	0	0	0	0	0	0	0	0	0	0	2	0	0	0	2	0	0	0	0	0	0	0	0	53	0	0	0	0	9	5	0
0	0	0	0	0	0	0	0	0	8	0	0	0	66	0	0	0	0	0	0	0	0	2	0	0	0	0	0	0	0	0	0	2	0	0	0	0	0	0	1
56	0	0	0	1	0	0	0	5	0	3	0	0	0	0	0	1	0	0	9	0	0	0	0	0	0	0	0	0	0	0	0	0	0	0	3	0	0	0	0
0	0	0	2	0	0	0	0	0	1	0	0	0	1	1	0	0	0	0	0	0	0	0	0	0	0	0	0	0	0	0	0	79	0	0	0	0	0	0	0
0	0	0	0	2	0	0	11	0	0	2	0	0	0	0	2	0	3	0	10	0	0	0	0	0	0	0	3	0	0	3	0	3	0	7	0	0	0	0	21
0	0	1	0	0	3	0	0	34	2249	10	5	0	10	7	1	0	25	2	1	2	4	277	0	4	3	1	28	4	0	1	3	13	0	0	3	0	0	0	0
0	0	0	0	0	13	0	11	1	1	102	782	0	0	12	0	0	59	4	10	0	0	0	4	0	0	0	0	0	15	0	0	5	412	0	0	2866	18	1	3
0	1	330	83	226	21	5	0	0	23	1	682	0	103	30	0	2	0	0	98	10	0	0	12	0	4	101	130	1	0	19	0	456	0	0	65	1	0	0	0
0	0	0	0	0	0	0	0	0	0	0	0	14	0	0	0	0	0	0	0	0	0	0	0	0	0	0	0	0	0	0	0	0	0	0	0	0	0	0	0
0	0	0	0	0	0	0	0	0	0	0	0	0	2	0	0	0	0	0	0	0	1	0	0	2	0	0	0	0	2	0	0	0	0	5	0	0	0	0	0
28	35	4	1	0	17	1	0	240	2	1	71	1	59	18	0	1	13	0	0	2	30	786	1	32	4	43	54	6	0	12	2	195	0	0	2	92	2	0	89
0	0	0	0	0	0	0	0	0	0	12	0	0	0	0	0	0	0	0	0	0	0	0	0	0	0	0	0	0	0	0	0	0	0	0	0	0	0	0	0
0	0	0	0	0	0	1	0	0	0	0	0	3	5	0	0	0	0	0	0	0	0	0	0	0	0	0	0	0	1	1	0	0	1	1	0	0	0	0	0
0	0	0	0	0	0	1	0	0	0	0	0	1	6	1	0	0	0	0	0	0	0	0	0	0	0	0	1	0	0	0	1	1	0	0	0	0	0	0	0
0	0	0	0	0	0	0	0	0	13	0	0	0	0	0	0	0	0	0	0	0	0	0	0	0	0	0	0	0	0	0	0	0	0	0	0	0	0	0	0
0	0	0	0	0	0	0	0	0	0	0	0	0	0	0	0	0	0	0	0	0	0	0	0	0	0	0	0	0	0	0	0	0	0	0	0	13	0	0	0
0	1	0	0	0	0	0	0	0	0	0	0	0	0	0	0	0	0	0	0	0	0	10	1	0	1	0	0	0	0	0	0	0	0	0	0	0	0	0	0
0	0	0	0	0	0	0	0	0	0	0	0	0	0	0	0	0	0	0	0	0	0	0	1	0	0	0	0	0	0	0	0	2	0	0	0	0	10	0	0
0	0	0	0	0	0	0	0	29	0	0	0	0	0	0	0	0	0	0	0	0	0	0	0	0	0	0	0	0	0	0	0	0	0	0	0	0	0	0	0
0	0	0	0	0	0	0	0	0	0	0	0	0	0	0	0	0	0	0	0	0	0	0	0	0	0	0	0	0	0	0	0	32	0	0	0	0	0	0	0
0	0	0	0	0	0	0	0	0	32	0	0	0	0	0	0	0	0	0	0	0	0	0	0	0	0	0	0	0	0	0	0	0	0	0	0	0	0	0	0
0	9	0	0	0	1	0	0	0	0	0	0	0	0	0	0	1	0	0	0	2	0	7	0	0	0	2	0	1	0	0	0	6	0	0	1	0	0	0	2
0	0	0	0	0	0	1	0	0	0	9	0	0	0	0	0	0	0	0	0	0	0	0	0	0	0	15	0	3	0	0	0	0	0	0	0	0	0	0	0
0	0	0	0	0	0	0	0	2	0	0	0	0	0	0	0	0	0	0	0	0	0	3	0	3	0	0	1	0	4	0	0	0	0	2	0	14	0	1	0
0	0	0	0	0	1	5	0	0	0	0	0	0	17	2	0	0	0	0	1	0	0	0	0	0	0	0	0	0	0	0	1	1	0	2	0	0	0	0	0
0	0	0	0	0	0	0	17	0	0	7	0	0	0	0	0	0	6	0	0	0	0	0	0	0	0	0	0	0	0	0	0	0	0	0	0	0	0	0	0
0	0	0	3	0	0	1	2	0	24	0	0	0	0	0	0	0	1	0	0	0	0	0	0	0	0	0	0	0	0	0	0	0	0	0	0	0	0	0	0
0	0	0	0	0	0	0	0	0	1	0	0	0	0	0	0	0	0	0	0	0	0	0	0	0	0	0	0	0	0	0	0	0	3	0	0	0	0	0	0
0	1	0	0	0	0	0	0	0	0	0	0	0	2	0	0	1	0	0	0	0	0	3	0	0	0	0	0	1	0	0	1	5	0	0	0	0	0	0	0
0	2	0	0	0	0	0	0	0	2	0	0	0	0	0	0	0	0	3	0	4	1	0	0	0	0	0	0	1	0	0	0	0	0	0	0	1	0	0	0
0	0	0	0	0	0	0	4	0	0	1	0	0	0	0	0	0	1	0	0	0	2	4	0	0	0	0	2	0	0	0	0	0	0	0	0	0	0	0	0
0	0	0	0	0	0	2	0	0	0	0	0	0	3	4	0	0	0	0	0	0	0	0	0	0	0	0	0	0	0	1	0	4	0	0	0	0	0	0	0
1	9	0	0	0	0	0	0	0	0	0	1	0	0	0	0	0	0	0	0	0	0	0	0	0	0	2	0	0	0	0	0	1	0	0	0	0	0	0	0
0	0	0	1	0	0	4	0	0	0	0	0	0	4	1	0	0	0	0	0	0	0	0	0	0	0	0	0	0	1	0	1	1	0	0	0	0	0	0	0
0	0	0	0	0	0	0	0	0	4	2	0	0	0	0	0	0	1	0	2	0	0	0	0	0	0	0	0	0	0	0	0	0	0	0	0	0	2	3	0
0	0	3	0	0	0	0	0	0	0	1	2	0	0	0	0	0	0	0	0	0	0	0	4	0	0	0	0	0	0	0	2	2	0	0	0	0	0	0	0
0	5	0	0	1	1	0	0	0	1	0	1	0	0	0	0	0	0	0	1	0	1	0	0	0	0	1	0	1	0	0	0	0	0	0	0	0	0	0	0
0	0	0	0	0	0	0	0	0	0	0	0	1	5	0	0	0	0	0	0	0	0	2	0	0	0	0	0	0	0	0	1	1	0	0	0	0	0	0	0
0	0	1	0	0	0	1	0	1	0	0	0	0	4	1	0	0	0	0	0	0	0	0	0	0	0	0	0	0	0	1	0	0	1	0	0	0	0	0	0
0	0	0	0	0	1	2	0	0	0	0	0	0	1	1	0	0	0	0	0	0	0	0	0	0	0	0	0	0	1	0	0	0	2	0	0	0	0	0	0
0	3	0	0	0	0	0	0	0	0	0	0	0	3	0	0	0	0	0	0	0	0	3	0	0	0	0	0	2	0	0	0	0	0	0	0	0	0	0	0
0	3	0	0	0	0	0	0	0	0	0	1	0	1	0	0	0	0	0	0	0	0	4	0	0	0	1	0	0	0	0	0	1	0	0	0	0	0	0	0
0	0	0	0	0	0	0	0	0	5	0	5	0	0	0	0	0	0	0	0	0	0	0	0	0	0	0	1	0	0	0	0	0	0	0	0	0	0	0	0
0	0	0	0	0	0	0	0	0	0	0	0	0	0	0	0	0	0	0	0	0	0	0	0	0	0	0	0	0	0	0	0	0	0	0	0	0	0	0	11
0	0	0	0	1	1	0	0	0	0	0	0	1	4	1	0	0	0	0	0	0	0	0	0	0	0	0	0	0	0	0	0	1	1	1	0	0	0	0	0
0	0	0	0	0	0	0	0	0	0	0	0	0	0	0	0	0	0	0	0	0	0	0	0	0	0	0	0	0	0	0	0	0	11	0	0	0	0	0	0
0	4	0	4	0	0	0	0	0	0	0	0	0	0	0	0	0	0	0	0	0	0	0	0	0	0	0	0	0	0	0	0	0	0	0	0	3	0	0	0
0	0	0	0	0	0	0	0	0	0	0	0	0	0	0	0	0	0	0	0	0	0	127	0	0	0	0	0	0	0	0	0	0	0	0	0	0	0	0	0
0	0	0	0	0	0	0	0	0	0	2	0	0	0	0	0	0	0	0	0	0	0	0	0	0	0	0	0	0	0	0	0	0	0	0	0	0	0	130	0
0	0	0	5	0	0	0	0	4	0	1	0	0	0	1	1	7	0	6	4	0	2	0	0	0	0	0	0	0	1	1	20	0	1	0	0	2	0	0	12
0	32	0	3	0	4	4	3	0	0	1	0	0	0	0	0	0	0	0	25	1	0	0	34	0	6	0	0	2	0	0	0	0	0	0	0	0	3	7	0
0	0	5	0	0	20	0	0	0	0	0	0	0	0	11	0	0	0	0	0	0	0	0	0	0	0	0	90	0	0	0	0	0	0	0	0	0	0	0	0
0	2	0	0	6	0	0	0	0	0	0	0	0	0	0	79	2	0	0	9	0	0	0	0	0	0	0	0	0	0	9	0	0	0	0	0	0	24	0	0
1	0	3	4	2	43	17	2	1	16	17	0	7	0	8	3	0	2	28	0	0	4	17	87	0	16	0	62	6	0	0	1	262	0	1	11	500	0	1	8
0	0	3	7	112	54	1	1	0	0	1	0	0	0	5	0	0	0	0	0	0	0	0	0	0	2	0	51	261	0	0	0	0	0	0	0	0	658	0	0
0	124	66	23	0	67	0	6	0	332	2	125	0	59	3	0	0	1	0	13	1	0	0	0	0	0	0	1	0	0	0	0	143	0	0	0	0	1	6	5
0	0	0	0	0	49	0	0	0	11	0	864	0	0	0	0	0	2	0	0	0	0	1	0	0	0	0	0	0	0	0	0	24	0	0	0	0	0	0	0
2	9	0	0	0	14	6	2	0	642	13	40	12	0	0	5	1	3	42	6	1	0	0	0	0	1	1	12	37	0	0	8	20	0	0	0	0	7	0	0
0	5	1	0	1	0	40	0	0	1	0	13	0	0	0	0	0	0	0	0	1	0	0	178	0	42	1	0	15	0	0	0	153	0	0	0	13	0	1	476
0	0	0	0	0	0	0	0	0	0	0	0	0	7	2	0	0	0	0	0	0	0	0	0	0	0	0	0	0	0	0	0	0	0	0	0	0	0	0	0
0	0	1	4	1	0	0	4	30	0	1	0	17	0	0	3	0	2	42	0	0	0	0	2	0	0	0	0	0	0	0	0	2	0	0	1	0	11	3	0
0	0	3	0	0	7	0	0	0	0	1	0	19	1	7	0	2	0	0	1	0	0	3	0	0	0	1	27	0	2	31	0	2	0	0	0	0	0	0	34
0	2	0	0	0	0	1	0	0	0	0	0	0	4	0	0	0	0	0	0	0	0	1	1	0	0	0	0	2	0	0	0	0	0	0	0	0	0	0	0
0	0	0	0	1	3	0	71	0	0	19	0	1	0	0	1	0	12	17	0	0	0	0	0	0	0	0	0	0	0	0	0	0	0	0	3	0	0	0	0
0	0	0	1	0	0	0	0	1	0	0	0	0	0	1	1	0	0	0	0	0	1	0	0	0	0	0	0	0	2	0	0	0	2	0	0	0	0	1	0
0	0	0	0	0	0	0	0	2	0	0	0	0	0	0	0	0	0	0	0	0	0	0	0	0	0	0	0	0	0	0	0	1	0	0	0	0	10	3	0
0	0	9	0	0	14	0	0	0	0	0	0	0	0	14	0	0	0	0	0	0	0	0	0	0	0	0	50	0	0	0	0	0	0	0	0	0	0	0	0
0	0	0	2	0	0	0	0	1	0	0	0	3	2	0	0	1	0	1	4	0	0	0	0	0	0	0	0	0	0	0	0	0	28	0	1	0	1	0	0
2	0	19	0	0	0	0	0	0	0	0	5	0	9	0	0	5	0	0	4	11	0	0	0	0	0	0	0	13	0	0	0	0	0	0	0	0	16	0	0
0	0	0	0	0	46	0	13	0	0	4	2	0	0	1	0	0	3	0	1	0	0	0	0	0	0	0	0	0	0	0	3	7	0	0	0	0	3	0	5
0	0	0	34	0	0	0	0	0	0	0	0	0	0	0	1	0	10	7	0	0	13	0	0	0	0	0	0	0	0	0	0	0	0	0	0	20	0	0	0
9	0	0	6	0	0	0	0	13	0	0	0	0	0	0	0	0	0	0	0	0	0	0	0	0	0	0	0	0	0	0	0	0	0	0	0	0	0	0	0
0	1	5	6	3	0	0	3	0	0	0	11	1	0	0	0	0	3	2	0	0	0	0	0	0	1	0	0	9	0	7	0	1	0	0	1	29	1	0	0
0	0	0	0	0	0	0	0	0	0	0	31	0	0	0	0	0	0	0	0	0	0	2	0	0	0	0	0	0	0	5	0	95	0	0	0	0	0	0	0
0	0	1	0	1	0	0	0	0	0	0	0	63	0	2	0	0	0	0	0	0	0	0	0	0	0	0	2	0	6	5	0	2	0	1	0	0	0	0	0
0	0	0	0	0	21	0	1	0	0	0	0	0	0	2	0	0	0	0	0	0	0	0	0	0	0	0	0	0	0	0	0	51	0	0	0	0	10	0	0
0	0	0	0	0	0	0	0	0	1	5	0	0	0	0	1	0	0	2	0	1	2	0	1	0	0	0	0	0	0	0	0	0	0	0	0	119	2	0	0
0	10	0	0	0	0	0	0	0	0	0	0	0	0	0	0	0	0	0	0	0	0	0	0	0	0	0	0	0	0	1	0	0	0	0	0	0	0	0	0
0	0	0	0	0	0	0	0	0	0	0	0	0	0	0	0	0	0	4	0	0	0	0	0	0	0	0	0	0	0	0	0	0	0	0	0	0	1	0	0
0	0	0	0	0	1	1	0	0	0	0	0	0	14	1	0	0	0	0	1	0	0	0	0	0	0	0	0	0	0	0	0	3	3	3	0	0	0	0	0
0	9	0	0	0	1	3	0	0	1	0	1	0	1	0	0	0	0	0	0	1	0	8	1	0	0	0	1	0	0	0	0	0	0	0	1	0	0	0	0
0	0	0	0	0	0	0	0	0	0	0	0	1	12	2	0	0	0	0	3	0	0	0	0	0	0	0	0	0	2	1	2	3	0	2	0	1	0	0	0
0	0	0	0	1	5	0	3	0	0	1	1	0	0	0	0	0	3	0	0	0	0	0	0	0	0	0	0	0	0	0	0	11	0	0	0	0	2	1	1
0	0	1	0	0	0	0	0	0	0	0	15	2	7	0	0	0	0	0	1	3	0	0	0	0	0	0	0	0	0	0	0	0	0	0	0	0	0	0	0
8	1	1	1	0	0	0	0	1	3	0	0	0	0	0	1	0	0	4	0	0	0	0	1	0	0	4	0	0	0	0	0	0	0	0	0	0	0	0	2
1	8	2	0	0	0	1	0	0	0	0	0	0	0	0	0	0	0	0	0	0	0	5	4	0	0	0	1	1	0	1	0	5	0	0	0	0	0	0	1
0	0	0	0	0	3	0	0	0	0	0	0	0	0	0	0	1	0	0	4	0	0	0	0	0	0	0	0	0	0	0	0	0	0	0	0	0	20	2	0
0	0	0	0	0	0	0	0	0	0	0	0	0	0	0	2	0	0	18	0	0	0	0	0	0	0	0	0	4	0	0	0	1	0	0	0	0	0	0	0
0	0	0	0	0	0	0	0	0	0	0	0	3	0	0	2	0	0	13	4	1	0	0	1	0	0	1	0	0	0	0	0	1	0	0	0	0	0	0	0
0	0	0	0	0	0	0	0	1	0	0	0	1	0	0	0	0	0	0	0	0	0	0	0	2	0	0	1	0	2	0	2	0	0	2	0	2	0	1	0
0	0	0	0	0	0	0	0	0	0	0	0	0	0	0	1	0	0	0	0	0	0	0	0	0	0	0	0	0	0	1	0	0	0	0	0	0	0	0	13
0	0	0	0	0	0	0	0	0	0	0	0	0	10	0	0	0	0	0	0	0	0	0	0	0	2	0	0	0	0	0	2	0	0	0	0	1	0	0	0
0	0	0	0	0	0	0	0	0	3	0	0	1	0	0	0	0	0	5	0	0	0	0	0	0	0	0	0	0	0	0	0	3	0	0	0	0	2	0	0
0	6	0	0	0	0	0	0	0	1	0	1	0	1	0	0	0	0	0	0	0	0	3	0	0	0	1	0	0	0	0	0	1	0	0	0	0	0	0	1
0	2	1	0	0	0	0	0	0	0	0	0	0	1	0	0	0	0	0	0	1	0	7	0	0	0	0	0	0	0	0	0	2	0	0	0	0	0	0	0
1	0	0	1	0	0	0	0	0	0	0	0	0	0	0	0	0	0	0	0	0	0	0	0	0	0	0	0	0	0	0	0	9	0	0	0	0	1	3	0
0	0	0	0	0	0	0	0	0	0	0	0	0	9	0	0	1	0	0	0	0	0	0	0	0	3	0	0	0	0	0	2	0	0	0	0	0	0	0	0
0	0	1	0	0	0	1	0	0	0	0	0	0	2	5	0	0	0	0	0	0	0	0	0	0	0	0	0	0	0	1	0	1	0	0	0	0	0	0	0
0	1	0	0	0	0	0	0	0	13	0	0	0	0	0	0	0	0	0	0	0	0	0	0	0	0	1	0	0	0	0	0	0	0	0	0	0	0	0	0
1	0	0	0	0	9	0	73	0	0	21	0	7	0	0	1	0	19	26	1	0	0	0	0	0	0	1	0	0	0	0	0	0	0	0	0	0	0	1	0
0	0	6	0	0	101	0	1	4	1	0	10	1	0	1	1	0	11	10	0	0	0	0	0	0	0	0	0	0	0	0	0	8	0	0	0	0	10	5	0
0	0	0	0	0	0	0	0	41	32	0	0	0	0	0	0	1	0	0	78	2	0	0	0	0	0	0	0	0	0	0	0	0	0	0	0	0	0	0	29
0	5	0	0	0	0	3	0	33	0	0	1	0	15	0	1	0	0	4	0	0	0	113	0	0	0	0	0	0	0	2	0	1	0	0	1	0	4	0	1
0	0	0	0	0	0	0	0	0	0	0	0	0	0	0	0	187	0	0	0	0	0	0	0	0	0	0	0	0	0	0	0	0	0	0	0	0	0	0	0
1	0	0	31	22	1	0	0	0	0	0	2	0	16	1	0	0	0	0	0	0	0	0	0	0	0	0	1	0	0	12	0	0	0	0	93	0	0	0	0
0	0	0	0	1	96	1	0	0	0	0	0	6	0	0	0	0	0	0	0	0	0	0	1	0	23	0	0	0	0	41	0	0	0	0	3	0	0	0	0
0	0	0	0	0	0	0	10	0	0	0	0	0	0	0	0	0	0	0	0	0	0	1	0	0	0	0	0	0	0	0	0	164	0	0	0	1	0	0	1
0	0	0	0	0	0	0	2	0	51	3	9	0	0	0	0	0	6	2	0	0	0	0	2	0	1	3	0	1	0	2	0	1	0	0	0	95	0	0	0
0	0	0	0	0	0	170	0	0	0	0	0	0	4	2	0	0	0	0	0	0	0	0	0	0	0	0	0	0	1	0	0	1	0	2	0	0	1	0	0
0	0	0	0	0	0	0	0	0	0	0	0	0	0	0	0	0	0	0	0	0	5	0	0	0	0	0	0	0	0	0	0	0	0	0	0	0	0	0	0
0	0	0	0	1	0	0	0	0	0	0	0	0	0	0	0	0	0	0	0	0	0	38	0	0	0	0	0	0	0	0	0	0	0	0	0	0	0	0	0
0	0	0	0	0	0	0	0	0	0	0	0	0	6	1	0	0	0	0	0	0	0	0	0	0	0	0	0	0	2	0	1	2	0	0	0	0	0	0	0
0	0	0	0	0	0	0	0	0	0	0	314	2	0	0	0	144	0	0	142	698	0	0	0	0	0	80	0	0	0	0	0	0	0	0	0	0	0	0	0
0	0	11	0	32	26	0	0	0	0	0	0	48	2	42	444	0	0	1	0	0	0	15	0	0	0	0	136	0	5	37	0	2	0	0	4	0	0	0	156
0	0	0	52	8	1	2	118	1	0	61	210	147	14	3	53	57	28	6	0	0	0	0	2	0	46	0	25	1	16	2	6	0	13	65	54	0	0	0	0
1	0	0	83	2	3	9	0	386	0	0	1	62	17	0	24	2	1	281	6	5	0	0	42	0	11	78	2	3	0	1	0	50	0	0	1	3	75	19	0
0	3	0	0	69	0	0	26	1	0	1	2	0	1	0	38	1	6	0	3	0	0	813	1	0	0	1	0	0	1	45	1	20	0	0	3	0	100	0	460
0	0	28	20	109	74	3	0	49	89	1	0	3	223	39	23	14	150	15	5	2	0	22	0	0	8	8	267	41	0	79	4	13	0	0	259	5	0	0	16
0	0	0	0	0	27	0	21	0	0	308	0	0	0	0	0	0	23	2	0	0	0	0	0	0	0	0	0	0	0	0	0	2	0	0	0	1227	0	3	0
1	8	17	23	24	12	4	7	1	348	10	0	5	32	6	10	155	219	26	19	84	2	3	5	0	92	9	44	26	0	21	0	2	0	0	84	0	23	0	149
1	0	1	0	9	0	0	0	3	819	0	2	0	0	0	8	0	15	0	1	1	0	5	0	0	0	0	0	0	8	1	0	0	1	0	1	11	40	0	36
67	0	0	0	0	0	0	0	1	0	0	0	0	26	0	0	0	0	0	0	0	0	0	0	0	0	0	0	0	0	0	0	0	0	0	0	0	0	0	0
0	0	0	0	0	92	0	0	0	0	0	0	0	0	0	0	0	0	0	0	0	0	0	0	0	0	0	1	0	0	0	0	0	0	0	0	0	0	0	0
0	0	0	0	0	0	0	0	0	0	0	0	0	0	0	0	0	0	0	0	0	4	11	0	37	0	0	0	0	16	2	0	1	0	0	2	0	0	0	0
0	0	0	0	0	0	0	0	0	0	0	0	0	1	0	0	0	0	0	0	0	0	0	0	0	0	0	0	0	0	0	0	0	0	0	0	0	0	0	90
0	0	0	0	0	6	0	1	0	56	27	0	0	0	0	0	0	2	0	3	0	0	0	0	0	0	0	0	0	0	0	0	1	0	0	0	0	0	0	0
0	0	0	0	0	0	0	0	0	94	0	1	0	0	0	0	0	0	0	0	0	0	0	0	0	0	0	0	0	0	0	0	0	0	0	0	0	0	0	0
0	0	0	0	0	0	0	48	0	0	19	0	0	0	0	0	0	14	0	0	0	0	0	0	0	0	0	0	0	0	0	0	0	0	0	0	0	0	0	3
0	0	0	0	0	0	0	0	0	0	4	0	0	0	0	0	6	0	0	8	15	1	0	0	1	0	5	0	14	0	0	0	0	0	0	0	0	0	0	0
0	0	0	0	0	0	3	0	0	0	0	0	0	7	2	0	0	0	0	0	0	0	0	0	0	0	0	0	0	1	0	0	2	0	0	0	0	0	0	0
2	0	63	0	0	0	0	2	0	1	1	1	0	0	3	0	0	1	0	0	0	0	0	0	0	0	0	1	0	0	0	0	0	0	0	0	0	0	0	0
27	38	0	1	5	2	0	0	1	0	0	0	0	0	0	0	0	0	0	0	0	0	0	1	0	0	0	0	0	0	1	0	0	0	0	0	0	0	0	10
0	0	0	0	0	0	0	0	0	0	0	0	0	0	0	0	0	0	0	0	0	0	0	0	0	0	0	0	0	0	0	0	0	0	0	0	28	0	0	0
0	6	0	0	0	0	0	0	0	0	0	2	0	2	0	0	0	0	0	0	0	0	11	0	0	0	0	2	2	0	0	0	3	0	0	0	0	0	0	0
0	0	0	0	0	0	3	8	0	0	4	0	0	0	0	0	0	0	0	0	0	0	0	0	0	10	0	0	0	0	1	0	0	0	0	0	0	0	0	0
0	0	0	0	0	0	0	0	0	1	0	16	0	0	0	0	0	0	0	0	0	0	0	0	0	0	0	0	0	0	12	0	0	0	0	0	0	0	0	0
0	0	0	0	0	5	0	0	0	10	0	0	0	0	0	0	0	0	0	0	0	0	0	0	0	0	0	0	0	0	0	0	13	0	0	0	0	0	1	0
0	0	0	0	0	0	0	0	0	0	0	29	0	0	0	0	0	0	0	0	0	0	0	0	0	0	0	0	0	0	0	0	0	0	0	0	0	0	0	0
0	0	0	0	0	0	0	0	0	0	0	0	2	0	0	1	0	0	7	0	0	0	0	0	0	0	0	0	0	0	0	0	0	0	0	0	0	0	0	0
1	5	6	2	1	0	0	0	0	0	0	1	0	1	0	0	0	0	0	1	1	0	0	1	0	0	1	2	0	0	1	0	4	0	0	0	0	0	0	0
0	0	0	0	0	0	0	0	0	24	0	0	0	0	0	0	0	0	0	0	0	0	0	0	0	0	0	0	0	0	0	0	3	0	0	0	0	0	0	0
0	0	1	0	0	0	1	0	0	0	0	0	2	3	2	0	0	0	0	0	0	0	0	0	0	0	0	0	0	1	1	1	1	0	2	0	0	0	0	0
0	0	0	0	0	0	1	0	0	0	0	0	0	0	0	0	0	0	0	0	0	0	0	0	0	0	0	0	0	0	0	1	0	0	0	0	0	0	0	0
0	0	0	0	0	15	0	0	0	0	0	0	0	0	0	0	0	0	0	0	0	0	0	0	0	0	0	0	0	0	0	0	0	0	0	0	0	0	0	0
0	0	0	0	0	0	2	0	0	0	0	0	0	4	5	0	0	0	0	0	0	0	0	0	0	0	0	0	0	0	0	0	1	0	1	0	0	0	0	0
0	0	0	0	0	0	0	0	0	14	0	0	0	0	0	0	0	0	0	0	0	0	0	0	0	0	0	0	0	0	0	0	0	0	0	0	0	0	0	0
0	0	0	0	0	0	0	0	0	0	0	0	0	0	0	0	0	0	0	0	0	0	0	0	0	0	0	0	0	0	0	0	4	0	0	0	0	10	0	0
0	0	0	0	0	0	0	0	0	0	0	0	0	0	0	0	0	0	0	14	0	0	0	0	0	0	0	0	0	0	0	0	0	0	0	0	0	0	0	0
0	0	0	3	0	0	0	0	0	0	0	0	0	0	0	0	2	0	0	8	0	0	0	0	0	0	0	0	0	0	0	0	0	0	0	0	0	1	0	0
0	0	0	0	0	0	0	0	0	0	0	0	0	0	0	0	0	0	0	0	0	0	0	0	0	0	0	0	0	0	0	0	0	0	0	0	14	0	0	0
0	0	0	0	0	0	0	0	0	0	0	0	0	12	0	0	0	0	0	0	0	0	0	0	0	0	0	0	0	1	0	0	0	0	0	0	0	0	0	0
0	0	0	0	0	0	0	0	0	148	0	0	0	0	0	0	0	0	0	2	0	0	0	0	0	0	0	0	0	0	0	0	0	0	0	0	0	0	0	0
0	0	0	0	0	0	0	0	0	0	0	0	0	1	0	0	59	0	0	0	0	0	16	0	0	0	0	0	0	0	0	0	1	0	0	0	0	0	0	69
0	4	0	0	0	3	1	0	0	4	0	13	19	0	1	7	0	0	61	0	0	0	0	0	0	0	0	11	2	0	0	0	8	0	0	0	0	3	0	6
0	74	0	0	0	2	5	3	0	0	20	0	0	0	0	0	3	0	0	15	0	0	0	26	0	3	0	0	0	0	0	0	1	0	0	0	0	3	1	0
0	0	7	8	0	17	0	9	0	0	0	0	18	0	17	0	0	0	0	0	0	0	0	0	0	9	0	66	0	0	2	0	1	0	0	0	0	0	0	1
0	0	0	0	0	0	0	0	0	0	0	1	0	0	0	0	0	0	0	0	0	0	149	0	0	0	0	0	0	0	0	0	0	0	0	0	0	0	0	0
0	0	55	8	0	88	0	0	0	0	5	0	0	11	4	0	0	0	0	0	0	0	0	0	0	0	0	0	0	0	0	0	0	0	0	0	0	0	0	0
0	0	0	4	0	2	0	4	0	0	98	0	0	0	0	0	0	29	0	3	0	0	0	0	0	0	0	0	0	0	0	0	3	0	0	0	0	21	4	0
0	0	0	0	1	0	0	0	0	55	0	0	0	0	0	0	0	5	2	0	0	0	0	0	0	0	0	0	26	0	0	0	4	0	0	0	69	0	0	0
1	1	0	0	0	0	0	0	0	1166	0	2	0	0	0	0	0	0	0	0	0	0	0	1	0	0	0	1	4	0	0	0	0	0	0	0	0	0	1	0
0	0	0	0	2	0	0	0	0	0	0	0	0	0	0	0	0	0	0	0	0	0	1	0	0	0	0	0	0	0	0	0	0	0	0	7	0	0	0	0
0	0	0	0	0	0	0	0	0	0	0	0	0	0	0	0	0	0	0	0	0	0	0	0	0	0	0	0	0	0	0	0	0	1	0	0	9	0	0	0
2	28	9	0	4	1	0	2	26	115	61	571	22	16	1	7	2	25	90	0	4	1	0	1	1	1	1	7	99	0	2	0	37	0	0	15	421	0	222	0
0	0	11	23	0	0	0	10	0	0	260	0	0	1	0	2	620	331	0	1	0	0	0	0	0	0	4	0	0	0	1	0	0	80	0	1	3	0	0	0
5	0	3	0	9	15	0	0	1	0	0	0	0	68	11	1	2	0	0	7	0	0	0	0	0	2	0	60	0	0	14	0	0	0	0	45	1	1	0	1897
81	181	1	42	40	19	31	29	2	16	4	22	133	47	0	56	3	5	637	155	6	0	2	111	0	25	8	0	16	0	14	0	278	0	0	23	1	18	21	0
15	0	8	0	26	87	4	6	0	3	1	836	1	179	15	0	0	3	0	8	0	0	1	12	0	2	135	74	2	0	7	0	529	0	0	14	86	4	17	90
2	7	10	399	2	42	15	0	1	0	0	1	1	209	23	590	0	0	1	0	0	0	68	12	0	542	0	126	26	1	12	24	55	0	0	39	2	0	0	0
1	0	0	0	0	0	0	1	0	0	0	0	0	3	1	0	0	0	0	7	0	0	0	1	0	0	0	0	0	0	0	3	0	0	0	0	0	0	0	0
0	0	0	0	0	38	0	0	0	0	0	0	0	0	0	0	0	0	0	0	0	0	0	0	0	0	0	0	0	0	0	2	0	0	0	0	0	0	0	0
0	0	0	0	0	0	0	0	0	2	0	11	0	0	0	0	0	0	1	0	0	0	0	0	0	0	0	0	0	0	0	0	26	0	0	0	0	0	0	0
0	0	0	0	0	0	0	0	0	0	0	0	0	0	0	0	0	0	0	1	0	0	0	0	0	0	0	0	0	0	1	0	0	0	0	0	0	0	0	38
0	0	0	0	0	0	0	0	0	0	0	0	5	0	0	2	0	0	22	1	0	0	0	0	0	0	0	0	0	0	0	0	0	0	0	0	0	0	0	0
0	0	0	2	3	0	0	0	0	0	0	2	4	0	0	1	0	0	16	1	1	0	0	0	0	0	2	0	0	0	0	0	0	0	0	1	0	0	0	0
0	0	0	0	0	0	0	0	0	41	0	0	0	0	0	0	0	0	0	0	0	0	0	0	0	0	0	0	0	0	0	0	2	0	0	0	0	0	0	0
3	0	0	0	0	0	0	0	0	1	0	27	0	8	0	0	0	0	0	0	0	0	0	0	0	1	1	0	1	0	0	1	0	0	0	0	0	0	0	0
0	0	0	0	0	0	0	0	0	0	0	0	3	0	0	0	0	0	0	0	0	0	1	0	0	0	0	1	0	0	0	0	33	0	0	0	0	0	0	2
0	0	1	0	0	0	1	0	0	0	0	0	1	2	0	0	0	0	0	0	0	1	0	0	2	0	0	2	0	1	0	0	0	0	2	0	0	0	0	0
0	11	0	0	0	0	0	0	0	1	0	2	0	0	0	0	0	0	0	0	0	0	0	0	0	0	1	0	1	0	0	0	0	0	0	0	0	0	0	0
0	0	0	0	0	0	1	0	0	0	0	0	0	8	3	0	0	0	0	0	0	0	0	0	0	0	0	0	0	0	0	1	0	1	0	0	0	0	0	0
0	0	0	0	0	0	0	4	0	0	0	1	0	0	0	0	0	0	0	9	2	0	0	0	0	0	0	0	0	0	0	0	0	0	0	0	0	0	0	0
0	0	0	0	0	0	0	0	0	0	0	0	0	0	0	0	0	0	0	0	0	0	0	0	0	0	0	0	0	0	0	0	0	0	0	0	0	12	4	0
0	0	0	0	0	0	0	0	0	0	0	0	0	0	0	0	0	0	0	9	0	0	0	0	0	0	0	0	0	0	0	0	0	0	0	0	0	0	0	0
0	0	0	0	0	0	0	0	1	0	0	0	0	1	0	0	0	0	0	0	0	1	0	0	3	0	0	0	0	1	0	0	0	0	2	0	3	0	0	0
0	0	0	0	0	0	0	0	0	0	0	0	0	0	0	0	0	0	0	0	0	0	0	0	0	0	0	0	0	0	0	0	2	0	0	0	0	10	0	0
0	4	0	0	0	0	0	0	0	0	0	0	0	0	0	0	0	0	0	1	2	0	3	1	0	0	1	1	2	0	1	0	0	0	0	0	0	0	0	0
0	0	0	0	0	0	0	10	0	0	4	0	0	0	0	0	0	1	0	0	0	0	0	0	0	0	0	0	0	0	0	0	0	0	0	0	0	0	0	0
0	0	0	0	2	0	0	0	0	4	0	0	0	0	0	0	0	1	0	0	0	0	3	0	0	0	0	0	0	0	29	0	255	0	0	1	0	0	0	0
1	1	0	0	0	0	0	0	0	206	0	1	0	0	1	0	0	0	1	1	0	1	0	0	0	0	0	0	1	0	0	0	81	0	0	0	0	2	0	0
0	221	0	0	0	11	0	0	0	2	0	27	0	1	0	0	0	0	0	4	0	0	0	0	0	0	1	0	0	0	0	0	2	0	0	0	0	0	0	0
0	10	0	0	1	0	0	0	0	2	1	0	0	0	0	0	0	0	0	0	0	0	0	1	0	0	0	0	0	0	0	0	9	0	0	0	0	0	0	0
0	0	0	0	0	0	0	0	1	0	0	0	0	1	0	0	0	0	0	0	0	1	0	0	3	0	0	0	0	2	0	0	0	0	2	0	10	0	1	0
0	0	0	0	0	0	0	0	0	0	0	0	0	0	0	0	0	0	0	0	0	0	0	0	0	0	0	0	0	0	0	0	12	0	0	0	0	0	0	12
0	0	0	0	0	7	0	8	0	0	1	0	0	0	0	0	0	5	0	0	0	0	0	0	0	0	0	0	0	0	0	0	1	0	0	0	0	1	0	0
0	0	3	1	0	0	0	0	0	0	0	0	0	0	0	0	0	0	0	0	0	0	0	1	0	0	0	0	0	0	4	0	2	0	0	0	0	0	1	11
1	2	3	0	1	0	1	0	0	0	0	0	0	0	0	1	0	0	5	0	2	0	0	1	0	0	2	0	0	0	0	1	0	0	0	0	0	0	1	0
0	0	0	0	0	0	0	0	4	0	0	0	0	1	0	1	0	0	0	0	0	0	1	0	8	0	0	0	0	2	0	0	0	0	1	0	2	0	0	0
0	0	0	0	0	0	0	0	0	0	0	0	0	0	0	0	0	0	0	0	0	0	0	0	0	0	0	0	0	0	5	0	0	0	0	2	0	2	0	0
0	0	0	0	0	0	1	0	0	0	0	0	7	0	4	0	0	0	0	0	0	1	0	0	1	0	0	0	0	2	0	0	0	0	5	0	1	0	0	0
0	0	0	0	0	0	0	0	0	0	0	0	0	0	0	0	0	0	0	0	0	0	0	0	0	0	0	0	0	0	0	0	23	0	0	0	0	0	0	0
19	19	1	0	2	8	0	0	0	80	0	0	3	0	1	3	5	0	29	3	26	5	0	0	0	4	23	4	9	0	11	0	7	0	0	4	1	5	13	16
0	1	0	0	0	0	0	0	0	0	0	0	0	0	0	0	0	0	0	0	1	0	4	0	0	0	0	0	4	0	1	0	0	0	0	0	0	0	0	0
0	0	0	0	0	10	0	0	0	0	0	0	0	0	0	1	0	0	0	0	1	0	0	0	0	0	0	0	0	0	0	0	0	0	0	0	0	0	0	0
0	0	0	1	0	0	0	0	7	0	0	0	0	0	0	0	0	0	0	0	0	0	0	2	0	0	0	0	0	0	0	0	0	0	0	0	0	1	0	0
0	0	0	0	0	0	3	0	0	0	0	0	0	4	1	0	0	0	0	0	0	0	0	0	0	0	0	0	0	1	0	0	2	0	0	0	0	0	1	0
0	0	0	0	0	0	0	0	0	0	0	0	1	6	2	0	0	0	0	0	0	0	0	0	0	0	0	0	0	0	0	1	1	0	0	0	0	0	0	0
0	0	0	0	0	0	0	1	0	1	0	0	0	0	0	0	0	7	0	0	0	0	0	0	0	0	0	0	0	0	0	0	0	0	0	0	3	0	0	0
5	0	41	0	0	0	20	46	0	0	6	3	0	0	0	0	1	12	0	0	2	3	0	120	0	16	3	0	11	0	0	0	14	0	0	0	0	3	0	0
20	816	0	0	0	30	1	0	1	1	0	36	0	0	0	0	4	0	0	62	2	0	0	1	0	1	1	0	0	0	0	0	0	0	0	0	0	0	1	0
782	0	260	67	29	121	1	0	39	1	0	226	2	218	2	0	0	0	0	0	0	0	1	0	0	9	0	1	0	0	6	0	444	0	0	13	2	0	2	0
193	0	0	99	0	0	0	1	229	0	0	0	0	0	11	4	0	0	1	0	1	1	0	0	2	0	0	0	0	0	0	0	0	0	0	0	589	41	10	0
0	0	161	0	161	0	0	0	0	0	1	0	1	3	0	0	0	0	0	0	0	0	0	0	0	0	0	0	0	0	378	0	0	0	0	800	0	0	0	1399
52	1097	24	1	28	2	44	2	0	489	1	312	3	143	4	0	1	1	0	79	0	0	4	101	0	22	0	11	10	0	0	0	815	0	0	0	0	363	0	177
20	66	2	0	34	8	1	4	51	611	2	20	1	9	3	0	55	3	3	66	255	0	1081	4	0	1	26	12	7	0	2	7	102	0	0	1	0	4	0	3
0	0	0	0	0	0	0	8	0	0	1	0	0	1	0	0	0	2	0	0	0	0	16	0	0	0	0	0	0	0	0	0	2508	0	0	0	7	28	104	0
0	0	0	0	0	0	0	1	0	0	0	0	0	0	0	0	0	0	0	0	0	0	0	0	0	0	0	0	0	0	0	0	0	3	0	0	15	0	0	0
0	0	0	0	0	0	0	0	0	0	3	0	0	0	0	0	0	0	0	0	0	0	0	0	0	0	0	0	1	0	0	0	0	0	0	0	25	0	0	0
0	0	0	0	0	0	0	10	0	0	0	0	0	0	0	0	0	1	0	0	0	0	0	0	0	0	0	0	0	0	0	0	0	0	0	0	0	0	0	0
0	0	0	0	0	0	0	0	0	0	0	0	0	0	0	0	0	0	0	0	0	38	0	0	0	0	0	0	0	0	0	0	0	0	0	0	0	0	0	0
0	0	0	0	0	0	0	0	0	38	0	0	0	0	0	0	0	0	0	0	0	0	0	0	0	0	0	0	0	0	0	0	0	0	0	0	0	0	0	0
0	0	0	0	0	13	0	0	0	0	0	13	0	0	0	0	0	0	0	2	0	0	0	0	0	0	0	0	0	0	0	0	9	0	0	0	0	0	2	0
0	0	0	0	0	0	1	0	0	0	0	0	0	0	0	0	0	0	0	2	0	0	0	9	0	1	0	0	0	0	0	0	14	0	0	0	0	8	4	0
1	0	0	0	0	0	1	0	0	0	0	0	0	0	0	0	0	0	0	24	0	0	0	4	0	1	0	0	0	0	0	0	8	0	0	0	0	0	0	0
0	1	1	0	0	0	0	0	0	0	0	2	0	5	1	0	1	0	0	1	2	0	4	1	0	1	1	0	3	0	0	3	7	0	0	0	0	2	0	3
0	0	0	0	1	0	0	0	0	37	0	0	0	0	0	0	0	0	0	0	0	0	0	0	0	0	0	0	0	0	0	0	0	0	0	0	0	0	0	0
0	0	0	0	0	0	0	0	0	0	0	0	0	0	5	0	0	0	0	1	0	0	0	0	0	0	0	0	0	0	1	0	8	0	0	0	0	0	0	0
0	0	0	0	0	0	0	0	0	0	0	0	0	0	0	0	1	0	0	0	0	0	0	0	0	0	0	0	0	0	0	0	6	0	0	0	8	0	0	0
0	0	0	0	0	0	2	0	0	0	0	0	0	6	2	0	0	0	0	0	0	0	0	0	0	0	0	0	0	3	0	1	0	0	1	0	0	0	0	0
0	0	0	0	0	0	0	0	0	0	0	0	6	0	0	0	0	0	1	0	0	0	0	0	0	0	0	0	0	0	2	0	0	2	4	0	0	0	0	0
0	0	0	0	0	0	1	0	0	0	0	0	0	5	3	0	0	0	0	1	0	0	0	0	0	0	0	0	0	1	0	0	3	0	1	1	0	0	0	0
0	9	1	0	0	0	0	0	0	0	0	1	0	0	0	0	0	0	0	0	1	0	0	2	0	0	1	0	0	0	0	0	1	0	0	0	0	0	0	0
0	0	0	2	0	0	0	0	0	0	0	0	0	0	0	0	0	0	0	12	2	0	0	0	0	0	0	0	0	0	0	0	0	0	0	0	0	0	0	0
0	0	0	0	5	0	0	0	0	0	0	14	0	0	0	0	0	0	0	0	0	0	0	0	0	0	0	0	1	0	0	0	0	0	0	0	0	0	0	0
0	0	0	0	0	0	0	0	0	0	0	0	0	1	0	0	0	0	0	0	0	0	0	0	2	0	0	0	0	2	0	0	0	0	1	0	5	0	0	1
0	2	0	0	0	0	0	0	0	0	0	1	0	3	0	0	0	0	0	0	0	0	3	0	0	1	1	0	0	0	0	0	3	0	0	0	1	0	0	0
11	0	0	0	0	0	0	0	1	6	0	0	0	0	0	0	0	0	0	0	0	0	0	0	0	0	0	0	0	0	0	0	1	0	0	5	0	0	1	0
0	0	0	0	0	0	0	0	2	0	0	0	0	1	0	1	0	0	0	0	0	0	0	0	5	0	0	0	0	1	0	0	0	0	1	0	11	0	0	0
0	12	0	0	0	0	0	0	0	0	0	0	0	0	0	0	0	0	0	0	0	0	7	2	0	0	0	0	3	0	0	0	1	0	0	0	0	0	0	0
0	4	0	0	0	1	0	0	0	0	0	1	0	3	0	0	0	0	0	0	0	0	6	0	0	0	2	3	2	0	0	0	3	0	0	0	0	0	0	0
1	0	0	1	0	0	0	7	0	0	1	0	0	0	0	0	0	0	0	0	0	0	0	0	0	0	0	0	0	0	0	0	0	0	0	0	0	4	0	0
0	0	0	0	0	0	0	10	0	0	4	0	0	0	0	0	0	9	0	0	0	0	0	0	0	0	0	0	0	0	0	0	0	0	0	0	0	0	0	0
0	3	0	0	0	0	0	0	0	0	0	0	0	0	0	0	0	0	0	0	0	0	0	0	0	0	0	0	22	0	0	0	0	0	0	0	0	0	0	0
0	0	0	0	0	0	0	6	0	0	2	0	0	0	0	2	0	0	0	0	0	0	0	0	0	0	0	0	0	0	1	4	0	0	0	0	0	0	0	10
0	0	1	0	0	0	0	0	0	19	0	0	0	0	0	0	0	0	1	0	0	0	0	0	0	0	0	0	0	0	0	0	4	0	0	0	0	0	0	0
0	0	0	0	0	0	0	0	0	0	0	0	0	0	0	0	0	0	0	2	0	0	0	0	0	0	0	0	0	0	0	0	5	0	0	0	0	0	0	0
0	0	0	0	2	9	0	0	0	0	0	0	0	0	0	0	0	0	0	1	0	0	0	0	0	0	0	0	0	0	0	0	0	0	0	0	0	0	0	0
0	0	0	0	1	0	0	0	0	0	0	0	0	0	0	0	2	0	0	3	6	0	0	0	0	0	0	0	0	0	0	0	0	0	0	0	0	0	0	0
0	0	0	0	0	0	0	0	0	0	0	0	0	0	1	0	0	0	0	0	0	0	5	0	0	0	1	1	0	0	0	0	3	0	0	1	0	0	0	0
0	0	0	0	0	0	0	0	2	0	0	0	0	1	0	1	0	0	0	0	0	0	0	0	1	0	0	0	0	2	0	0	0	0	1	0	1	0	0	0
0	0	0	10	0	0	0	1	0	0	0	0	0	0	0	0	0	0	2	0	0	0	0	0	0	0	0	0	0	0	0	0	0	0	0	0	0	0	0	0
0	0	3	0	1	0	0	0	0	1	0	0	0	1	0	0	0	0	0	0	0	0	0	0	0	0	0	0	0	0	0	2	1	0	0	0	0	0	0	0
0	0	0	0	0	0	0	0	0	0	0	0	0	0	0	0	0	0	0	0	0	0	1	0	6	0	0	1	0	0	0	0	0	0	1	0	0	0	0	0
0	0	0	0	0	0	0	0	0	0	0	0	1	3	0	0	0	0	0	0	0	0	1	0	0	3	1	0	0	0	0	3	0	0	0	0	0	0	0	0
0	0	0	0	2	0	0	0	0	0	0	0	0	0	0	0	0	0	0	0	0	0	0	0	0	0	0	0	0	0	0	0	0	0	0	9	0	0	0	0
0	0	12	0	0	0	0	0	0	0	0	0	0	0	0	0	0	0	0	0	0	0	0	0	0	0	0	0	0	0	0	0	0	0	0	0	0	0	0	0
0	0	2	0	0	0	0	0	0	0	0	0	0	0	0	0	0	0	2	0	1	0	0	0	0	0	8	0	3	0	0	0	0	0	0	1	0	3	0	0
