St.acute.LHM002.1.U	St.acute.LHM026.1.U	St.acute.LHM032.1.U	St.chronic.LHM004.1.U	St.chronic.LHM011.1	St.chronic.LHM021.1.T	St.chronic.LHM025.1.U	St.chronic.LHM028.1.U	St.chronic.LHM030.1.U	St.chronic.LHM031.1.U	St.chronic.LHM034.1.U	St.chronic.LHM035.1.U	St.chronic.LHM036.1.T	St.chronic.LHM037.1.U	St.chronic.LHM042.1.T	St.chronic.LHM045.1.T	ST.N.LHM049.1	St.neg.LHM001.1	St.neg.LHM013.1	St.neg.LHM019.1	St.neg.LHM027.1	ST.P.C.LHM048.1.T	ST.P.C.LHM052.1.U	ST.P.C.LHM062.1.U	ST.P.C.LHM063.1.T	ST.P.C.LHM065.1.T	ST.P.C.LHM069.1.U
0	0	0	0	0	0	0	0	0	0	0	0	0	0	0	0	0	0	0	0	0	29	0	0	0	0	0
0	0	0	10	0	0	0	0	0	0	0	0	0	0	0	0	0	0	0	0	0	0	0	14	0	0	0
0	0	0	0	0	0	0	0	0	0	0	0	0	0	0	0	14	0	0	0	0	6	0	1	1	7	0
0	0	0	0	0	3	0	0	0	0	1	0	0	0	0	0	0	0	1	0	0	0	0	0	0	0	0
0	0	0	0	0	0	0	0	0	0	0	0	0	0	0	0	0	0	0	0	0	0	5	24	0	0	0
2	0	1	2	1	0	1	1	0	0	1	0	0	0	0	3	0	1	1	0	0	0	1	5	0	0	1
0	0	0	0	0	0	0	0	0	0	0	0	0	0	0	0	0	0	0	0	0	0	0	0	0	27	3
0	0	0	0	0	0	0	0	0	0	0	0	0	0	0	0	12	0	0	0	0	12	0	1	0	5	0
0	0	0	0	0	0	0	0	0	0	0	0	0	0	0	0	0	0	0	0	0	10	0	0	0	0	0
0	0	0	1	0	0	0	0	0	1	0	0	0	0	0	0	0	0	0	0	0	1	1	0	5	1	0
0	0	0	0	0	0	0	0	0	0	0	0	0	0	0	0	0	0	0	0	0	11	0	0	0	0	0
0	0	0	0	0	0	0	0	0	0	0	0	0	1	0	1	4	0	0	1	0	0	0	0	1	2	0
0	0	0	0	0	0	0	0	0	0	0	0	0	0	0	0	3	0	0	0	0	8	0	0	0	0	0
0	1	0	0	0	0	0	0	0	0	0	0	0	1	0	0	4	0	0	0	0	0	0	0	2	1	0
0	0	0	0	0	0	0	0	0	0	0	0	0	0	0	0	0	0	0	0	0	0	0	0	0	0	10
0	0	0	0	0	0	0	0	0	0	0	0	0	0	0	0	0	0	0	0	0	0	0	0	0	9	0
0	0	0	0	0	0	0	2	0	1	0	0	0	0	0	1	0	0	0	0	0	0	1	2	3	0	0
0	0	0	0	0	0	0	0	0	0	0	0	0	0	0	0	5	0	0	0	0	2	0	1	0	2	0
0	0	0	0	3	0	0	0	0	0	0	0	0	0	0	0	0	0	0	0	0	0	0	7	0	0	0
0	0	0	0	0	0	0	0	0	0	0	0	0	0	0	0	0	0	0	0	0	0	0	53	0	0	0
0	0	0	0	0	0	0	0	0	0	0	0	0	0	0	0	52	0	0	0	0	0	0	0	0	0	0
0	0	0	0	0	0	0	0	0	0	0	0	0	0	0	0	0	0	0	0	0	0	0	0	0	0	11
0	1	0	0	0	0	0	0	3	4	0	0	0	0	0	0	0	0	0	0	0	0	4	0	1	0	0
0	0	1	0	1	1	1	1	0	0	0	2	0	2	0	1	0	0	0	0	0	0	5	2	26	0	3
2	0	1	1	4	0	0	4	1	1	2	0	1	0	1	4	0	2	5	0	0	1	5	4	1	0	0
0	0	0	3	0	3	11	6	0	0	0	14	0	0	0	5	0	0	0	0	0	0	0	0	0	0	0
0	0	0	0	0	2	0	1	0	0	0	3	0	0	0	0	0	0	1	0	0	0	0	0	0	40	0
0	0	0	0	0	0	45	0	0	0	0	0	0	0	0	0	0	0	2	0	0	0	0	0	0	0	0
0	0	0	5	0	1	0	2	0	0	3	0	0	0	9	0	0	0	0	0	0	0	0	8	0	0	0
0	0	0	1	0	0	0	0	0	0	0	0	0	1	2	0	1	0	0	0	0	0	2	0	4	0	0
0	0	0	0	0	0	0	0	0	1	0	1	0	0	0	0	0	0	0	0	0	0	7	2	0	0	0
0	0	0	0	0	0	0	0	0	0	0	0	0	0	0	0	0	0	0	0	0	0	0	0	0	0	13
0	0	0	0	0	0	0	0	0	0	0	0	0	0	0	0	0	0	0	0	0	0	0	10	0	0	0
1	0	0	0	1	0	0	0	0	1	0	0	1	0	0	0	0	0	1	0	0	0	1	5	0	0	0
0	0	0	0	3	2	0	0	0	0	0	0	0	0	0	0	0	0	0	0	0	0	3	4	1	0	0
0	0	0	0	0	0	0	0	0	0	0	0	0	0	0	0	7	0	0	0	0	3	0	1	0	2	1
0	1	0	0	0	0	0	0	0	0	0	0	0	0	0	0	5	1	0	0	0	2	0	0	0	0	1
14	0	0	0	0	0	0	0	0	0	0	0	0	0	0	0	0	0	0	0	0	0	0	0	0	0	0
35	0	0	0	0	0	3	0	0	0	0	0	0	0	0	0	0	0	0	0	0	0	0	0	0	0	194
0	0	0	0	0	0	0	0	0	0	0	0	0	17	0	1	0	0	0	0	0	0	0	0	0	2	0
0	0	0	0	0	0	0	0	0	0	0	0	0	0	0	0	14	0	0	0	0	4	0	0	1	6	0
0	0	0	0	0	0	0	0	1	0	0	0	0	0	0	0	0	1	0	0	9	4	0	0	0	0	0
1	0	0	0	0	0	0	1	0	0	2	0	1	0	1	0	0	4	3	0	0	1	3	1	0	0	0
0	0	0	0	0	0	0	0	0	0	0	0	0	0	0	0	11	0	0	0	0	7	0	3	0	4	0
0	0	0	0	0	0	0	0	0	0	0	0	0	0	0	0	0	0	0	17	0	0	0	0	0	0	0
0	2	0	0	0	0	0	0	1	1	0	2	0	0	0	0	0	0	0	0	0	0	6	2	0	0	0
0	0	0	0	0	0	0	0	0	0	0	0	0	0	0	0	1	0	0	0	0	0	3	0	1	20	0
0	0	0	0	0	0	0	0	0	1	0	0	0	0	1	0	2	3	1	0	0	0	6	2	2	1	0
0	1	0	0	0	0	0	2	2	27	0	0	1	0	0	0	0	0	0	0	0	2	1	0	0	0	1
4	0	1	2	2	1	2	0	1	2	3	2	1	2	2	7	101	0	0	0	1	0	9	11	20	0	1
0	0	0	0	0	0	0	0	0	0	0	0	0	0	0	0	9	0	0	0	0	0	0	0	0	0	0
0	0	2	2	0	0	0	1	0	0	0	0	1	0	0	0	0	0	0	0	0	0	2	0	2	0	0
0	0	0	0	0	0	0	0	0	0	0	0	0	0	0	0	11	1	0	0	0	0	0	0	0	0	0
4	0	1	1	1	1	1	3	0	1	0	0	0	0	1	1	0	1	11	0	0	0	6	5	0	0	0
0	0	0	0	0	0	0	0	0	0	0	0	1	0	0	0	1	0	0	0	0	0	1	0	2	2	0
0	0	0	0	0	0	0	0	0	0	0	0	0	0	1	0	0	0	0	0	31	0	0	0	0	0	0
0	0	3	8	0	0	5	0	3	4	6	3	0	0	3	0	0	0	0	0	0	0	0	3	0	0	7
0	0	0	0	0	0	0	0	0	0	0	0	0	1	0	0	3	0	0	0	0	0	24	2	10	6	2
0	0	0	0	0	0	0	0	0	4	0	3	0	0	0	0	0	0	0	0	0	0	4	0	0	0	0
0	0	0	0	0	0	0	0	0	0	0	0	0	0	0	0	5	0	0	0	0	1	0	0	0	5	0
1	0	0	0	0	0	0	0	0	0	0	0	0	0	0	0	1	1	0	1	0	4	0	0	0	0	1
0	0	0	0	0	0	0	0	0	1	0	0	0	0	0	0	0	0	0	0	0	10	0	0	0	0	0
1	0	1	0	4	3	0	0	0	0	1	0	0	0	0	0	0	0	2	0	0	0	11	1	0	0	0
1	0	0	1	1	0	0	1	0	1	1	0	0	0	1	1	0	1	0	0	0	0	0	0	0	0	1
0	0	0	0	0	0	0	0	0	0	0	0	0	0	0	0	0	0	0	0	0	13	0	0	0	0	0
0	0	0	0	0	0	0	0	0	0	0	0	0	0	0	0	0	0	0	0	0	1	0	0	0	0	11
1	0	0	0	0	0	0	0	0	1	0	1	0	0	0	1	1	1	0	0	0	1	1	0	0	2	0
0	1	0	0	0	0	0	0	0	0	0	0	0	0	0	0	2	0	0	0	0	3	0	0	0	5	0
0	0	0	0	0	0	0	0	0	0	0	0	0	0	0	0	8	0	0	0	0	2	0	0	0	3	0
0	0	1	1	0	0	0	0	1	1	0	0	0	0	0	0	0	0	0	0	0	0	4	0	4	0	0
0	0	0	0	0	0	0	0	0	0	0	0	0	0	0	0	1	0	0	0	0	11	0	0	0	0	0
0	0	0	0	0	0	0	0	0	0	0	0	0	0	0	0	12	0	0	0	0	0	1	0	0	0	0
0	0	0	0	0	0	0	0	0	0	0	0	0	0	0	0	13	0	0	0	0	6	11	6	7	14	3
0	0	1	0	0	0	0	0	0	0	0	0	0	0	0	0	30	0	0	0	0	13	6	0	6	0	0
0	0	2	0	0	4	0	0	1	0	0	4	0	0	3	2	0	0	0	0	0	0	0	1	3	24	0
0	0	0	0	0	0	0	0	2	0	0	0	1	0	0	0	0	0	0	0	0	0	0	0	0	58	0
0	0	0	0	0	0	0	0	5	0	0	0	0	0	0	0	0	0	0	0	0	0	0	0	0	0	30
0	0	0	0	0	0	0	0	0	1	0	0	0	0	0	0	0	0	0	0	0	0	0	61	0	0	0
0	0	0	0	0	0	0	0	0	0	0	0	0	0	0	0	59	0	0	0	0	0	0	0	0	0	0
0	0	0	0	0	4	0	1	1	0	0	0	2	2	3	1	3	0	0	1	1	0	3	8	1	0	2
0	0	0	0	1	0	0	0	2	0	0	2	0	0	0	0	0	0	2	0	0	0	53	0	0	0	0
0	0	0	0	0	0	0	0	0	0	0	0	0	0	0	0	0	0	0	0	0	403	0	0	0	0	0
0	3	0	0	8	0	0	0	0	6	1	1	1	3	2	1	17	0	0	0	0	0	171	26	81	31	18
2	0	0	1	0	0	0	0	0	3	0	1	3	0	1	0	0	3	0	0	0	0	1	1	2	0	0
0	0	0	0	0	7	0	0	0	0	0	0	0	0	0	0	0	0	0	0	0	0	0	0	17	0	0
0	0	0	0	0	0	0	0	0	0	0	0	0	0	0	0	0	0	0	0	0	0	0	0	0	0	27
0	0	0	0	0	0	0	0	0	0	0	0	0	0	0	0	0	0	0	0	0	0	6	1	19	0	1
0	0	49	2	0	27	23	43	1	16	0	3	0	0	108	44	0	0	0	0	0	0	87	0	0	0	0
3	3	1	3	6	5	4	0	0	6	8	2	1	12	0	13	42	30	2	0	13	3	8	31	47	13	3
3	2	4	1	5	3	7	11	10	13	5	13	0	0	7	2	0	1	5	0	3	0	25	172	2	7	7
0	0	0	0	0	0	0	0	0	0	0	0	0	0	0	0	19	1	0	0	0	0	0	0	1	0	0
0	0	0	0	0	0	0	0	0	0	0	0	0	0	0	0	12	0	0	0	0	14	0	0	0	0	0
0	0	0	0	0	0	0	0	0	0	0	0	0	0	0	0	14	0	0	0	0	6	0	1	0	5	0
0	0	0	0	0	0	0	1	0	0	0	0	0	0	0	0	19	0	0	0	0	13	17	16	13	36	3
0	0	0	0	0	0	0	0	0	0	0	0	0	0	0	0	0	0	0	0	0	1	0	0	0	0	9
0	0	0	0	0	0	0	0	0	0	0	0	0	0	0	0	0	0	0	0	0	0	0	38	0	7	0
45	0	0	0	0	0	0	0	0	0	0	0	0	0	0	0	0	0	0	0	0	0	0	0	0	0	0
0	0	0	0	0	0	0	0	0	0	0	0	0	0	0	0	0	0	33	0	0	0	0	0	0	0	0
3	0	0	5	3	1	0	3	0	3	1	0	0	0	0	1	0	2	4	0	0	0	3	3	1	0	0
0	0	0	0	2	0	2	2	0	8	0	0	0	0	0	0	0	0	0	0	0	0	0	26	0	0	0
0	1	0	0	0	0	0	0	0	0	0	0	0	0	0	0	3	0	0	1	1	35	0	0	0	0	0
0	1	0	0	0	0	0	0	0	0	0	0	1	0	0	0	11	0	0	0	0	0	0	0	0	0	0
2	0	0	3	3	0	1	3	0	0	2	1	1	0	1	3	0	1	0	0	0	0	4	3	1	0	2
0	0	0	4	0	0	0	18	8	0	0	0	0	0	0	0	0	0	0	0	0	0	0	0	0	0	0
1	1	0	0	0	1	0	0	0	2	1	1	0	2	1	0	0	1	0	0	0	0	0	0	0	0	0
9	0	0	0	2	6	10	1	0	21	36	7	14	20	5	0	0	13	3	0	0	0	13	76	17	0	0
0	0	0	1	0	0	0	0	0	0	0	0	0	0	0	0	0	0	0	0	0	0	1	2	7	0	0
1	0	0	0	0	0	0	0	0	0	0	0	0	0	0	0	0	0	0	0	0	1	0	0	0	0	498
0	4	0	0	1	7	0	4	0	0	7	0	7	0	14	0	1	1	0	0	72	0	0	47	18	11	0
0	0	64	0	13	34	1	0	6	10	6	3	6	0	0	10	0	0	0	0	0	0	66	251	7	0	0
8	0	6	3	0	6	6	5	2	11	39	12	66	0	46	0	0	0	48	112	0	0	22	34	0	0	0
0	0	0	0	0	0	0	0	13	73	1	0	0	0	0	0	0	0	0	0	0	0	0	0	0	1	209
6	0	0	12	3	2	3	9	0	25	42	10	3	1	0	4	14	2	0	0	10	29	42	51	52	3	38
0	0	25	9	44	11	22	29	4	31	18	0	0	0	0	17	0	0	0	0	0	0	108	52	89	0	30
0	0	1	59	110	0	15	0	0	14	0	4	0	0	0	0	0	0	0	0	0	0	239	0	1	0	0
8	4	1	6	12	16	12	12	6	7	10	7	3	5	9	8	113	5	0	5	16	30	43	32	31	0	7
0	0	0	46	84	13	46	0	0	121	0	0	0	0	0	131	0	0	0	0	0	0	0	48	25	0	0
4	0	0	3	11	49	18	9	1	14	40	25	13	0	6	0	0	0	1	0	0	3	35	95	2	2	9
0	0	0	0	0	0	0	0	0	0	1	0	0	0	0	0	0	0	28	0	439	0	0	0	0	0	0
146	0	1	2	0	0	0	3	0	2	2	0	1	0	14	3	0	2	2	0	0	0	4	5	2	0	2
0	1	0	0	0	0	1	0	1	0	0	0	0	0	0	0	0	0	0	0	0	0	679	0	0	0	0
0	13	0	0	0	0	0	0	0	0	0	0	0	0	0	0	0	0	0	0	0	1	0	5	0	592	0
0	0	0	0	0	73	1	2	0	1	0	8	5	8	2	29	0	37	0	19	0	0	30	54	176	0	6
0	0	12	0	0	2	0	25	0	0	0	6	7	0	0	0	0	0	0	0	0	0	0	600	0	0	0
1	7	2	1	1	2	2	0	0	18	0	3	0	7	2	6	374	4	0	0	37	12	3	0	2	0	3
0	0	0	0	0	0	0	0	0	2	16	0	0	0	0	2	6	1	4	0	0	3	0	0	0	0	0
6	5	10	5	9	11	9	4	9	8	12	7	7	1	3	21	103	2	0	0	3	0	70	37	100	52	4
0	0	0	0	0	0	0	0	0	0	0	0	0	0	0	0	1	0	0	0	0	9	0	0	0	0	0
0	0	0	0	0	0	0	0	0	0	0	0	0	0	0	0	0	0	0	0	0	8	0	0	0	0	2
0	0	0	0	0	0	0	0	0	0	0	0	0	0	0	0	9	0	0	0	0	0	0	0	0	0	0
31	0	0	0	0	3	3	0	0	0	0	0	0	21	1	8	0	3	1	6	17	39	2	0	38	23	16
7	186	0	1	0	0	21	0	0	0	0	0	0	0	0	0	772	0	0	4	0	3901	1	0	0	36	1
0	0	0	0	0	0	0	0	0	0	0	0	0	0	0	0	5	0	0	0	0	0	0	0	0	0	0
0	0	0	0	0	0	0	0	0	0	0	0	0	0	0	0	4	0	0	0	0	0	1	1	0	3	1
2	0	0	3	0	0	1	1	1	8	2	0	1	0	1	0	1	0	0	0	0	12	5	2	17	2	2
0	0	2	0	0	2	2	0	5	1	1	3	2	0	2	0	0	0	0	2	0	0	15	11	8	0	3
0	0	2	0	0	7	0	0	14	0	0	3	2	0	0	2	0	0	0	0	0	0	25	5	13	0	0
0	0	0	1	0	0	0	0	0	0	0	0	0	0	0	4	0	0	0	0	0	0	0	0	0	0	0
0	0	0	0	0	0	0	0	0	0	0	0	0	0	0	0	0	0	0	0	0	0	0	0	0	0	70
0	0	0	0	0	0	0	0	0	0	0	0	0	0	0	0	0	0	0	0	0	72	0	0	0	0	0
1	0	0	0	1	0	0	1	0	0	0	0	0	2	0	1	13	0	0	0	0	0	12	5	19	6	0
0	0	0	0	1	1	0	1	3	0	5	0	0	0	16	0	0	0	0	0	0	0	36	0	0	0	0
19	0	0	0	0	0	0	0	0	0	0	0	0	0	0	0	0	0	0	0	0	0	0	0	0	0	0
0	0	0	0	0	0	0	0	0	0	0	0	0	0	0	0	13	0	0	0	0	0	7	21	30	0	1
0	0	0	0	0	0	2	0	0	3	0	0	0	0	0	0	2	1	0	0	0	0	0	0	0	0	0
0	10	4	0	0	6	3	2	14	17	11	4	2	0	1	6	0	0	0	0	0	83	44	40	0	0	17
0	0	0	0	0	0	0	0	0	0	0	0	0	0	0	0	0	1	0	0	0	0	0	0	0	0	19
0	0	0	0	0	0	0	0	0	0	0	0	0	0	0	0	2	0	0	0	0	14	1	0	0	0	4
0	1	0	0	1	0	0	0	0	0	0	0	0	0	0	0	0	0	0	0	0	0	0	0	3	0	0
0	0	0	0	0	0	0	3	9	6	1	4	0	0	1	0	0	0	4	0	65	0	50	0	0	0	0
0	0	0	0	0	0	0	0	0	0	0	0	0	0	0	0	0	0	0	0	0	0	0	0	3	21	0
0	0	0	1	1	1	1	0	0	1	0	0	2	0	1	0	0	3	1	0	0	0	3	2	0	0	0
2	0	0	0	2	1	0	2	0	0	8	0	3	10	0	1	0	0	19	0	0	4	0	26	0	0	1
0	0	0	0	0	0	0	0	0	0	0	0	0	0	0	0	0	0	0	0	0	0	145	125	0	0	0
0	0	0	0	0	0	0	0	0	0	0	0	0	0	0	0	0	0	0	0	0	0	24	0	0	0	0
0	0	0	0	0	0	0	0	0	0	0	0	0	0	0	0	0	0	0	0	0	0	0	0	0	0	24
0	0	0	0	0	0	0	0	0	0	0	0	0	0	0	0	0	0	0	0	0	13	0	0	0	0	0
0	0	0	0	0	0	0	0	0	0	0	0	0	0	1	0	0	0	0	0	0	0	0	0	0	12	0
0	0	0	1	1	0	0	0	0	0	0	0	1	0	0	1	0	2	0	0	0	0	1	2	3	0	0
0	0	0	0	0	0	0	0	0	0	0	0	0	0	0	0	0	0	0	0	0	0	0	0	0	0	12
0	0	0	0	0	2	0	2	0	0	0	0	0	0	0	0	0	0	0	0	0	0	2	0	6	0	0
0	0	0	1	0	0	0	1	0	0	0	0	0	0	0	0	1	0	0	0	0	0	0	0	5	4	0
0	0	0	0	0	0	0	0	0	0	0	0	0	0	0	0	1	0	0	0	0	0	0	0	1	0	0
0	0	0	0	0	0	0	0	0	0	0	0	0	0	0	0	0	0	0	0	0	0	0	33	0	0	0
0	0	0	0	0	0	0	0	0	0	0	0	0	0	0	0	0	0	0	0	0	0	0	0	0	0	33
1	1	1	1	0	2	0	0	1	2	0	1	0	1	0	1	2	1	3	0	0	2	0	0	1	0	1
3	0	1	1	0	0	0	1	0	1	2	0	1	0	2	1	0	3	1	0	0	0	0	4	0	0	0
0	0	2	0	0	0	0	0	0	0	0	1	0	0	18	0	0	0	0	0	0	0	0	0	0	0	0
1	0	0	0	2	1	0	0	0	1	0	2	1	0	2	0	0	2	2	0	0	0	3	3	2	0	0
0	0	0	0	0	0	0	0	0	0	0	0	0	0	0	0	0	0	0	0	11	0	0	0	0	0	0
0	0	0	0	0	0	1	0	1	0	0	0	0	0	0	1	2	0	0	1	1	0	0	0	0	0	0
0	0	0	0	0	0	0	0	0	0	0	0	0	0	0	0	3	0	0	0	0	3	0	2	1	6	0
0	0	0	0	1	1	0	0	0	0	0	0	0	1	0	0	1	0	0	0	0	1	0	0	4	0	0
0	0	0	0	0	0	0	0	9	0	0	5	0	0	0	0	0	0	2	0	0	0	0	0	0	0	0
0	1	0	0	0	0	0	0	0	0	0	0	0	0	0	0	0	0	0	0	0	15	0	0	0	0	0
0	0	0	0	0	0	0	0	0	0	0	0	0	0	16	0	0	0	0	0	0	0	0	0	0	0	0
0	1	0	0	0	0	0	0	0	0	0	0	0	0	0	0	5	0	0	0	0	0	0	0	0	0	0
0	0	0	0	0	0	0	0	0	0	1	0	0	0	1	1	3	0	0	0	0	1	1	0	1	2	1
0	0	0	0	0	0	0	0	0	0	0	0	0	0	0	0	1	0	0	0	0	8	0	0	0	1	0
0	0	0	0	0	0	0	0	0	0	0	1	0	0	0	2	0	0	0	0	0	0	3	10	0	0	0
2	0	0	0	1	0	0	0	0	1	1	0	0	0	0	1	0	0	0	0	0	0	2	1	2	0	0
0	0	0	0	0	0	0	0	0	0	0	0	0	0	0	0	2	0	0	0	1	0	0	1	0	0	0
0	0	0	0	0	10	0	0	0	0	0	0	0	0	0	0	0	0	0	0	0	0	0	0	0	0	0
0	0	0	0	0	0	0	0	0	0	0	0	0	0	0	0	0	0	0	0	0	9	1	0	0	0	0
0	0	0	0	0	0	0	0	0	0	0	0	0	0	0	0	2	0	0	0	0	2	0	1	0	5	0
12	0	0	0	0	0	0	0	0	0	0	0	0	0	0	0	0	0	0	0	0	0	0	0	0	0	0
4	0	0	0	0	0	0	0	0	0	0	0	0	0	0	0	0	0	0	1	0	59	0	0	0	0	0
0	0	0	0	67	0	0	0	0	0	0	0	0	0	0	0	0	0	0	0	0	0	0	0	0	0	0
1	1	0	0	0	0	0	0	0	0	0	0	2	0	0	0	9	0	0	0	2	5	1	0	4	0	2
67	0	0	0	0	0	1	0	0	0	0	0	0	0	0	0	0	0	0	0	0	0	0	0	0	0	0
21	0	0	0	0	0	0	0	0	0	0	0	0	0	0	0	0	0	0	0	0	0	0	0	0	0	0
0	0	0	0	0	0	0	0	0	0	0	0	0	0	0	0	1	0	0	0	0	0	0	0	0	0	0
0	0	0	0	0	0	0	0	0	0	0	0	0	0	0	0	0	0	0	0	0	1	22	13	29	0	1
1	0	0	0	0	0	0	0	0	0	0	0	0	0	0	0	32	0	0	0	0	18	0	2	2	9	2
0	3	0	0	1	0	0	0	1	1	0	0	0	4	0	0	4	8	0	0	0	0	9	0	0	0	0
0	0	1	0	0	0	0	0	0	0	97	17	0	0	0	0	0	1	1	0	0	0	0	0	0	0	0
0	0	43	16	12	50	3	36	3	0	0	0	0	0	0	0	0	0	0	0	0	0	109	0	0	0	0
0	0	1	0	5	7	4	6	0	13	7	2	2	0	16	1	41	5	10	16	0	0	30	8	58	0	18
4	1	2	9	26	1	17	0	1	1	4	3	9	0	5	2	1	3	1	4	28	13	24	15	0	0	7
0	8	2	9	6	3	0	0	2	3	24	1	1	4	0	0	39	6	3	1	13	51	7	0	53	11	1
0	0	1	0	0	0	0	0	0	0	0	0	0	0	0	0	22	0	0	0	0	0	273	0	2	2	0
0	0	0	0	0	0	0	0	0	0	0	336	0	0	0	0	0	0	0	0	0	0	0	0	0	0	0
0	58	0	0	1	0	0	0	0	0	0	1	0	0	0	0	0	0	0	0	0	0	0	0	0	0	235
0	0	0	0	0	0	0	0	0	0	0	0	0	0	0	0	0	0	0	0	0	12	0	0	0	0	0
0	0	0	2	0	0	0	0	0	3	0	0	0	0	0	0	0	0	0	0	0	1	0	2	2	0	0
0	0	0	0	0	0	0	0	0	0	0	0	0	0	0	0	6	0	0	0	0	3	0	0	0	3	0
0	0	0	0	0	0	0	1	0	0	0	0	0	0	0	0	0	0	0	0	0	1	2	0	0	1	0
0	0	0	0	0	0	0	0	0	0	0	0	0	0	0	0	0	0	0	0	0	0	0	0	0	12	0
0	0	0	0	0	0	0	0	0	0	0	0	0	0	0	0	11	0	0	0	0	0	0	0	0	0	0
0	0	0	0	0	0	0	0	0	0	0	0	0	0	0	0	0	0	0	0	0	0	0	0	0	0	11
0	0	0	0	0	0	0	0	0	0	0	0	0	0	0	0	0	0	0	0	0	0	0	0	0	36	0
0	0	0	0	0	0	0	0	0	0	3	0	5	0	0	0	0	0	2	0	0	0	0	0	0	0	6
0	0	0	1	2	0	0	19	0	1	1	0	0	0	0	2	0	0	0	0	0	0	1	2	1	0	0
0	1	1	0	0	0	0	0	0	0	0	19	0	0	0	0	0	0	0	0	0	0	0	5	0	0	0
1	0	1	1	2	1	0	1	0	2	0	1	1	0	1	1	0	2	1	0	0	0	7	0	2	0	0
0	0	1	0	0	1	0	0	0	0	2	0	0	0	0	3	6	0	0	0	3	0	2	3	2	4	1
19	0	0	0	0	0	0	0	0	0	0	0	0	0	0	0	0	0	0	1	0	2	0	0	0	1	0
0	0	0	0	0	0	0	0	0	3	0	0	0	0	0	0	0	0	0	0	0	0	0	0	0	0	22
2	0	1	1	0	1	0	1	0	0	4	0	2	0	0	3	0	0	1	0	0	0	2	4	0	0	2
0	0	0	0	0	0	0	0	0	0	0	0	0	0	0	0	6	0	0	0	0	4	0	0	1	2	1
0	0	0	0	0	0	0	2	0	0	1	0	0	0	1	2	0	0	0	0	0	0	1	0	1	0	1
0	0	0	1	0	0	1	0	0	0	0	0	0	0	0	0	0	0	0	0	0	0	0	1	10	0	0
0	0	0	0	0	0	0	0	0	0	0	0	0	0	0	0	0	0	0	0	0	0	0	2	0	13	0
1	0	1	0	0	0	0	0	0	0	0	0	1	0	0	0	0	3	0	0	0	0	2	1	1	0	1
0	0	0	0	0	0	0	0	0	0	0	0	0	0	0	0	2	0	0	0	0	8	0	0	0	5	0
0	0	0	0	0	1	0	0	0	0	1	0	0	0	7	0	0	0	0	0	0	0	1	0	0	0	0
0	0	5	0	3	0	3	0	5	6	15	3	0	0	0	3	0	0	2	0	0	0	1	6	0	24	0
0	0	0	0	0	0	0	0	0	0	0	0	0	0	0	0	10	0	0	0	0	0	0	0	0	0	0
0	0	2	0	0	0	0	1	3	0	2	1	1	2	1	0	3	0	1	0	9	0	6	2	0	2	7
0	0	0	0	0	0	0	0	0	0	0	0	0	0	0	0	82	0	0	0	9	0	0	0	0	0	0
0	0	0	0	0	1	0	0	0	0	1	3	0	0	0	0	0	1	1	0	0	0	0	64	0	0	0
0	0	0	0	0	0	0	0	0	0	0	0	0	0	0	0	0	0	0	0	0	0	0	0	0	0	92
0	0	0	0	0	0	0	0	0	0	0	0	0	0	0	0	0	0	0	0	0	0	0	95	0	0	0
0	0	0	0	0	0	0	0	0	0	0	0	0	0	0	0	0	0	0	0	0	0	0	10	0	0	0
2	1	0	0	0	1	0	0	0	5	3	2	3	1	1	3	23	0	2	0	5	0	2	0	25	0	1
0	0	0	0	0	0	0	0	0	0	0	0	0	0	0	0	6	0	0	0	0	4	0	2	0	2	0
0	0	0	0	0	0	0	0	0	0	0	0	0	0	0	0	5	0	0	0	0	7	0	2	0	1	0
0	0	0	0	0	0	0	0	0	0	0	0	0	0	0	0	0	0	0	0	0	0	0	0	0	0	15
0	0	0	0	0	0	0	0	0	0	0	0	0	0	0	0	0	0	0	0	0	16	0	0	0	0	0
0	0	0	0	0	0	0	0	0	0	0	0	0	0	0	0	8	0	0	0	0	2	0	1	0	4	1
0	0	0	1	1	0	0	2	0	2	0	0	2	0	0	0	1	0	0	0	0	0	4	1	0	0	0
0	0	0	0	0	0	0	0	0	0	0	0	0	0	0	0	0	0	0	0	0	0	0	17	0	0	0
0	13	0	0	0	0	0	0	0	0	1	0	1	0	0	0	0	0	0	0	0	0	0	0	1	0	0
0	0	0	0	0	0	0	0	0	0	0	0	0	0	0	0	0	0	0	0	0	0	0	0	0	0	17
0	0	0	0	0	0	0	0	0	0	0	0	0	0	0	0	4	0	0	0	0	5	0	0	1	7	0
0	0	0	1	1	2	0	0	0	0	0	0	1	0	0	1	0	1	0	0	0	0	3	2	0	0	0
2	0	0	0	1	0	0	2	0	1	1	0	1	0	1	0	0	0	0	0	0	0	1	1	1	0	0
3	0	1	0	0	0	0	1	0	1	2	0	1	0	0	0	0	3	35	0	0	0	3	2	1	0	0
0	0	0	0	0	0	0	0	0	1	1	1	0	0	0	0	3	0	0	1	0	0	0	0	3	1	0
0	0	0	0	0	0	0	0	0	0	0	0	0	0	0	0	0	0	0	0	0	0	63	0	0	0	0
0	2	0	0	0	0	0	0	0	1	0	1	0	0	0	0	0	0	0	0	0	0	6	0	0	0	0
3	0	0	0	0	0	0	0	0	0	0	0	0	0	0	0	5	0	0	0	0	1	0	0	0	0	0
0	0	0	0	0	0	0	0	0	0	0	0	0	0	0	0	8	0	0	0	0	0	0	0	0	0	2
0	1	0	0	0	0	0	0	0	0	0	0	0	0	0	0	0	0	0	0	0	0	3	0	1	6	0
0	0	0	0	0	0	0	0	0	0	0	3	0	0	0	0	0	0	0	0	0	0	0	7	0	0	0
0	0	0	1	0	0	0	1	0	0	0	0	0	0	0	2	3	0	0	0	0	2	0	0	0	0	1
0	0	0	0	0	0	0	0	0	2	0	0	0	0	0	0	0	0	0	0	0	0	0	0	0	0	11
0	0	0	0	0	0	0	0	0	0	0	0	0	0	0	0	8	0	0	0	0	0	0	0	0	0	2
0	0	0	0	1	0	1	2	0	0	6	0	0	1	0	0	0	0	0	3	0	4	3	3	0	0	4
0	0	0	0	0	0	0	0	0	0	0	0	0	0	0	0	11	0	0	0	0	10	9	5	5	20	4
1	0	1	2	2	0	0	3	0	0	1	0	1	0	1	1	0	2	1	0	0	0	2	4	0	0	0
0	2	1	0	0	0	0	1	1	2	3	0	3	0	0	0	3	0	0	0	0	0	15	1	2	0	0
3	0	0	0	0	1	0	5	0	0	0	0	2	0	0	0	0	3	3	0	0	0	5	5	1	0	0
1	0	0	1	2	0	0	3	0	1	2	0	0	0	1	2	0	1	1	0	0	0	6	1	0	0	0
0	3	0	0	2	1	1	0	0	3	1	0	1	0	0	0	1	2	0	0	1	0	4	0	8	0	2
0	0	0	0	1	1	0	0	0	1	1	0	0	0	0	0	1	0	0	0	0	0	0	0	0	0	1
0	0	0	0	0	0	0	0	0	0	0	0	1	0	2	2	0	1	0	0	3	7	1	3	0	1	0
1	0	0	3	2	0	0	1	0	0	2	0	3	0	1	0	0	3	2	0	0	0	4	3	3	0	0
0	0	0	0	0	0	45	0	0	0	0	0	0	0	0	0	0	0	0	0	0	0	0	0	0	0	0
0	0	1	2	0	0	0	0	0	0	2	1	0	0	0	1	0	0	0	2	0	0	3	0	9	0	0
0	0	0	0	0	0	0	1	0	0	0	2	0	0	1	0	0	1	1	0	9	0	0	4	1	0	0
0	0	0	0	0	0	0	0	0	0	0	0	0	0	0	0	0	0	0	0	0	0	0	0	0	0	14
0	0	1	0	0	1	0	0	0	0	0	12	0	0	0	0	0	0	0	0	0	0	0	0	0	0	0
0	0	0	0	0	0	0	0	1	0	0	0	0	0	0	0	0	0	0	0	0	0	0	0	0	0	14
2	0	1	0	0	1	0	0	0	0	2	1	0	0	0	1	0	0	0	0	0	0	2	0	0	0	1
0	0	0	0	0	0	0	0	0	0	0	0	0	0	0	0	0	0	0	0	0	0	0	0	0	0	10
3	0	4	2	2	1	1	5	0	2	1	2	0	0	0	0	0	3	2	0	0	0	2	3	2	0	0
1	1	0	0	0	0	0	0	0	0	0	0	0	1	1	0	4265	0	0	0	0	3125	145	799	166	2196	104
0	0	0	0	0	0	0	0	0	0	0	0	9	0	1	0	0	0	0	0	0	0	0	0	0	0	0
1	0	0	33	0	0	1	2	0	1	0	0	0	0	0	0	0	2	1	0	0	0	2	4	2	0	1
11	0	0	0	0	9	0	0	0	0	0	0	0	0	0	0	0	0	0	0	0	0	0	0	0	51	0
0	0	0	9	0	0	0	0	0	0	0	0	0	0	0	0	0	0	0	0	0	0	63	0	0	0	1
3	0	6	5	11	1	1	1	3	2	0	0	0	0	4	1	0	0	0	0	0	0	20	4	5	6	0
0	0	0	0	0	0	0	3	6	1	0	1	0	0	0	0	0	0	4	0	0	0	0	56	0	0	0
0	0	0	2	1	0	0	0	0	1	0	0	0	0	0	2	0	0	0	2	0	0	1	0	0	63	5
0	1	0	0	0	0	5	0	0	0	1	0	0	0	0	0	0	1	0	1	0	64	0	0	0	0	2
0	0	0	0	0	0	0	0	0	0	0	0	0	0	0	0	83	0	0	0	0	0	0	0	0	0	0
22	0	4	0	0	0	4	2	0	0	0	0	0	0	0	0	0	0	0	0	0	0	0	0	0	0	0
1	0	0	1	1	0	0	2	0	1	1	1	0	3	0	0	0	0	0	0	5	0	15	28	0	0	1
10	0	0	0	0	0	0	0	0	0	0	0	0	0	0	0	176	0	0	0	0	18	0	0	3	0	0
0	0	0	0	0	0	0	0	0	0	0	1	0	0	0	0	34	0	0	0	0	17	0	52	117	0	1
0	0	0	0	0	0	0	0	0	0	0	0	0	0	0	0	1	1	0	0	0	0	0	0	0	0	0
1	6	0	0	0	0	0	1	0	6	0	0	0	0	0	0	0	2	0	0	0	0	1	0	0	0	54
0	0	0	0	0	0	0	0	0	0	0	0	0	0	0	0	0	0	0	0	0	0	106	63	65	0	0
0	0	25	0	0	0	1	2	22	0	0	19	12	0	60	0	0	0	0	0	0	0	26	15	7	0	0
2	0	0	0	0	0	0	0	2	19	0	0	0	0	0	0	0	0	0	0	0	0	20	0	0	0	0
1	1	0	2	0	5	0	0	1	0	0	0	0	13	0	2	34	7	10	0	0	1	1	11	2	1	1
0	0	0	0	0	0	0	0	0	0	0	0	0	0	0	0	0	0	0	0	0	0	0	0	0	0	11
0	0	0	0	0	0	0	0	0	0	0	0	0	0	0	0	0	0	0	0	0	0	12	0	0	0	0
0	0	0	0	0	0	0	0	0	0	0	0	0	0	0	0	0	0	0	0	0	0	0	0	0	0	11
0	0	0	1	0	0	0	0	0	0	0	0	0	0	0	1	4	0	0	0	0	1	0	0	0	1	2
1	0	0	0	0	0	0	0	0	0	1	0	0	0	0	0	1	1	0	0	0	1	0	0	0	2	0
0	0	0	0	0	0	0	0	0	0	0	0	0	0	0	0	0	0	0	0	0	9	0	0	0	0	1
0	0	0	0	0	0	0	0	0	0	0	0	0	0	0	0	0	0	0	0	26	0	0	0	0	0	0
1	1	0	0	0	0	1	0	0	0	0	0	0	0	0	0	3	0	0	0	0	2	0	0	0	3	0
0	0	0	0	0	0	0	0	0	0	0	0	1	0	0	0	33	0	0	0	0	1	0	0	2	0	0
0	0	0	0	0	0	0	1	0	0	0	0	0	0	2	0	7	1	0	0	0	0	6	7	8	0	0
0	0	1	1	0	0	0	1	1	1	1	0	1	0	1	3	0	4	1	0	0	0	3	6	2	0	0
0	0	0	0	0	0	0	0	0	0	0	0	0	0	0	0	33	0	0	0	0	2	4	0	1	0	0
0	0	0	0	0	0	0	1	0	0	0	0	0	0	0	0	0	0	0	0	0	0	0	0	0	0	38
0	0	0	0	0	0	0	0	0	0	0	0	0	0	0	0	0	0	0	0	0	0	0	0	0	0	40
0	0	0	1	1	1	0	1	0	0	2	0	1	0	0	0	0	1	1	0	0	0	0	0	0	0	1
3	0	4	3	4	1	0	8	0	3	1	0	0	0	0	1	0	1	1	0	0	0	2	0	5	0	0
0	0	0	0	0	0	0	0	0	0	0	0	0	0	0	0	10	0	0	0	0	4	1	0	1	7	0
0	0	0	1	0	0	0	0	0	0	0	0	0	1	0	1	2	0	0	0	0	0	0	0	4	14	0
0	0	0	0	0	0	0	0	0	0	0	0	0	0	0	0	14	0	0	0	0	6	0	1	0	3	0
0	0	0	0	0	0	0	0	0	0	0	0	0	0	0	0	0	0	0	0	0	0	11	0	0	13	0
0	0	0	0	0	0	0	0	0	0	1	0	0	0	0	0	8	0	0	0	0	0	0	0	1	0	1
0	0	0	0	0	0	0	0	0	0	0	0	0	0	0	0	11	0	0	0	0	6	0	4	0	3	0
0	0	0	0	0	0	0	0	0	0	0	0	0	0	0	0	8	0	0	0	0	7	1	4	0	4	0
0	0	0	0	0	0	0	0	0	0	0	0	0	0	0	0	9	0	0	0	0	7	0	2	1	5	0
0	0	0	0	0	0	0	0	23	0	0	0	0	0	0	0	0	0	0	0	0	0	0	0	0	0	0
0	19	0	0	0	0	0	0	0	0	0	0	0	0	0	0	0	0	0	0	0	1	2	0	0	0	0
0	0	2	0	0	3	1	0	0	0	1	0	0	0	0	2	20	0	1	0	0	1	3	1	29	34	0
0	0	0	1	6	0	0	2	0	0	1	0	1	0	0	104	0	0	2	0	0	0	6	4	1	0	0
0	0	0	0	0	0	0	0	0	0	0	0	0	13	0	0	0	0	0	0	0	5	0	0	0	0	0
0	0	2	2	0	0	0	1	0	0	1	1	2	0	0	0	0	1	0	0	0	0	3	3	1	0	0
0	0	1	1	1	1	3	2	0	0	0	0	0	0	0	0	0	0	0	0	0	0	5	0	2	0	0
0	0	0	0	0	0	0	0	0	0	0	0	0	0	0	0	0	0	0	0	0	10	0	0	0	0	0
0	0	0	0	0	0	1	2	0	0	0	0	0	0	0	3	0	0	0	0	0	0	0	1	3	0	0
0	0	0	0	0	0	0	0	0	0	0	0	0	0	0	0	2	0	0	0	0	8	0	1	0	6	1
0	0	0	0	0	0	0	0	0	0	0	11	0	0	0	0	0	0	3	0	0	0	0	0	0	0	0
0	1	0	0	0	0	0	0	0	0	0	0	0	0	0	0	0	0	0	3	0	9	0	0	0	0	0
0	8	0	0	0	0	0	0	0	0	1	0	0	1	1	0	17	5	0	0	0	0	0	0	13	41	3
0	0	0	0	2	1	0	0	0	0	0	3	2	1	1	2	4	2	0	0	0	6	9	19	1	1	6
0	5	0	0	0	0	0	0	0	0	1	0	6	1	0	0	0	11	0	0	0	15	0	6	0	0	7
1	5	0	0	0	0	0	0	0	0	0	0	0	0	0	0	24	1	1	1	0	41	0	1	0	3	1
0	0	0	0	0	0	0	0	0	0	0	0	0	0	0	0	0	0	0	0	65	0	0	0	0	0	0
0	0	0	0	0	3	0	0	0	0	0	0	0	0	0	1	0	0	0	0	0	0	101	0	0	0	0
0	0	0	0	0	0	0	0	0	0	0	0	0	0	0	0	0	0	0	0	0	0	0	104	0	0	0
7	0	0	0	0	0	1	0	0	5	8	0	4	0	1	2	0	20	5	0	0	1	0	11	2	0	8
0	0	0	0	0	0	0	15	0	0	0	1	0	0	0	0	0	0	0	0	51	0	0	0	0	0	0
0	0	0	0	0	0	0	0	0	0	0	0	0	0	0	0	0	0	0	0	0	0	0	0	0	0	108
0	0	1	1	0	0	1	0	0	0	0	0	0	0	0	1	0	0	0	0	0	11	0	0	0	0	0
0	0	0	0	0	0	0	0	0	0	0	0	0	0	0	0	1	0	0	0	0	19	0	0	0	0	0
0	0	0	0	8	0	0	0	0	0	0	0	0	0	0	0	0	0	0	0	0	0	0	0	2	0	0
0	0	10	0	0	0	0	0	0	0	0	0	0	0	0	0	0	0	0	0	0	0	0	0	0	0	0
1	0	0	2	0	1	1	2	0	1	1	1	0	0	2	2	0	4	1	0	0	0	1	6	1	0	0
0	0	2	0	0	0	0	0	0	4	0	1	0	1	1	1	4	0	0	0	2	0	10	2	4	0	0
1	0	0	0	0	0	0	0	0	0	0	0	0	0	0	0	5	0	0	1	0	21	0	0	0	0	0
0	0	0	0	0	0	0	0	0	0	0	0	1	0	0	0	0	0	0	0	0	0	0	41	0	0	0
0	0	0	0	0	0	0	0	1	1	0	0	1	0	0	2	7	1	0	0	0	0	0	5	19	0	0
0	0	0	0	0	0	1	0	0	0	7	2	0	3	5	0	0	0	1	0	1	0	2	11	0	0	0
0	0	0	0	0	0	0	0	0	0	0	0	0	35	0	0	0	0	0	0	0	0	2	0	1	2	0
0	0	0	0	0	0	0	0	0	0	2	4	0	0	0	0	0	0	0	0	0	0	0	0	36	0	0
0	0	9	3	4	4	2	3	0	0	0	0	0	0	0	0	0	0	0	0	0	0	7	0	0	0	0
0	0	0	0	0	0	0	0	0	0	0	0	0	0	0	0	41	0	0	0	0	0	0	0	0	0	0
0	0	0	0	0	0	0	0	0	0	0	0	0	0	0	0	12	0	0	0	0	5	0	0	0	3	2
0	0	0	0	0	6	0	0	0	0	0	0	0	0	0	0	0	0	0	0	0	0	0	16	0	0	0
0	0	0	0	0	0	0	0	0	0	0	0	0	0	22	0	0	0	0	0	0	0	0	0	0	0	0
0	0	0	0	0	0	0	0	0	0	1	0	0	0	0	0	3	1	0	0	0	7	0	1	0	3	1
1	0	0	0	0	0	0	0	0	1	0	0	0	0	1	2	0	5	2	0	0	0	1	2	0	0	1
0	0	0	0	0	0	0	0	0	0	7	0	0	0	0	0	1	0	0	0	5	5	0	0	0	1	0
1	0	0	1	0	1	0	1	0	0	1	0	2	0	1	0	0	0	4	0	0	0	0	4	0	0	0
3	0	0	0	2	0	0	0	0	0	1	1	0	0	2	1	0	1	2	0	0	0	1	1	1	0	0
0	0	0	0	0	0	0	0	0	0	0	0	0	0	0	0	8	0	0	0	0	4	0	1	0	3	1
0	0	0	0	0	0	0	0	0	0	0	0	0	0	0	0	6	0	0	0	0	6	0	0	0	5	0
0	0	0	0	0	0	0	0	0	0	0	0	0	0	0	0	3	0	0	0	0	0	2	0	0	0	0
0	0	1	0	1	1	0	0	0	1	2	0	0	0	0	2	0	1	0	0	0	0	0	0	0	0	1
0	0	0	0	0	0	0	0	0	5	0	0	0	0	0	0	0	0	0	0	0	0	0	0	0	0	10
0	0	0	0	0	0	0	0	0	0	0	0	0	0	0	0	0	0	0	0	0	0	17	0	0	0	0
0	0	1	1	1	0	0	1	0	0	0	0	0	0	1	0	0	1	3	0	0	0	1	1	0	0	0
0	0	1	0	0	1	0	0	0	0	0	0	0	0	0	0	0	0	0	0	0	0	0	3	1	0	0
0	0	0	0	0	0	0	0	0	0	0	0	0	0	0	0	0	0	0	0	0	0	0	4	0	0	0
1	0	0	0	1	1	0	1	0	0	1	0	0	0	0	0	0	1	1	0	0	0	4	2	1	0	1
0	0	0	0	10	0	0	0	0	0	0	0	0	0	0	0	0	0	0	0	0	0	0	0	0	0	0
0	0	0	0	0	0	0	0	0	0	1	0	0	0	0	0	1	0	0	0	0	2	0	0	1	1	4
0	0	0	0	0	0	0	0	0	0	0	0	0	0	0	0	4	0	0	0	0	1	1	1	0	3	0
0	0	0	0	0	0	0	0	0	0	1	0	0	0	0	0	1	0	0	1	0	79	2	0	0	0	0
0	0	0	0	0	0	0	0	0	1	0	0	0	1	0	0	0	0	0	0	0	0	2	0	0	5	0
0	0	0	0	0	0	0	0	0	0	0	0	0	0	0	0	0	1	0	0	0	1	0	0	0	0	48
0	0	0	0	0	0	0	0	0	0	0	0	0	0	1	0	0	0	1	0	37	0	0	0	0	0	0
0	0	0	0	0	0	0	0	0	0	0	0	0	0	0	0	0	0	0	0	0	13	0	0	0	0	0
1	0	0	0	0	0	0	0	0	0	0	0	0	0	0	0	1	0	0	0	0	0	1	0	4	4	0
0	0	0	0	0	0	0	0	0	0	0	0	0	0	0	0	3	0	0	0	0	7	0	0	1	2	0
0	0	0	0	0	0	0	0	0	0	0	0	0	0	0	0	13	0	0	0	0	0	0	0	0	0	0
0	0	1	0	0	0	0	3	0	0	0	0	0	0	0	0	0	0	0	0	0	0	3	0	3	0	0
0	0	0	0	1	0	0	2	0	1	0	1	1	0	0	0	0	0	0	0	0	0	3	0	4	0	0
0	0	0	0	0	0	0	0	0	0	0	0	0	0	0	0	0	0	0	0	0	0	0	3	1	7	2
0	2	0	0	0	0	0	0	1	0	5	1	2	0	6	0	0	0	0	0	5	0	0	63	0	0	0
0	0	0	0	0	0	0	0	2	4	0	6	0	0	1	0	0	0	4	0	0	0	46	26	0	0	1
0	0	0	0	0	0	0	0	0	0	0	0	0	0	0	0	0	0	0	0	0	125	0	0	0	0	0
0	1	0	8	1	0	0	0	0	9	6	1	1	0	1	3	14	4	2	0	0	0	5	5	29	1	0
5	4	0	0	0	0	0	0	3	0	0	0	1	6	2	0	6	7	1	3	3	6	0	2	0	1	8
85	0	0	0	0	0	0	0	0	0	0	0	0	0	0	0	0	0	0	0	0	1	0	0	4	0	0
0	0	0	0	0	0	0	0	3	4	0	2	0	0	0	0	0	0	3	0	0	0	14	84	0	0	0
0	0	0	0	0	0	0	0	1	0	0	0	0	0	0	0	0	0	0	0	0	0	0	0	0	0	102
0	0	0	0	19	0	0	28	0	1	0	1	1	0	20	0	0	0	0	0	0	0	1	0	0	0	26
0	0	0	3	2	1	1	5	0	0	0	0	0	0	1	0	0	0	0	0	0	0	0	2	15	0	0
0	0	0	0	0	0	0	0	0	0	3	0	0	0	1	0	0	2	2	0	0	7	0	3	0	1	0
0	0	0	0	0	0	0	0	6	0	0	0	0	0	0	0	0	0	0	0	0	0	0	0	0	0	15
0	2	0	0	0	0	0	0	0	0	0	0	0	0	0	0	8	0	0	0	0	9	0	0	0	1	0
1	0	0	2	2	0	0	2	0	0	0	0	0	0	0	1	0	0	0	0	0	0	2	3	0	0	0
0	0	1	0	1	0	0	0	0	0	1	0	1	0	2	1	0	0	2	0	0	0	4	3	0	0	0
0	0	0	0	0	0	0	0	0	0	0	0	0	0	0	0	21	0	0	0	0	0	0	0	0	0	0
0	0	0	0	0	0	0	0	1	0	9	6	0	0	0	0	0	0	1	0	0	0	0	0	0	0	0
0	0	0	0	0	0	0	0	0	0	0	0	0	0	0	0	0	0	0	0	0	20	0	0	0	0	0
0	0	0	0	0	0	0	0	0	0	0	0	0	0	0	0	5	0	0	0	0	5	0	2	1	8	0
0	0	0	0	0	0	0	0	0	0	0	0	0	0	0	0	11	0	0	0	0	5	0	0	1	1	1
0	0	0	0	0	0	0	0	0	0	0	0	0	0	0	0	8	0	0	0	0	6	0	2	0	3	0
0	0	0	0	0	0	0	0	0	0	0	0	0	3	0	0	0	0	0	0	0	0	0	0	0	0	0
0	0	0	0	0	0	0	0	0	0	0	0	0	0	0	0	0	0	0	0	19	0	0	0	0	0	0
0	0	0	0	0	0	0	0	0	0	0	0	0	0	0	0	6	0	0	0	0	7	0	2	1	3	0
0	0	0	2	0	0	0	0	0	1	0	1	0	0	1	0	0	0	0	0	0	7	0	1	0	0	0
0	0	0	0	0	0	0	0	0	0	0	0	0	1	1	1	7	0	0	0	0	0	0	1	4	1	0
0	0	0	0	0	0	0	0	0	0	0	0	0	0	0	1	7	0	0	0	0	0	0	0	0	3	0
0	0	0	0	0	0	0	0	0	0	0	0	0	0	0	0	7	0	0	0	0	1	0	1	1	1	0
0	0	0	0	0	0	0	0	0	0	0	0	0	0	0	0	4	0	0	0	0	3	0	0	0	4	0
0	0	0	0	0	0	0	0	0	0	0	0	0	0	0	0	3	0	0	0	0	3	0	1	0	4	0
0	0	0	0	0	0	0	0	0	0	0	0	0	0	0	0	0	0	0	1	10	0	0	0	0	0	0
0	0	0	1	0	0	0	0	0	1	1	0	0	0	0	0	0	0	0	0	0	0	7	1	1	0	0
0	0	0	0	0	0	0	0	0	0	0	0	0	0	0	0	0	0	0	0	0	0	2	0	3	6	0
0	1	0	0	0	0	0	0	0	0	0	0	0	0	0	0	3	0	0	0	0	9	0	0	0	0	0
0	0	0	0	0	0	0	0	0	0	0	0	0	0	0	0	0	0	0	0	0	0	2	0	0	6	0
0	0	0	0	0	0	13	0	0	0	0	0	0	0	0	0	0	0	0	0	0	0	0	0	0	0	0
0	0	1	8	0	0	0	0	0	0	0	0	0	0	0	0	0	0	0	0	0	0	0	0	3	0	0
27	0	0	0	0	0	0	0	0	0	0	0	0	0	0	0	0	0	0	0	0	0	0	0	0	0	0
0	55	0	0	1	0	0	2	3	0	0	22	0	0	0	0	0	0	0	0	0	0	0	0	0	0	27
0	0	0	0	0	0	0	0	0	0	0	0	0	0	0	0	8	0	0	0	0	3	0	0	0	2	0
0	0	0	0	0	0	0	0	135	0	0	0	0	0	0	0	0	0	0	0	0	0	0	0	0	0	0
0	0	0	0	0	20	0	0	0	0	2	3	0	4	7	0	0	0	0	0	0	0	0	44	0	0	0
0	0	0	4	0	42	0	1	11	0	0	0	0	0	0	0	67	0	0	0	0	0	2	0	3	0	0
0	0	0	0	0	0	0	0	0	0	0	0	0	0	0	0	47	0	0	0	0	10	0	0	0	75	2
0	0	0	0	0	0	0	0	0	0	0	0	0	0	0	0	4	0	1	0	0	0	0	0	0	0	0
0	0	1	2	0	0	1	0	2	3	0	0	0	0	1	0	0	0	0	0	0	0	7	2	0	0	1
1	0	1	1	2	1	0	0	0	0	1	1	1	0	0	0	0	2	0	0	0	0	2	3	0	0	0
0	0	3	0	0	0	0	0	0	0	0	0	0	0	0	0	0	0	0	0	0	0	45	0	0	0	0
0	0	0	0	0	0	0	0	0	0	0	0	3	0	0	0	725	0	0	0	0	1	0	0	0	0	73
11	7	0	0	0	0	0	0	4	0	14	4	146	229	0	26	0	0	44	0	0	0	0	1	4	81	0
0	40	4	0	0	3	0	20	63	6	59	89	0	0	94	10	0	20	16	1	0	0	55	244	0	0	6
0	3	0	0	0	0	0	0	0	0	0	0	0	1	0	0	180	1	0	1	0	204	32	63	0	338	16
32	4	0	0	1	6	7	0	2	26	15	2	0	13	0	0	99	5	0	0	3	0	42	83	250	2	9
0	2	5	4	0	46	5	42	5	0	2	10	0	10	0	64	62	0	2	8	0	1	120	9	317	0	0
0	0	0	0	0	0	0	0	0	0	0	0	5	0	0	0	807	0	0	0	0	0	0	3	0	0	0
0	2	0	0	48	19	78	5	0	51	21	18	0	0	0	0	0	0	6	0	0	0	0	118	422	0	17
0	0	0	0	0	0	0	0	0	0	0	0	2	0	0	0	698	13	11	0	0	71	0	0	1	0	0
0	4	0	0	0	0	0	4	21	38	0	0	0	0	0	0	0	0	0	0	0	0	0	0	0	0	666
0	0	0	0	0	0	1	0	0	0	1	0	0	0	0	0	2	2	0	0	0	2	0	3	0	0	0
4	0	0	0	0	0	0	0	0	0	0	0	0	0	0	0	9	0	0	1	0	2	0	0	0	0	0
0	0	0	0	1	0	0	0	0	0	1	0	1	0	0	0	2	0	0	0	0	0	2	5	6	0	0
1	0	1	1	0	0	0	1	0	1	1	0	2	0	0	1	0	0	0	0	0	0	2	3	1	0	0
0	0	0	0	0	0	0	0	0	0	0	0	0	0	0	0	0	0	0	0	0	0	21	0	0	0	0
0	0	0	0	0	0	0	0	0	0	0	0	0	0	0	0	0	0	0	0	0	0	0	0	0	21	0
0	0	0	0	0	0	0	10	0	0	0	0	0	0	0	0	0	0	0	0	0	0	0	0	0	0	0
0	0	0	0	0	0	0	0	0	0	0	0	0	0	0	0	8	0	0	0	0	4	0	2	0	6	0
0	0	0	0	0	0	0	0	0	0	0	0	0	0	0	0	6	0	0	1	0	13	0	0	0	0	0
0	0	0	1	0	3	0	2	0	3	0	0	0	0	2	0	0	0	0	0	0	0	4	1	1	0	0
0	2	0	0	0	0	0	0	0	0	0	0	0	0	0	0	0	0	0	0	0	0	0	0	0	0	0
0	0	0	0	0	0	0	0	0	0	0	0	0	0	0	0	0	0	0	0	15	0	0	0	0	0	0
0	0	0	0	0	0	0	0	0	6	0	0	0	0	0	0	0	0	0	0	0	0	4	0	0	0	0
0	0	0	0	0	0	3	0	0	2	8	0	0	0	0	0	0	0	0	0	0	0	0	0	0	0	0
4	0	0	0	0	0	0	0	0	0	0	0	0	0	3	0	0	0	0	0	0	0	6	0	0	1	0
0	18	0	0	0	0	0	0	0	0	0	0	0	0	0	0	0	0	0	0	0	0	0	0	0	0	0
0	0	0	0	0	0	0	0	0	0	0	0	0	0	0	0	2	0	0	0	0	15	0	0	0	0	0
1	0	0	0	0	0	0	0	0	1	0	0	1	0	0	1	1	0	0	0	0	1	1	0	1	6	0
0	0	0	0	0	0	0	0	0	0	1	0	1	0	0	0	6	0	0	0	1	0	1	2	1	0	0
0	0	0	0	0	0	39	0	0	0	0	0	0	0	0	0	0	0	0	0	0	0	102	0	3	0	0
0	22	0	0	11	0	0	0	1	0	0	0	0	0	0	44	0	0	1	25	0	14	0	14	0	0	0
0	0	0	0	0	0	0	0	0	0	0	0	0	0	0	0	0	0	0	0	0	0	0	0	0	0	12
0	0	0	0	0	0	0	0	0	0	0	0	0	0	0	0	0	0	0	0	0	0	0	13	0	0	0
0	0	0	0	0	0	0	0	1	0	0	0	0	0	0	0	3	0	0	0	0	1	1	1	1	3	0
0	0	0	0	0	0	0	0	0	0	0	0	0	0	0	0	4	0	0	0	0	0	1	0	0	0	2
0	3	0	0	0	0	0	0	0	0	0	0	0	0	0	0	2	0	0	0	0	1	0	0	0	0	0
0	0	0	0	0	2	0	0	0	0	1	1	0	20	6	1	27	0	0	0	8	0	0	4	0	0	4
3	0	3	2	4	7	2	8	0	3	5	2	1	0	3	11	0	5	11	0	0	0	7	17	1	0	3
0	0	0	0	0	0	0	0	0	0	0	0	0	0	0	0	0	1	0	0	89	0	0	0	0	0	0
0	0	0	0	0	0	0	0	0	0	0	0	0	3	1	2	0	1	0	1	0	2	0	2	0	6	2
1	1	0	1	1	0	0	0	1	38	0	1	0	0	0	0	5	0	1	1	3	1	6	0	0	0	83
0	0	0	0	0	1	1	0	0	11	0	0	0	0	0	0	0	0	0	0	0	0	0	0	0	0	0
0	0	0	0	0	0	0	0	0	0	0	0	0	0	0	0	0	0	0	0	13	0	0	0	0	0	0
1	0	0	0	0	0	0	0	0	0	0	0	0	0	0	0	0	0	0	124	0	1	0	0	0	0	0
0	1	4	52	49	0	0	0	0	0	6	13	1	0	3	0	0	0	0	0	0	1	0	0	1	0	0
0	0	1	0	0	1	0	1	0	0	0	0	0	0	0	0	0	0	0	0	0	0	1	0	27	0	0
0	0	0	0	0	0	0	0	0	0	0	0	0	0	0	0	0	0	0	0	0	0	0	0	0	31	0
0	0	0	0	1	0	1	1	0	1	2	0	0	0	1	0	11	0	0	0	0	3	1	0	4	0	0
0	0	0	0	0	0	0	0	0	0	0	0	0	0	0	0	0	0	0	0	0	0	26	0	0	0	0
0	0	0	2	7	0	2	0	1	7	0	0	0	0	0	7	0	0	0	0	0	0	0	3	2	0	0
0	0	0	0	0	0	0	0	0	0	0	0	0	0	0	0	1	0	0	0	0	29	0	0	0	0	0
0	0	0	0	0	0	0	0	0	0	0	0	0	0	0	0	15	0	0	0	0	14	0	0	0	3	0
0	0	0	0	0	0	0	0	0	0	1	0	1	0	0	0	0	0	0	0	0	8	9	10	0	0	0
0	0	0	0	0	2	0	0	1	1	0	0	0	0	0	8	0	0	0	0	0	0	0	13	5	0	1
6	6	27	23	29	22	16	10	11	17	38	7	4	22	5	42	142	7	3	0	27	0	128	173	149	99	85
0	0	0	0	0	0	0	0	0	0	0	0	0	0	0	0	3	0	0	0	0	0	1	2	1	0	3
13	34	1	35	6	9	3	9	1	42	17	18	1	23	5	9	257	9	11	0	27	89	54	10	52	98	1
0	0	0	0	0	0	0	0	0	0	0	0	0	0	0	0	7	0	0	0	0	7	0	787	0	425	1
0	1	0	0	0	0	0	0	0	0	0	0	0	0	0	0	0	1	0	0	0	1128	0	0	0	1	0
11	36	0	1	0	0	0	1	34	80	0	1	0	0	0	0	0	1	0	0	0	3	96	0	1	2	46
795	0	0	0	0	0	0	0	0	0	0	0	0	0	0	0	0	0	0	17	0	18	0	1	0	0	1
0	0	22	18	41	0	12	11	11	19	40	32	14	0	17	106	139	0	55	10	0	191	16	105	19	0	141
0	5	0	0	0	0	0	0	2	0	0	0	0	0	0	4	8	0	3	514	0	1	0	15	0	0	0
22	0	2	0	72	6	10	15	6	0	20	76	61	0	0	0	0	219	256	0	0	75	1	0	0	0	39
0	0	0	0	0	0	0	0	0	0	0	0	0	0	0	0	6	0	0	0	0	8	0	2	0	4	0
0	0	0	0	0	0	0	0	0	0	0	0	0	0	0	0	4	0	0	0	0	16	0	0	0	0	0
0	0	2	0	0	0	0	0	0	0	1	1	1	0	0	0	0	0	1	0	0	0	3	3	0	0	1
0	0	0	0	0	4	0	1	0	5	0	0	0	0	3	0	0	0	0	0	0	0	5	2	0	0	0
2	0	0	0	1	0	0	3	0	0	0	1	0	0	2	0	0	0	2	0	0	0	2	2	0	0	0
0	0	0	0	0	0	0	0	0	0	0	0	0	0	0	0	4	0	0	0	0	3	0	0	0	3	0
0	0	0	0	0	2	0	0	0	0	4	0	0	2	4	0	0	2	1	0	5	0	0	23	11	0	0
0	1	0	0	0	0	0	0	0	0	0	0	0	6	0	0	0	0	0	0	0	0	0	4	0	0	16
0	0	0	0	0	0	0	0	0	0	0	0	0	0	0	0	4	0	0	0	0	7	0	2	0	1	0
0	0	0	0	0	0	0	0	0	0	0	0	0	0	0	0	7	0	0	0	0	0	3	2	1	0	1
0	0	0	7	16	0	0	5	0	0	0	0	0	0	0	0	0	0	0	0	0	0	3	0	162	0	0
0	0	0	0	0	0	0	0	3	0	0	0	0	0	0	0	0	0	0	0	0	0	0	1	0	0	145
0	1	0	0	0	0	1	0	45	4	0	0	0	0	0	0	0	0	0	0	2	1	0	0	0	0	21
1	6	0	0	0	0	0	1	0	13	0	0	0	0	0	0	0	1	0	0	0	0	0	0	0	0	42
0	0	0	0	0	0	0	0	0	0	0	0	0	0	0	0	33	0	0	0	0	15	27	30	24	52	16
0	1	0	0	0	8	0	3	0	0	2	3	0	0	5	0	0	0	4	8	4	0	0	28	0	0	0
0	0	0	0	0	0	1	0	0	188	0	0	0	0	5	0	0	0	0	0	0	0	2	0	0	0	0
0	0	0	0	56	0	7	0	0	0	0	0	0	0	0	0	0	0	0	0	0	0	126	2	0	0	0
0	58	1	0	0	1	0	4	0	0	0	0	0	0	0	1	0	3	0	0	0	22	0	0	0	0	645
21	8	18	46	33	68	43	14	15	38	31	2	13	15	39	29	363	14	25	0	17	0	111	71	313	288	7
0	6	0	0	1	0	0	4	32	63	0	0	0	0	0	2	0	7	0	1	0	3	1	0	0	0	38
0	0	0	0	195	0	14	0	0	63	0	0	77	0	0	0	0	0	0	0	0	0	11	1754	0	0	0
0	0	0	0	0	0	0	0	0	0	0	0	0	0	0	0	0	0	0	0	0	0	258	0	0	1937	0
0	12	1	0	0	0	13	3	209	112	2	1	0	0	0	0	0	0	1	0	0	0	0	0	0	0	2019
0	0	1	0	6	3	5	0	0	0	0	0	13	0	0	0	1711	0	0	0	0	0	1	6	0	0	870
0	0	4	63	77	40	169	125	49	169	0	80	12	0	159	6	0	0	0	0	0	0	422	501	679	0	2
0	0	1	0	0	2	2	0	0	1	0	0	0	0	0	0	0	0	0	0	0	0	116	0	50	1419	90
0	0	36	46	14	5	36	7	11	52	39	14	2	0	43	98	458	0	0	0	0	0	186	109	220	0	21
0	0	0	1	0	0	0	1	0	1	0	0	0	0	0	0	0	0	0	0	0	0	5	0	2	0	0
0	0	0	0	0	0	0	0	1	11	0	0	0	0	0	0	0	0	0	0	0	0	0	0	0	0	0
0	4	0	0	0	0	1	0	1	2	0	0	0	0	2	1	30	0	0	0	0	0	0	0	0	6	0
1	0	0	0	1	2	0	3	0	0	3	2	0	0	1	1	13	1	0	1	3	0	7	2	0	0	3
0	0	0	0	0	0	0	0	0	0	0	0	0	0	0	0	1	0	0	0	0	0	0	0	55	0	0
0	0	0	0	0	0	0	0	0	0	0	0	0	0	0	0	0	0	0	0	0	55	0	0	0	0	0
0	0	0	0	0	0	0	0	0	0	0	0	0	0	0	0	0	0	0	0	0	0	0	51	0	0	0
0	0	5	6	3	2	0	4	0	3	1	0	4	0	0	2	0	0	0	0	0	0	4	2	4	0	1
0	0	0	0	0	0	2	0	1	0	0	0	0	1	1	0	1	0	0	0	19	7	8	0	0	0	1
0	4	0	0	0	0	0	0	0	0	0	0	1	0	0	1	7	0	0	2	1	2	6	0	3	3	0
0	0	0	0	0	0	1	0	1	0	2	0	0	0	0	0	0	0	2	0	8	0	0	8	1	0	2
3	0	0	1	4	1	0	2	0	2	2	1	3	0	2	1	0	7	1	0	0	0	6	4	3	0	1
0	0	1	0	2	0	0	1	0	1	0	0	0	0	0	1	0	0	0	0	0	0	0	5	0	0	0
0	0	0	0	0	0	0	0	0	0	0	0	0	0	0	0	0	18	0	0	0	0	0	0	0	0	0
0	0	0	5	4	0	2	4	0	5	0	0	0	0	0	0	0	0	0	0	0	0	1	0	0	0	0
0	23	0	0	0	0	3	0	0	0	2	0	0	0	0	0	0	0	0	0	0	0	0	0	0	0	0
7	0	0	0	0	0	0	0	0	0	0	0	0	0	0	0	0	0	1	0	0	5	0	0	0	0	0
0	0	0	1	0	1	5	4	0	0	0	1	1	0	1	0	0	0	0	0	0	0	4	4	7	0	0
0	0	0	0	0	1	0	0	0	1	1	0	0	0	0	0	6	2	0	0	3	0	1	0	2	4	1
0	0	0	0	0	5	0	0	0	0	0	9	0	0	0	0	0	0	0	0	0	0	9	0	1	0	0
0	0	0	0	0	2	0	0	0	0	0	0	0	0	0	0	0	0	0	0	0	0	0	26	0	0	0
0	0	0	0	0	0	0	0	0	0	0	0	0	0	0	0	0	0	1	0	23	0	0	0	0	0	0
0	0	0	0	0	0	0	0	3	0	0	14	0	0	0	0	0	0	0	0	0	0	0	8	0	0	0
1	0	0	0	1	0	0	0	0	0	0	0	0	0	0	0	5	0	0	0	0	0	0	0	2	1	0
0	0	0	0	0	0	0	0	0	0	0	0	0	0	0	0	0	0	0	0	0	10	0	0	0	0	0
0	0	0	0	0	0	0	0	0	0	0	0	0	0	0	0	0	0	0	1	0	0	0	0	0	0	0
0	0	0	0	0	0	0	0	0	0	0	0	0	0	0	0	8	0	0	0	0	1	0	0	1	0	0
0	0	0	0	0	0	0	0	0	0	0	0	0	0	0	0	0	1	0	0	0	0	0	10	0	0	0
0	0	0	0	0	0	0	0	0	0	0	0	0	0	0	0	2	1	0	0	0	7	0	0	0	0	0
0	0	1	0	0	0	0	0	0	1	0	0	1	0	1	0	0	0	0	0	0	0	5	0	1	0	0
0	0	0	0	0	0	0	0	0	0	0	0	0	0	9	0	0	0	0	0	0	0	1	0	1	0	0
0	0	1	0	0	0	0	0	0	0	0	0	0	0	0	0	2	0	0	0	0	0	5	0	2	0	0
0	0	0	0	0	0	0	0	0	0	0	0	0	0	0	0	0	0	0	0	0	0	0	0	0	0	10
0	0	0	0	0	0	0	0	0	1	0	0	0	0	0	0	0	0	0	0	0	0	2	2	5	0	0
0	0	0	0	1	0	0	0	0	0	0	0	0	0	0	8	40	0	0	0	0	0	0	1	1	0	0
1	0	0	0	1	1	0	0	0	0	0	0	0	0	0	1	3	1	0	0	0	0	16	9	2	8	3
0	0	0	0	0	1	0	0	0	2	3	0	0	0	0	0	0	0	3	0	30	0	0	0	0	0	0
0	0	0	0	0	0	0	0	0	0	0	0	0	0	0	0	0	1	5	0	0	0	0	7	0	0	0
0	0	0	0	0	0	0	0	0	0	0	1	0	0	5	0	0	0	0	0	0	0	0	0	0	0	43
0	0	0	0	0	0	0	9	0	0	0	0	0	0	0	0	0	2	0	0	0	0	0	0	0	0	24
0	0	0	0	0	0	0	1	0	12	0	0	0	0	0	0	0	1	0	0	0	0	0	0	0	0	0
0	3	2	1	0	2	0	1	1	2	0	1	0	2	2	3	1	0	1	0	2	7	0	0	7	0	3
0	0	0	0	0	0	0	3	0	1	1	2	0	0	0	0	272	1	0	0	2	0	60	0	57	0	2
0	0	16	39	105	0	1	144	0	0	0	0	0	0	0	37	0	0	0	0	0	0	37	0	0	0	0
4	0	0	0	0	0	0	0	0	0	0	0	0	0	0	0	0	0	0	0	0	19	0	0	0	0	0
1	0	1	1	0	2	0	0	0	0	0	0	0	0	0	5	0	0	0	0	0	0	5	4	3	0	0
0	0	0	0	0	0	0	0	0	0	0	0	0	0	0	0	0	0	0	0	0	1	5	32	22	61	33
0	0	0	0	0	0	0	0	0	0	0	0	0	0	0	0	0	0	0	0	0	0	0	0	0	0	9
0	0	1	0	0	0	2	1	0	0	0	0	0	0	0	0	0	0	18	0	55	0	0	0	0	0	0
4	14	1	0	0	0	0	0	2	0	17	1	5	0	18	0	22	5	13	46	115	43	0	12	0	6	7
0	0	0	17	0	252	0	66	0	0	0	0	0	0	0	0	0	0	0	0	0	0	0	0	0	0	0
0	0	0	0	0	0	1	0	0	69	0	0	0	0	0	0	0	0	0	0	0	0	0	0	0	0	84
0	0	2	9	0	0	15	3	5	28	31	0	0	0	0	20	0	0	0	0	0	0	22	0	0	0	0
0	13	0	0	0	0	0	0	0	0	0	0	0	0	0	0	0	0	0	0	1	0	0	0	0	0	0
0	0	0	0	0	0	0	0	0	0	0	0	0	0	0	1	2	0	0	0	0	0	0	0	2	8	0
0	0	13	0	0	0	0	0	0	0	0	0	0	0	1	0	0	0	0	0	0	0	0	0	0	0	0
0	0	0	0	0	0	0	0	0	0	0	0	0	0	0	0	5	0	0	0	0	4	0	2	0	2	0
0	0	0	0	0	0	0	0	0	0	0	0	0	0	0	0	0	0	0	0	0	0	1	0	0	0	0
0	0	0	0	0	0	0	0	0	0	0	0	2	0	0	0	2	2	0	0	0	0	2	0	1	1	0
0	0	0	0	0	1	0	0	0	0	0	1	0	0	0	1	0	0	0	0	0	0	5	2	3	0	0
0	0	0	0	0	0	0	0	0	0	0	0	0	0	0	0	0	0	0	0	0	14	0	0	0	0	0
0	0	0	0	0	0	0	0	0	0	0	0	0	0	0	0	6	0	0	0	0	24	0	0	0	1	0
0	0	0	0	6	0	0	0	4	0	0	0	0	0	0	0	0	0	0	0	0	0	0	0	0	0	0
0	0	0	0	0	2	0	2	0	0	0	0	0	0	0	0	0	0	0	0	0	0	0	0	1	23	0
0	0	0	0	0	0	0	1	0	0	0	0	0	0	0	0	0	0	0	0	0	0	0	0	0	0	28
0	0	0	15	0	0	0	0	0	0	0	0	0	0	0	0	0	0	0	0	0	0	0	0	0	0	0
0	0	0	0	0	0	0	0	0	16	1	0	0	0	0	0	0	0	0	0	0	0	0	0	0	0	2
0	0	0	0	0	0	0	0	0	0	0	0	0	0	0	0	0	0	0	0	0	30	0	0	0	0	0
1	0	2	0	2	0	0	2	0	1	1	1	0	0	1	2	0	0	0	0	0	0	1	3	3	0	1
0	0	0	0	0	0	0	0	0	0	0	0	0	0	0	0	0	0	0	0	0	0	0	0	0	0	10
0	0	0	0	0	0	0	0	0	0	0	0	0	0	0	0	0	0	0	0	0	3	2	1	0	5	0
0	0	0	0	0	0	0	0	0	0	0	0	0	0	0	0	1	0	0	0	1	37	0	0	1	1	0
0	0	0	0	0	0	0	0	0	0	0	0	1	0	0	0	10	0	0	0	0	1	0	0	0	0	0
0	0	0	0	0	0	0	11	0	6	0	0	21	0	0	0	0	0	0	0	0	0	0	0	0	0	0
0	37	0	0	0	0	0	0	0	0	0	0	0	0	0	0	0	0	0	0	0	0	0	2	0	0	0
0	44	0	0	0	0	0	0	0	0	0	0	0	0	0	0	0	0	0	0	0	0	0	0	0	0	0
0	0	0	0	0	0	0	0	0	0	0	0	0	0	0	0	0	0	0	0	0	46	0	0	0	0	0
0	0	0	2	0	0	0	1	0	0	1	0	1	0	0	0	0	0	0	0	6	0	4	0	14	0	0
0	0	0	0	0	1	0	0	0	0	0	0	1	1	0	0	2	0	0	0	0	0	1	0	0	2	0
0	0	0	0	0	0	0	0	0	0	0	0	0	0	0	0	0	0	0	0	0	0	0	0	0	0	10
0	0	0	0	1	0	0	0	0	0	0	0	0	0	0	1	0	0	0	0	0	14	1	1	0	0	0
0	0	0	0	0	0	0	0	0	0	0	0	0	0	0	0	4	0	0	0	0	4	0	1	0	2	0
1	0	0	1	0	0	0	1	0	1	1	0	2	0	0	0	0	1	1	0	0	0	3	2	0	0	1
0	0	0	0	0	0	0	0	2	0	0	0	0	0	0	0	0	0	0	0	0	0	0	0	0	0	10
0	0	0	0	0	0	0	0	0	0	0	0	0	0	0	0	5	0	0	0	0	4	0	1	0	2	0
0	0	0	0	0	0	0	0	0	0	0	0	1	0	0	0	1	0	0	0	0	0	8	0	0	0	7
0	0	0	0	0	0	0	0	0	0	0	0	0	0	0	0	7	0	0	2	0	0	0	0	0	0	0
0	26	0	0	0	0	0	0	0	0	0	0	0	0	0	0	0	0	0	0	0	0	0	0	0	0	0
0	0	0	0	0	0	0	0	0	0	0	0	0	0	0	0	0	0	1	0	17	0	0	0	0	0	0
0	0	0	0	0	1	0	0	1	0	4	0	1	2	3	0	0	0	1	0	0	0	8	0	0	0	0
1	0	0	0	0	0	0	0	0	0	0	0	0	0	0	0	24	0	0	0	0	0	1	0	0	0	0
0	0	0	0	0	0	0	0	0	0	0	11	0	0	0	0	0	0	0	0	0	9	2	0	3	0	0
0	2	0	0	0	0	0	0	0	0	0	0	0	0	0	0	2	0	0	0	0	0	0	0	0	1	0
0	0	0	0	0	0	0	0	0	0	0	0	0	1	0	0	0	0	0	0	0	1	1	0	2	4	0
0	0	0	0	0	0	0	0	0	0	0	0	0	0	0	0	39	0	0	1	0	0	0	0	0	0	0
0	0	0	0	0	0	0	0	0	0	0	0	0	0	0	0	5	0	0	0	0	8	0	0	1	1	0
0	0	0	0	0	0	0	0	0	0	0	0	0	0	0	0	0	0	0	0	0	0	10	0	0	0	0
0	0	0	0	0	0	0	0	0	0	0	0	0	0	0	0	0	0	0	0	0	0	0	0	0	11	0
0	0	0	0	0	0	0	0	0	0	0	0	0	0	0	1	7	0	0	0	0	0	0	1	1	1	0
0	0	0	0	0	0	0	0	1	0	0	0	0	0	0	0	0	0	0	0	0	0	0	0	0	0	9
0	2	0	0	0	8	0	0	0	0	0	13	0	0	0	0	0	0	3	0	2	0	0	0	0	0	0
0	0	0	0	0	0	0	0	2	0	22	0	0	0	0	2	0	0	2	0	0	0	0	9	0	0	0
0	0	0	0	0	0	0	0	0	0	0	0	0	0	0	0	41	0	0	0	0	0	0	0	0	0	0
0	0	0	0	0	0	0	0	0	5	0	0	0	0	0	0	35	0	0	0	0	0	4	0	0	0	0
0	0	0	0	0	0	0	0	0	0	0	0	0	0	0	0	0	0	0	0	0	42	0	1	0	0	0
0	0	0	0	0	0	0	0	2	0	0	0	0	0	0	0	0	0	0	29	1	0	0	0	0	0	0
0	0	0	0	0	0	0	0	0	0	0	0	0	0	0	1	4	0	0	0	0	0	4	5	11	3	0
0	0	0	1	1	0	2	1	0	0	0	0	0	3	0	2	0	0	0	0	0	0	14	0	8	0	0
0	0	0	0	0	0	0	0	0	0	0	0	0	0	0	0	0	0	0	0	0	0	0	43	0	0	0
0	0	0	0	2	0	0	0	0	0	0	0	0	0	0	0	0	0	0	0	0	0	0	6	1	0	0
0	0	0	0	0	0	0	0	0	0	0	11	0	0	0	0	0	0	0	0	0	0	0	0	0	0	0
0	0	1	0	3	0	0	0	0	0	0	0	1	0	1	0	0	0	0	0	0	0	3	2	1	0	0
0	0	0	0	0	0	0	0	1	0	0	0	0	0	0	0	0	0	0	0	0	0	0	0	0	0	10
0	0	0	0	0	0	0	0	0	0	0	0	0	0	0	0	0	0	0	0	0	0	12	0	0	0	0
0	0	0	0	0	0	0	0	0	0	0	0	0	0	0	0	7	0	0	1	0	1	0	0	0	0	0
0	0	0	0	0	0	0	0	0	0	0	0	0	0	0	0	0	0	0	0	0	12	0	0	0	0	0
0	0	0	0	0	0	0	0	0	0	0	0	0	0	0	0	13	0	0	0	0	0	0	0	0	0	0
0	0	1	0	0	0	0	2	0	4	0	0	0	0	1	2	0	0	0	0	0	0	1	1	1	0	0
0	0	1	0	1	0	0	0	0	0	1	0	0	0	0	0	0	0	0	0	0	0	7	0	0	0	0
0	0	1	1	0	0	1	0	0	0	1	1	1	1	0	1	0	0	1	0	0	0	0	0	0	0	0
0	0	1	1	0	0	2	1	1	2	1	1	0	1	1	2	5	1	0	0	1	0	4	4	1	0	6
0	0	9	0	6	0	0	0	0	0	0	11	24	0	0	1	0	0	0	0	0	0	0	0	9	0	0
0	5	0	1	0	0	0	1	0	1	0	0	0	0	0	0	0	0	0	0	20	0	0	0	0	0	0
0	0	2	7	0	0	0	4	0	3	0	0	0	0	0	0	0	0	0	0	0	0	0	0	0	0	0
0	6	0	0	0	0	0	0	0	0	0	0	0	0	0	0	0	3	0	0	0	32	0	0	0	0	0
0	0	0	0	0	0	0	0	0	0	0	0	0	0	0	0	29	0	0	0	0	23	1	2	1	4	1
0	0	0	0	0	0	0	0	0	0	0	0	0	0	0	0	3	0	0	0	0	0	31	2	21	2	2
0	0	0	0	0	0	0	0	0	0	0	0	0	0	0	0	0	0	0	0	0	0	1	0	0	58	0
0	0	0	1	1	0	1	2	2	3	0	4	0	0	0	0	5	0	1	0	0	0	4	0	32	0	0
3	0	1	6	12	3	3	7	0	6	12	15	9	6	8	9	0	3	3	4	5	17	16	88	14	0	7
0	0	4	1	6	0	0	0	0	0	61	0	2	0	1	0	0	0	0	0	0	0	0	11	2	0	0
0	0	0	0	0	0	0	0	0	0	0	0	0	0	0	0	10	0	0	0	0	10	1	2	0	4	0
0	2	0	0	0	0	0	0	0	0	0	0	0	1	0	0	4	0	1	0	0	1	0	0	0	5	0
3	0	1	1	0	0	0	1	0	1	0	0	2	0	0	1	0	1	2	0	0	0	3	3	2	0	0
0	1	0	0	0	0	5	0	0	0	24	1	16	6	1	1	0	43	0	20	47	0	0	0	0	0	10
1	35	0	0	0	0	0	0	0	0	0	0	0	0	0	0	1	0	0	1	0	352	0	0	0	3	0
0	3	0	0	0	0	1	0	0	59	0	0	0	0	0	0	0	0	0	0	0	3	0	0	0	0	220
3	19	0	0	0	0	0	0	13	7	0	1	0	0	0	0	0	1	0	0	0	4	0	0	0	2	13
0	0	0	0	0	0	0	0	0	0	0	0	0	0	0	0	0	0	0	0	0	0	0	0	0	0	27
0	0	0	0	0	0	0	0	0	0	0	0	0	0	0	0	0	0	0	0	21	0	1	0	0	0	0
1	0	0	1	0	1	0	2	0	2	0	1	1	0	1	2	0	3	0	0	0	0	2	2	0	0	1
0	0	0	0	0	3	0	7	0	3	0	0	8	0	0	0	0	0	0	6	0	0	0	0	0	213	0
0	0	2	0	0	0	0	0	0	2	0	2	1	0	0	1	0	0	0	0	0	0	2	0	0	0	0
0	0	0	0	0	0	0	0	0	0	0	0	0	0	0	0	5	0	0	0	0	4	0	0	0	1	0
0	0	0	0	0	0	0	0	0	0	0	0	0	0	0	0	3	0	0	0	0	3	0	0	0	4	0
0	0	0	0	0	0	0	0	0	0	0	0	0	0	0	0	8	0	0	0	0	3	0	1	1	1	0
0	0	2	0	1	0	0	1	0	1	0	0	1	0	0	2	0	0	0	0	0	0	2	1	1	0	0
0	36	7	6	2	7	3	5	0	15	9	7	7	0	6	54	0	0	0	0	0	0	1	36	17	0	118
0	0	0	1	3	2	6	3	2	3	3	2	0	0	0	0	0	0	0	0	0	0	37	57	37	0	9
0	0	0	0	0	0	0	0	0	0	0	0	0	5	0	0	0	1	0	0	0	0	0	0	0	16	0
1	0	0	2	0	0	0	3	0	0	2	0	0	0	0	1	0	4	1	0	0	0	2	4	0	0	1
0	0	0	0	0	0	0	1	4	0	0	0	0	0	0	0	0	1	0	0	0	0	0	0	0	0	356
0	0	1	2	0	1	0	3	0	0	0	1	1	0	1	0	0	0	0	0	0	0	2	0	3	0	0
0	0	0	0	0	0	0	0	0	0	0	0	0	0	0	0	1	0	0	0	0	0	5	0	9	0	1
0	0	2	0	0	0	0	0	0	0	1	0	0	0	0	2	0	1	2	0	0	0	0	4	0	0	0
0	0	0	0	0	0	0	0	0	0	0	0	0	0	0	0	2	0	0	0	0	6	0	5	0	3	0
0	0	0	0	0	0	0	0	0	0	0	0	0	0	0	0	0	0	0	0	0	0	0	0	0	0	15
3	0	0	0	0	0	0	0	0	0	0	0	0	0	0	0	3	0	0	0	0	9	0	0	0	0	0
0	0	0	0	0	0	0	0	0	0	0	0	0	0	0	0	15	1	0	0	0	0	0	0	0	0	0
0	3	0	0	4	14	3	3	0	14	2	11	2	10	2	4	37	8	8	0	3	0	36	54	38	0	2
1	12	0	0	0	0	1	0	4	9	0	0	0	0	0	0	0	0	0	0	0	2	6	0	1	0	449
0	9	1	0	0	3	5	6	18	31	10	39	0	0	13	0	0	0	6	20	0	0	57	58	0	0	43
16	0	0	0	1	1	3	1	0	3	15	1	9	0	12	0	221	2	0	7	1	0	2	13	21	76	2
83	0	0	0	0	0	0	0	0	0	0	0	0	40	0	0	1	17	0	0	41	0	1	0	0	0	0
0	0	0	0	0	0	0	0	470	2	0	0	0	0	0	0	0	0	0	0	0	0	0	0	0	0	0
57	0	0	37	0	1	0	5	0	0	4	0	0	0	9	0	0	0	0	0	0	0	0	0	0	0	0
0	0	9	28	0	15	50	13	11	45	0	9	5	0	28	32	0	0	0	0	0	0	103	58	24	0	0
0	30	0	0	0	0	10	0	0	2	0	0	1	0	0	0	0	0	0	0	9	4	134	228	0	0	2
0	0	0	0	0	0	0	0	0	0	0	0	0	0	0	0	0	0	0	0	0	0	0	0	0	0	707
1	0	2	19	10	48	26	23	31	35	2	0	5	0	2	129	0	2	2	0	0	0	119	4	1	0	1
0	3	0	0	0	2	11	1	0	51	3	0	0	0	0	0	344	3	0	2	11	3	56	69	55	0	2
0	0	0	0	0	0	0	7	0	88	61	1	2	0	0	0	0	0	2	40	0	0	209	0	0	0	0
19	2	12	0	1	1	2	3	4	4	0	0	0	0	0	7	588	0	0	0	0	0	59	1	0	0	0
1	0	0	0	0	0	0	0	1	0	0	0	0	0	0	0	0	0	2	13	3	0	0	144	7	0	0
0	7	7	2	71	15	0	3	0	6	0	0	0	131	1	180	122	0	17	34	0	16	3	40	4	0	0
0	0	46	0	35	10	1	0	19	25	4	11	9	0	0	9	0	0	0	0	0	0	0	503	38	0	0
0	0	0	0	0	0	0	7	0	0	0	8	0	0	0	0	0	0	25	0	0	0	0	0	369	0	0
0	0	86	75	13	4	15	66	0	14	0	0	0	0	0	11	0	0	0	0	0	0	90	23	0	0	270
0	0	0	0	0	0	0	0	0	0	0	0	0	0	0	0	0	0	0	0	0	0	7	0	5	0	0
0	0	0	0	0	0	1	0	4	0	0	0	0	0	0	0	0	0	0	0	0	0	5	1	0	0	0
0	0	0	0	0	0	0	0	0	0	0	0	0	0	0	0	2	0	0	0	0	10	0	0	0	0	0
0	0	1	0	0	0	0	0	0	0	0	0	0	0	0	0	0	0	0	0	0	0	0	8	2	0	0
0	0	0	0	0	0	0	0	0	0	0	0	0	0	0	0	26	0	0	0	0	0	0	0	0	0	7
0	0	2	1	0	6	0	0	0	0	0	1	4	0	1	0	3	0	0	0	0	0	0	15	0	0	0
0	0	0	0	2	1	0	0	0	1	0	1	0	0	0	0	6	0	0	0	0	0	6	4	1	0	0
0	0	0	1	0	1	0	3	1	1	2	1	1	0	0	1	0	4	4	0	0	0	1	5	0	0	0
1	0	0	15	0	0	0	0	0	0	0	0	0	0	0	0	0	0	0	0	0	0	0	0	0	2	0
1	0	1	1	3	0	0	1	0	2	2	1	0	0	0	4	0	2	0	0	0	0	1	4	1	0	0
0	7	0	0	0	0	0	0	0	1	2	0	11	0	0	0	0	0	0	0	0	0	0	4	0	7	0
1	0	1	0	0	0	0	0	2	0	1	0	0	1	0	0	7	0	0	0	0	0	0	1	9	6	0
0	1	0	0	0	0	0	1	0	29	0	0	0	0	0	0	0	0	0	0	0	0	0	0	0	0	3
3	0	1	3	4	0	1	1	0	1	0	0	0	0	1	0	0	0	2	0	0	0	2	5	3	0	0
0	1	0	0	0	0	0	0	0	0	0	0	0	0	0	0	1	0	0	0	0	8	0	0	0	0	0
0	0	0	0	0	0	0	0	0	0	0	0	0	0	0	0	2	0	0	0	0	8	0	0	0	0	0
0	0	0	0	0	0	0	0	0	0	0	0	0	0	0	0	0	0	0	0	0	0	0	0	20	0	0
0	0	0	0	0	0	0	0	0	0	0	0	0	0	0	0	0	0	0	0	0	0	0	0	0	0	10
0	0	0	0	3	0	1	0	0	0	0	0	0	0	0	0	0	0	0	0	0	0	0	0	0	0	0
2	0	0	1	2	0	0	1	0	1	1	0	1	0	0	0	0	2	0	0	0	0	0	0	1	0	0
0	0	0	0	0	0	0	0	0	0	0	0	0	0	0	0	0	0	0	0	0	0	15	0	0	0	0
0	0	0	1	0	0	0	1	0	1	0	0	1	0	0	0	2	0	1	0	0	0	0	0	0	0	0
0	0	0	0	0	0	0	0	0	0	0	0	0	0	0	0	7	0	0	0	0	5	0	3	0	1	0
141	21	55	45	40	64	37	85	11	115	69	13	29	71	3	127	511	39	23	0	1	103	427	33	1123	2056	8
0	0	0	0	0	0	0	0	0	0	0	0	0	0	0	0	0	0	0	0	0	0	0	15	0	0	0
0	0	0	0	0	0	0	0	0	0	0	0	0	0	0	0	4	0	0	0	0	4	0	0	0	0	2
0	0	0	0	0	0	0	0	0	0	0	0	0	0	0	0	0	5	1	0	0	0	0	0	0	0	0
6	0	0	0	0	0	0	0	0	0	0	0	0	0	0	0	0	0	0	0	0	28	0	0	0	0	0
0	0	1	0	0	0	4	0	0	5	0	2	0	0	3	1	4	2	0	0	0	0	14	10	0	0	2
1	0	0	0	0	2	0	0	0	1	4	4	2	0	1	1	10	0	0	0	6	0	0	2	15	3	1
0	0	0	0	0	0	0	0	0	0	0	0	0	0	0	0	3	0	0	0	0	42	0	2	0	22	0
0	1	0	0	0	0	0	0	0	1	0	0	0	0	0	0	2	0	0	9	0	22	0	0	2	9	1
0	1	0	0	0	0	0	0	0	0	0	0	0	0	0	0	4	0	0	1	0	0	0	3	0	23	0
3	0	2	0	1	0	0	2	0	0	2	0	1	3	0	5	8	0	0	0	1	0	1	9	2	0	0
6	1	0	0	0	0	0	0	0	0	0	0	0	0	0	0	14	0	0	3	0	10	0	0	0	0	0
1	0	1	0	1	1	0	0	0	0	3	0	0	1	0	3	16	0	0	0	0	1	0	4	7	18	0
0	0	0	0	0	0	0	0	0	2	5	0	0	0	0	1	0	0	0	0	0	0	3	1	0	0	0
0	0	1	0	1	0	0	0	1	0	2	0	0	0	0	0	0	0	0	0	0	0	8	0	0	3	0
0	0	1	0	0	1	0	2	0	2	1	0	2	0	0	1	0	1	2	0	0	0	2	2	1	0	0
0	0	0	0	0	0	0	0	0	0	0	0	0	0	0	0	9	0	0	0	0	11	0	0	0	5	0
0	0	0	1	0	0	0	0	0	1	0	0	0	0	0	1	0	3	2	0	0	1	5	2	2	0	1
1	0	1	1	0	0	1	2	0	2	1	1	0	0	1	1	0	2	2	0	0	0	2	1	2	0	0
1	0	0	1	0	0	0	0	0	1	0	0	0	0	0	1	0	2	0	0	0	0	5	5	1	0	1
0	0	2	0	0	0	7	0	9	0	0	1	0	0	0	0	0	0	0	0	0	0	0	1	0	0	0
0	0	0	0	0	0	0	0	0	0	0	0	3	0	7	1	0	0	0	0	0	0	0	0	13	0	0
1	0	1	1	0	0	0	2	1	0	0	1	2	0	2	0	0	0	2	0	0	0	3	1	1	0	2
0	0	0	0	0	0	0	0	0	0	0	0	15	0	0	0	0	12	0	0	7	0	158	0	2	0	1
0	0	26	20	20	17	3	18	3	0	0	16	17	0	0	3	0	0	0	0	0	0	57	0	0	0	0
1	9	0	0	0	0	0	1	12	1	0	0	0	0	0	0	0	0	0	1	0	0	0	0	0	0	3
0	0	0	0	0	0	0	0	12	0	0	0	0	0	0	0	0	0	0	0	0	0	0	0	0	0	248
0	0	0	33	4	30	0	13	3	0	0	0	0	0	0	0	52	0	2	0	0	2	0	0	0	0	0
0	0	0	0	0	0	0	0	0	0	0	0	0	0	0	0	0	0	0	0	0	0	0	0	0	154	0
2	12	0	0	2	1	2	0	0	1	8	0	0	10	2	3	5	1	1	7	3	36	10	14	13	3	1
0	2	1	0	0	0	0	0	0	1	0	1	0	2	1	0	0	0	0	0	0	0	0	0	0	0	0
0	0	1	0	1	0	0	0	0	0	0	1	0	0	0	1	0	0	0	0	0	0	1	2	3	0	0
0	0	1	1	0	0	0	0	0	0	0	1	1	0	0	1	0	0	1	0	0	0	3	1	2	0	0
0	1	0	0	0	0	0	0	0	0	0	0	0	0	0	0	3	0	0	0	0	6	0	0	0	2	0
0	0	0	0	1	0	0	0	0	1	0	0	1	0	0	0	0	0	0	0	0	0	1	8	0	0	0
0	0	0	0	0	0	0	0	0	0	0	0	0	0	0	0	0	0	0	0	0	0	0	0	0	0	40
1	0	0	0	3	1	1	2	0	5	0	1	1	0	0	0	2	0	0	0	1	0	0	2	6	0	1
0	0	7	0	0	0	0	0	0	0	0	0	0	0	0	0	1	0	0	5	1	3	0	0	0	1	4
0	0	0	0	0	0	0	0	0	0	0	0	0	0	0	0	19	0	0	0	0	1	0	1	0	15	0
0	0	0	0	0	0	0	0	0	7	0	0	0	0	25	0	0	0	0	0	0	0	0	0	0	0	0
0	0	0	0	0	0	0	0	0	0	0	0	0	0	0	0	0	0	0	0	0	17	0	0	3	3	13
1	0	2	0	0	1	0	1	0	1	1	0	2	0	1	3	0	3	1	0	0	0	3	5	2	0	0
0	0	0	0	0	0	0	0	0	0	0	0	0	0	0	0	0	0	0	0	0	36	0	0	0	0	0
0	0	1	2	2	0	1	3	0	2	1	0	0	0	0	1	0	1	3	0	0	0	5	4	2	0	0
0	0	0	0	0	0	0	0	0	0	0	0	0	0	0	0	0	0	0	0	0	5	0	3	0	26	2
0	0	3	0	3	0	0	0	1	0	0	0	0	2	0	1	0	0	3	0	0	0	0	0	0	11	8
0	0	1	0	0	0	0	1	0	0	0	0	0	0	0	0	1	0	0	0	0	0	1	0	2	4	0
0	0	0	0	0	0	0	0	0	0	0	0	0	0	0	0	0	0	0	0	0	0	0	5	3	4	3
0	0	0	0	0	0	0	0	0	0	0	0	0	0	0	0	0	0	1	0	0	11	1	1	0	0	0
0	0	0	1	0	0	0	0	0	0	0	0	0	0	1	1	3	0	0	0	0	1	0	0	0	3	0
0	0	0	0	0	0	0	0	0	0	0	0	0	0	0	0	0	0	0	0	0	0	62	0	0	0	0
0	0	0	0	0	0	0	0	0	0	0	0	0	0	0	0	0	0	0	0	0	0	1	2	7	0	0
0	0	1	0	0	3	0	2	0	0	0	0	0	0	1	0	55	0	0	0	0	0	2	0	1	0	0
0	0	0	0	0	0	0	1	0	1	2	0	0	0	0	0	12	0	1	0	0	0	0	22	0	0	0
0	1	1	0	2	4	2	1	0	1	5	0	0	0	1	0	1	0	0	0	2	0	14	4	0	0	5
0	0	26	0	5	0	1	4	1	11	0	0	0	0	0	0	0	0	0	0	0	0	0	0	0	0	0
0	0	0	0	0	0	0	57	0	0	0	0	2	0	0	0	0	0	0	0	0	0	1	0	1	0	0
0	0	0	4	7	0	4	0	0	0	0	0	0	0	0	44	0	0	0	0	0	0	0	0	0	0	0
0	0	0	0	0	0	0	0	1	0	0	0	0	18	0	0	0	34	0	0	7	0	1	0	0	0	9
1	0	0	0	0	0	0	0	0	1	2	0	0	0	0	0	1	1	0	0	0	0	11	6	12	246	0
1	2	2	0	3	3	7	2	2	8	4	5	0	0	2	2	12	3	1	0	20	0	40	18	93	0	10
2	2	1	0	2	2	1	2	3	13	6	1	1	0	2	1	83	0	1	3	10	0	0	12	28	0	0
0	0	0	0	0	0	0	1	2	16	25	6	0	0	0	0	0	0	28	0	1	0	0	0	0	0	0
41	4	0	0	0	0	0	0	0	0	0	0	0	0	0	0	0	0	2	31	0	168	0	0	0	0	1
0	2	1	0	0	0	0	3	244	25	1	0	0	0	0	0	0	0	0	0	0	0	0	0	0	0	35
0	0	0	0	0	0	0	0	0	2	0	0	0	0	0	0	0	0	0	0	0	1	0	0	0	0	223
15	0	0	0	4	5	0	1	0	4	6	1	3	1	12	0	131	2	1	0	0	0	3	9	34	0	17
0	0	0	0	0	0	0	0	0	0	0	0	0	0	0	0	24	0	0	0	12	0	0	0	0	0	0
0	0	0	2	0	0	0	0	0	1	0	0	0	0	0	0	1	0	0	0	0	1	0	0	3	3	0
0	0	0	0	0	0	0	0	0	0	0	0	0	0	0	0	0	0	0	0	0	0	0	0	0	0	10
0	0	0	0	0	0	0	0	0	0	0	0	0	0	0	0	6	0	0	0	0	0	0	0	0	0	6
0	0	0	0	0	0	0	0	0	0	4	0	0	0	0	0	0	0	0	0	1	0	0	0	5	1	0
1	0	0	0	0	0	0	0	0	0	1	0	0	0	0	0	1	0	0	0	0	1	1	0	2	3	0
0	0	0	0	0	0	0	0	0	0	0	0	0	0	0	0	0	0	0	0	0	12	0	0	0	0	0
0	0	0	0	0	0	0	0	0	1	0	0	0	1	0	0	1	0	0	0	0	0	0	0	2	5	0
0	0	0	0	0	0	0	0	0	0	0	0	0	0	0	0	5	0	0	0	0	4	0	0	0	3	0
0	0	0	0	0	0	0	0	0	0	0	0	0	0	0	0	6	0	0	0	0	4	0	0	0	4	0
0	0	2	1	5	1	0	1	0	0	0	0	1	0	0	0	0	0	0	0	0	0	0	0	0	0	0
1	0	0	1	0	0	0	0	0	1	1	0	0	0	0	1	0	2	1	0	0	0	0	2	0	0	0
0	0	0	0	1	0	0	1	0	0	2	0	0	0	0	0	0	2	2	0	0	0	2	2	0	0	0
0	0	0	16	0	0	0	0	0	0	0	0	0	0	0	1	0	0	0	0	0	0	0	0	0	0	0
0	0	0	2	0	0	0	0	5	10	0	0	0	0	0	3	0	0	0	0	0	0	0	0	0	0	0
0	0	0	0	0	0	0	0	0	0	0	1	0	0	0	0	0	0	0	0	0	0	0	33	0	0	0
0	1	0	0	0	0	1	0	0	0	0	0	0	0	0	0	0	0	0	0	0	1	23	0	0	0	8
1	1	0	0	0	0	0	0	2	0	0	0	0	0	0	0	7	1	0	0	0	8	0	0	0	2	0
0	0	1	0	0	0	0	0	0	0	1	0	0	0	0	0	0	1	0	0	0	0	3	13	0	13	0
0	0	0	0	0	0	0	0	0	0	0	0	0	0	0	0	0	0	0	0	0	0	0	0	34	5	0
0	0	0	0	0	0	0	0	0	0	0	0	0	0	0	0	0	0	0	0	0	0	0	6	3	18	11
2	0	0	2	2	2	0	1	0	0	1	0	0	0	0	2	0	4	0	0	0	0	3	3	5	0	0
0	0	8	10	5	6	5	4	9	7	6	15	0	0	9	7	0	0	0	0	0	0	59	11	0	0	9
0	0	0	0	0	0	0	0	1	0	0	14	0	0	0	0	0	0	0	0	0	0	0	0	0	0	0
0	0	0	0	0	0	0	1	0	0	0	0	1	0	0	0	0	2	1	0	0	0	2	1	2	0	0
0	0	2	1	0	1	0	2	0	1	0	0	3	0	0	1	0	0	0	0	0	0	1	0	0	0	0
0	0	2	0	0	0	0	0	0	0	0	0	3	0	0	0	0	0	0	0	0	0	1	7	2	0	0
15	0	0	0	0	0	0	0	0	0	0	0	0	0	0	0	0	0	0	0	0	0	0	0	0	0	0
0	0	0	0	0	0	0	0	0	0	0	0	0	0	0	0	0	0	0	0	0	0	3	0	4	8	0
0	0	0	0	0	0	0	0	0	2	1	0	0	0	0	0	1	0	0	0	0	0	1	1	3	5	0
0	0	0	0	0	0	0	0	0	0	0	0	0	0	0	0	0	0	0	0	0	0	0	0	0	13	0
2	0	0	0	0	0	0	0	0	0	0	0	0	0	0	0	11	0	0	0	0	0	0	0	0	0	0
0	0	0	0	0	0	0	0	0	0	0	0	0	1	1	0	2	0	0	1	0	2	0	0	0	1	0
0	0	0	0	1	0	0	0	0	0	0	0	0	0	0	0	0	0	0	0	0	0	0	0	0	9	0
0	0	0	0	0	0	4	0	2	4	1	3	0	0	2	0	0	0	0	0	3	0	7	49	0	0	4
0	0	1	0	1	0	0	0	0	5	1	0	0	0	67	1	0	1	0	0	0	0	4	0	0	0	1
0	0	0	0	0	0	0	0	0	0	0	0	0	19	0	0	0	0	0	18	0	0	0	0	0	1	0
1	0	0	0	0	0	0	0	0	0	0	0	0	0	0	0	13	0	0	2	0	52	0	0	3	0	0
0	0	11	11	9	0	4	18	0	1	1	0	0	0	0	17	0	0	0	0	0	0	0	2	0	0	0
0	0	0	0	0	0	0	0	1	0	0	0	0	0	0	0	0	0	0	0	0	0	0	0	0	0	59
0	0	0	0	0	0	0	0	0	0	0	0	0	0	0	0	65	0	0	0	0	0	0	0	0	0	0
0	0	0	0	0	0	0	0	0	0	0	0	0	0	0	0	4	0	0	0	0	6	0	2	0	5	0
0	1	0	0	0	0	0	0	0	0	0	0	0	0	0	0	5	0	0	0	0	0	0	0	1	4	0
0	0	0	0	0	0	0	0	0	0	0	0	0	0	0	0	9	0	0	0	0	5	0	1	0	2	0
0	0	0	0	0	0	0	0	0	0	0	0	0	0	0	0	0	0	0	0	1	10	0	0	0	0	0
0	0	0	0	0	1	0	1	0	0	0	1	0	0	0	0	1	0	0	0	0	0	0	0	5	1	0
0	8	0	0	0	0	0	0	0	0	0	0	0	0	0	0	0	0	1	1	0	0	0	0	0	0	0
0	0	0	0	0	0	0	0	0	0	0	0	0	0	0	0	12	0	0	0	0	1	0	0	0	0	0
0	0	0	0	0	0	0	0	0	0	0	0	0	0	0	0	0	0	0	0	1	0	0	0	0	0	9
0	0	0	0	0	0	0	0	0	0	0	0	0	0	0	0	11	0	0	0	0	0	0	0	0	0	0
0	0	0	0	0	0	0	0	0	0	0	0	0	0	0	0	4	0	0	0	0	3	1	1	0	3	0
0	0	5	0	0	1	0	1	1	0	0	0	0	0	0	0	0	0	0	0	0	0	0	0	0	0	0
0	0	0	0	0	0	0	0	0	1	0	0	0	1	0	1	3	0	0	0	0	0	1	0	2	1	0
0	0	0	0	0	0	0	0	0	0	0	0	0	0	0	0	0	0	0	0	0	6	3	0	0	2	0
0	0	0	0	0	0	0	0	0	0	0	0	0	1	0	1	4	0	1	0	0	0	0	0	0	3	0
0	1	0	0	0	0	0	0	0	0	0	0	0	0	0	0	3	0	0	0	0	11	0	0	0	1	0
0	0	0	0	0	0	0	0	0	0	0	0	0	0	0	0	0	0	0	0	0	0	0	0	0	0	15
0	0	0	0	0	0	0	0	0	0	0	0	0	0	0	0	0	0	0	0	0	0	0	40	0	0	0
0	0	0	0	0	0	0	1	1	2	4	4	0	0	0	0	0	0	0	0	0	0	0	0	0	0	0
0	0	0	0	41	0	0	0	0	0	0	0	0	0	0	0	0	0	0	0	0	0	0	0	0	0	0
0	0	1	3	2	0	1	0	0	1	1	1	0	0	0	0	0	0	0	0	0	0	29	0	0	0	1
1	1	0	0	0	0	1	0	0	0	0	0	0	1	0	0	0	0	0	3	4	13	0	5	0	0	0
0	0	6	2	0	0	7	3	6	0	0	0	0	0	12	0	0	0	0	0	0	0	0	0	0	0	0
1	5	1	0	0	0	0	0	0	1	1	0	0	1	0	0	1	0	0	2	5	3	5	2	0	0	1
0	1	0	0	0	0	0	0	0	0	0	0	0	0	0	0	0	0	0	0	0	0	0	0	0	0	33
3	0	1	1	0	1	0	2	0	0	1	1	1	0	1	6	0	3	1	0	0	0	5	2	1	0	0
0	0	0	0	0	0	0	0	0	0	0	0	0	0	0	0	0	0	0	0	0	0	25	0	0	0	1
0	0	1	0	0	0	0	0	7	0	0	1	0	0	0	0	0	0	0	0	0	0	0	0	1	0	0
0	1	0	0	0	0	0	0	0	0	0	0	0	0	0	0	2	0	0	0	0	7	0	0	0	0	0
0	0	0	0	0	0	0	0	0	0	0	55	0	0	0	0	0	0	0	0	0	0	18	0	0	0	0
0	0	0	0	0	0	0	0	0	0	0	0	0	0	0	0	0	0	32	0	0	0	0	0	0	0	0
0	0	0	0	0	5	0	0	4	0	0	0	13	0	1	0	0	0	0	20	0	0	0	0	0	8	0
0	3	0	0	0	0	0	0	0	16	0	0	0	0	0	0	0	0	0	0	0	6	0	0	0	1	1
0	0	1	23	0	0	0	0	0	0	0	0	0	0	0	0	0	0	0	0	0	0	0	0	0	0	0
0	0	0	0	0	0	0	0	0	0	0	0	0	0	0	0	0	0	0	0	0	0	0	0	0	79	0
0	0	0	0	0	0	0	0	0	0	0	0	0	0	0	0	0	0	0	0	0	0	0	0	0	0	79
0	76	0	0	0	0	0	0	0	0	0	0	0	0	0	0	0	0	0	0	0	2	0	0	0	0	0
0	1	0	0	0	0	0	2	5	5	0	0	0	0	0	0	0	0	0	0	0	0	0	0	0	0	32
0	0	2	0	0	2	0	0	2	0	0	0	3	0	3	6	0	0	0	0	0	0	6	0	0	51	0
1	11	0	0	0	0	1	0	9	6	0	2	0	1	0	0	0	0	0	0	10	110	0	1	2	0	4
0	0	0	0	1	0	0	4	0	0	3	1	0	1	1	0	1	0	6	0	0	0	1	38	26	11	3
0	0	0	0	0	2	0	0	0	0	0	0	4	0	0	0	203	0	0	0	0	0	0	0	0	0	0
0	0	0	0	0	0	0	0	0	0	0	0	0	0	0	0	0	4	0	0	0	178	8	0	0	0	0
0	2	0	0	0	0	0	0	1	0	12	0	4	14	3	0	2	0	3	21	7	2	3	45	0	0	0
0	0	0	0	0	0	0	0	1	0	0	0	0	0	0	0	0	0	0	0	0	0	0	0	0	1	201
4	12	0	0	0	2	0	0	0	0	0	0	1	0	27	0	0	3	0	0	15	1	0	36	15	0	0
0	3	5	0	0	0	0	0	0	0	29	0	0	0	90	0	0	0	0	0	0	0	0	0	0	0	0
0	0	0	0	0	0	0	0	0	0	0	0	0	0	0	0	0	132	0	0	0	0	0	0	0	0	0
7	24	1	0	0	0	0	0	1	1	4	1	0	32	1	6	0	0	25	0	0	0	0	0	0	39	0
0	0	0	0	0	2	4	1	0	9	0	0	0	0	0	1	0	0	0	0	0	0	0	22	75	0	0
0	0	0	50	0	0	0	0	0	0	0	0	0	0	0	0	0	0	11	0	0	0	0	0	0	0	0
0	0	0	68	0	0	0	0	0	0	0	0	0	0	0	0	0	0	0	0	0	0	0	0	0	0	0
1	6	0	0	0	0	0	0	0	0	0	0	0	0	0	0	81	1	0	0	0	5	0	0	0	0	0
0	0	0	0	0	0	0	0	0	0	0	0	0	0	0	0	0	0	0	0	0	0	0	0	102	0	0
0	0	1	0	0	0	0	0	0	87	0	0	0	0	0	0	0	0	0	0	0	0	0	0	0	11	0
0	0	0	0	0	0	0	0	0	0	0	0	0	0	0	0	5	0	0	0	0	28	5	40	3	22	0
0	0	0	55	0	1	0	0	0	0	0	0	0	0	0	0	0	0	0	0	0	0	2	1	1	0	0
0	0	0	0	0	0	0	0	0	0	0	0	0	0	3	0	0	0	2	0	22	0	0	26	0	0	0
0	0	0	0	0	4	0	5	0	1	0	7	1	0	3	0	0	0	2	0	0	0	33	17	12	0	0
0	0	0	0	0	0	0	0	0	0	0	0	0	0	0	0	4	0	0	0	0	4	0	0	1	1	0
0	0	0	0	0	0	0	0	0	0	0	0	0	0	0	0	8	0	0	0	0	8	0	1	0	5	1
0	0	0	0	0	0	0	0	1	0	0	0	0	0	0	0	0	0	0	0	0	0	0	0	0	0	14
0	1	0	0	0	3	1	0	0	0	0	0	0	0	0	0	0	0	1	0	0	0	3	0	3	0	0
2	0	0	0	0	0	0	0	0	0	0	0	0	0	0	0	0	0	0	0	0	2	0	0	0	0	18
0	0	1	3	0	1	0	2	0	0	0	0	1	0	1	1	0	1	0	0	0	0	0	1	1	0	0
3	0	2	1	1	0	0	1	0	1	0	0	0	0	1	0	0	2	0	0	0	0	3	5	1	0	0
0	0	0	0	0	0	0	0	0	0	0	0	0	0	0	0	7	0	0	0	0	8	0	0	0	7	1
0	0	0	0	0	0	0	0	0	0	0	0	0	0	0	0	0	0	0	0	0	0	0	0	23	0	0
2	0	0	0	0	0	0	1	0	1	0	0	1	0	0	0	0	1	0	0	0	0	1	4	0	0	0
0	0	0	1	0	0	1	0	0	3	1	1	0	0	0	0	0	0	0	0	0	0	3	1	0	0	0
0	0	1	0	0	0	1	0	0	0	2	0	0	9	0	0	0	0	0	0	0	5	0	0	0	0	0
0	0	0	0	0	0	0	0	0	0	0	0	0	0	0	0	0	0	0	0	0	0	2	16	0	0	0
0	0	0	0	0	0	0	0	0	0	0	0	0	0	0	0	0	0	0	7	1	6	0	0	0	0	0
0	0	1	0	0	0	0	3	0	2	0	1	1	0	0	1	0	0	0	0	0	0	4	1	2	0	0
0	0	0	0	2	1	0	1	0	1	0	0	2	0	0	0	0	0	2	0	0	0	2	3	1	0	0
0	0	1	0	1	0	0	1	0	1	0	0	1	0	0	1	0	0	0	0	0	0	6	1	0	0	0
0	0	0	1	1	0	0	0	0	1	0	0	1	0	0	2	0	0	0	0	0	0	8	1	1	0	0
0	0	0	0	0	0	0	0	0	0	0	0	0	0	0	0	13	0	0	0	0	0	0	1	0	4	0
8	17	0	0	0	0	0	0	2	10	0	0	0	0	0	0	0	0	0	0	0	0	3	0	0	0	126
0	0	0	0	0	0	0	0	0	0	0	0	0	0	0	0	5	0	0	0	0	6	0	1	0	1	0
0	0	0	0	0	0	0	0	0	0	0	0	0	0	0	0	3	0	0	0	0	8	0	0	0	0	0
0	0	0	0	0	0	0	0	0	0	0	0	0	0	0	0	4	0	0	0	0	5	1	0	1	2	0
0	0	0	0	0	0	0	0	4	0	3	0	0	0	0	0	0	0	4	0	0	0	0	0	0	0	0
0	0	1	1	0	0	0	0	0	0	1	0	1	0	1	1	0	1	2	0	0	1	1	1	0	0	0
0	0	0	0	0	0	0	0	0	0	0	0	0	0	0	0	10	0	0	0	0	1	0	0	0	2	0
0	0	0	0	0	0	0	0	0	0	0	0	0	0	0	0	5	0	0	0	0	6	0	0	0	2	0
0	0	7	1	1	3	0	2	2	0	0	0	82	0	1	0	0	0	3	0	0	0	0	0	0	0	0
0	0	0	0	0	10	0	9	0	0	1	0	0	0	0	0	0	19	13	0	16	0	0	0	0	0	0
0	0	0	0	0	0	0	0	6	0	0	0	0	0	0	0	0	0	0	0	0	0	0	0	0	0	93
0	0	0	0	0	0	0	0	0	0	0	0	0	0	0	0	0	0	0	0	0	0	0	0	0	49	0
0	0	0	0	0	0	0	0	0	0	0	0	0	0	0	0	0	0	0	0	0	113	0	0	0	0	0
1	0	3	2	10	37	0	2	0	18	1	2	23	0	0	1	0	0	0	0	0	0	2	4	0	0	0
0	0	0	0	0	0	0	0	0	0	0	0	0	0	0	0	75	0	0	0	0	4	13	7	14	0	0
0	0	0	0	0	0	21	3	0	42	0	0	0	0	0	0	0	0	0	0	0	0	0	0	0	0	0
0	0	0	2	0	6	0	1	0	1	0	0	4	0	0	1	0	0	0	0	0	0	1	0	0	0	0
0	0	0	0	0	5	0	0	0	2	0	0	0	0	1	0	0	0	0	0	0	0	2	0	0	0	0
0	0	0	0	0	0	0	0	0	0	0	0	0	0	0	0	10	0	0	0	0	0	0	0	0	0	0
0	0	0	0	0	0	0	0	0	0	0	0	0	0	0	0	3	0	0	0	0	0	0	0	0	0	7
0	0	0	0	0	0	0	0	0	1	0	0	0	0	0	0	0	0	0	0	0	0	0	0	0	0	9
0	0	0	0	1	0	0	0	0	0	0	0	1	0	0	0	0	0	0	0	0	0	1	5	2	0	0
0	0	0	1	0	1	1	1	0	0	0	0	0	0	0	0	0	0	0	0	0	0	3	0	3	0	0
0	0	0	0	0	0	0	0	0	0	0	0	0	0	0	0	5	0	0	0	0	0	1	0	0	0	4
26	0	0	0	0	0	0	0	0	0	0	0	0	0	0	0	0	0	0	0	0	0	0	0	0	0	16
0	0	0	0	0	0	0	0	36	1	0	0	0	0	0	0	0	0	0	0	0	0	5	0	0	0	0
0	0	0	1	4	0	0	17	0	0	0	0	2	0	0	0	0	0	0	0	0	0	0	1	1	0	0
0	0	0	0	0	0	0	0	0	0	0	0	0	0	0	0	0	0	7	0	12	0	0	0	0	0	0
1	0	2	2	1	0	0	2	0	2	0	0	1	0	0	3	0	2	3	0	0	0	5	5	1	0	0
0	2	0	0	0	0	0	0	0	1	0	0	0	0	0	0	0	1	0	0	0	0	0	3	0	0	0
0	0	0	0	0	0	0	0	10	1	0	0	0	0	0	0	0	0	0	0	0	0	0	0	0	0	0
0	0	1	0	0	1	0	0	0	0	0	0	0	0	0	19	0	0	0	0	0	0	0	21	0	0	0
0	0	0	0	0	0	0	0	0	0	0	0	0	0	0	0	38	0	0	0	0	1	0	0	0	0	4
0	0	0	2	0	0	0	2	0	0	0	1	1	0	0	1	0	0	1	0	0	0	2	3	1	0	1
1	0	1	1	1	2	0	1	0	0	0	0	1	0	0	3	0	1	0	0	0	0	2	2	0	0	0
0	17	1	0	0	0	0	4	0	0	0	0	0	0	0	0	0	0	0	0	0	0	0	0	0	0	0
0	0	0	0	0	0	0	0	0	0	1	0	1	0	0	1	0	0	0	0	0	0	3	5	2	0	0
0	0	0	0	0	0	0	0	0	0	0	0	0	0	0	0	9	0	0	0	0	7	0	1	0	5	0
0	0	0	0	0	0	0	0	0	0	0	0	0	0	0	0	7	1	0	0	0	2	0	0	0	0	1
0	0	0	0	0	0	0	0	0	0	0	0	0	0	0	0	18	0	0	0	0	0	0	0	0	0	4
0	0	0	0	0	0	0	0	0	0	0	0	0	0	0	0	0	0	0	0	0	0	0	0	0	20	2
0	0	0	0	0	0	0	0	0	0	0	0	0	0	0	0	0	0	0	0	0	22	0	0	0	0	0
0	0	0	0	0	0	0	0	0	0	0	0	0	0	0	0	0	0	0	0	0	0	0	0	0	11	0
0	0	0	0	0	0	0	0	0	0	0	0	0	1	0	0	0	0	0	0	0	0	0	0	7	3	0
1	0	1	0	0	0	0	0	0	0	0	0	0	0	0	0	3	0	0	0	0	1	2	0	3	4	0
0	0	0	0	0	0	0	0	0	0	0	0	0	0	0	0	0	0	0	0	0	0	0	0	0	0	13
0	0	0	0	0	0	0	0	0	0	0	0	0	0	0	0	0	0	0	0	0	16	0	0	0	0	0
0	0	0	0	0	0	0	0	0	0	1	0	0	1	0	0	0	0	0	0	0	0	0	15	0	0	0
1	0	1	0	0	0	0	0	0	1	0	1	0	0	1	0	0	1	2	0	0	1	0	7	0	0	0
0	0	0	0	0	0	0	2	1	1	0	0	1	0	0	1	0	0	0	0	0	0	7	0	4	0	0
1	0	0	0	0	0	0	0	1	1	0	0	0	0	0	0	1	0	1	0	0	0	2	0	1	5	0
0	0	0	0	0	0	0	0	16	0	0	0	1	0	0	0	0	0	0	0	0	0	0	0	0	0	0
793	3	663	632	897	580	109	1824	111	598	890	382	777	1	428	899	0	1125	1336	1	0	27	1528	2157	643	0	263
0	1	320	315	257	155	67	610	33	363	87	84	381	0	156	446	0	0	1	0	35	0	1438	340	772	0	18
0	0	0	0	0	0	0	2	97	0	0	13	0	0	1	0	3	0	0	0	40	0	1	0	0	2	3871
44	13	70	38	55	33	35	33	18	40	169	26	35	84	77	282	1593	26	30	134	8	133	184	64	388	798	42
0	1	0	299	55	91	413	205	20	0	0	196	27	0	119	10	0	0	0	0	0	0	796	210	1368	0	0
0	1	62	251	93	118	172	245	50	333	59	89	133	0	116	211	0	0	47	0	0	27	444	226	584	0	6
0	0	0	0	0	0	0	0	0	0	0	0	0	0	1	0	0	0	0	0	0	0	1	0	0	14	0
0	0	0	0	0	0	0	0	0	0	0	0	0	0	0	0	0	0	0	0	0	0	0	0	0	0	12
2	0	0	1	0	0	0	1	0	0	1	0	0	0	0	1	0	2	1	0	0	0	2	1	1	0	0
0	0	0	0	0	0	0	0	0	0	0	0	0	0	0	0	0	0	0	0	0	0	0	0	0	16	0
0	0	0	0	0	0	0	0	0	0	0	0	0	0	0	0	0	0	0	1	0	0	10	0	3	1	0
0	0	0	2	1	0	0	2	0	0	0	0	2	0	1	2	0	1	1	0	0	0	2	2	2	0	2
0	0	0	0	0	0	0	2	1	3	0	2	0	0	0	0	0	0	1	0	0	0	4	0	0	0	0
0	0	0	0	0	0	0	0	0	0	2	1	0	0	0	0	0	0	0	0	0	2	2	9	0	0	0
0	0	0	0	0	0	0	0	28	0	0	0	0	0	0	0	0	0	0	0	0	0	0	0	0	0	0
0	0	0	1	0	0	2	1	0	0	0	1	0	0	0	0	0	0	0	0	0	0	2	1	4	0	0
0	0	0	0	0	0	0	0	1	0	0	0	0	0	8	0	0	0	2	0	0	0	0	0	0	0	0
1	0	0	0	0	0	0	0	0	0	1	0	1	0	0	0	0	4	1	0	0	4	0	0	0	0	1
0	0	0	0	0	0	0	0	0	0	0	0	0	0	0	0	1	0	0	0	0	12	0	0	0	0	0
0	0	0	0	0	0	0	0	0	0	0	0	0	0	0	0	7	0	0	0	0	3	0	0	0	3	0
0	0	1	0	0	0	0	0	125	0	0	0	1	0	0	0	0	0	0	0	0	0	0	0	0	0	0
0	0	0	0	0	0	0	0	0	0	0	0	0	0	0	0	0	0	0	0	0	0	0	128	0	0	0
0	1	0	0	0	0	0	5	0	3	0	0	0	0	0	0	0	0	0	0	0	0	0	0	0	1	32
0	0	0	0	0	0	0	0	0	0	0	0	0	0	0	0	0	0	1	0	60	0	0	0	0	0	0
0	0	0	0	0	0	0	0	0	0	0	0	0	0	0	0	0	0	0	0	33	0	0	0	0	0	0
0	0	24	1	3	0	0	1	0	27	0	0	0	0	0	0	0	0	0	0	0	0	4	0	0	0	0
0	0	0	0	0	0	0	0	0	0	0	0	0	0	0	0	51	0	0	0	0	0	0	8	0	73	1
0	96	0	0	0	0	0	2	4	0	0	16	0	0	0	0	0	0	1	0	0	0	0	0	0	0	0
0	0	0	0	0	0	6	3	2	5	0	2	0	0	0	0	0	0	0	0	0	0	0	100	0	0	0
0	14	0	0	0	0	0	1	2	1	0	0	0	0	0	0	0	0	0	0	0	0	0	0	0	0	13
0	0	0	0	0	0	0	0	0	0	0	0	0	0	0	0	1	1	0	0	0	9	0	0	0	0	0
3	0	0	0	0	0	0	0	0	1	0	0	0	0	0	0	0	0	0	0	0	0	7	0	0	0	1
0	0	5	4	0	19	57	6	53	158	13	55	3	0	7	0	0	0	2	0	0	0	92	0	0	0	2
5	6	5	4	2	1	3	0	1	10	5	1	1	5	1	15	425	2	1	5	27	0	37	8	40	0	1
0	21	0	0	0	0	0	0	2	0	3	0	0	0	0	0	0	0	0	0	0	772	0	0	0	2	0
0	13	0	0	0	0	0	0	0	0	0	0	0	66	2	0	43	2	1	0	53	2	0	55	0	2	3
0	0	0	0	0	0	0	0	0	0	0	0	0	0	0	0	563	0	0	0	0	18	3	31	3	174	4
5	22	0	0	0	0	0	0	0	0	0	0	0	38	0	0	344	0	0	0	50	0	0	0	0	0	0
0	0	13	0	0	21	0	4	5	0	44	47	48	0	139	0	0	19	1	0	223	0	0	138	0	0	0
16	84	0	0	0	0	39	0	0	0	16	0	5	15	5	0	165	9	6	0	44	126	0	50	2	0	12
1	1	0	0	0	0	0	1	94	3	0	0	0	0	0	0	0	1	1	0	0	1	0	0	0	0	11
0	2	0	0	0	0	0	0	0	1	0	0	0	0	0	0	0	0	0	0	0	0	0	0	0	0	102
0	0	0	0	0	0	0	0	0	0	0	0	0	0	0	0	0	0	0	0	0	0	0	21	0	0	0
0	3	0	0	0	0	0	0	0	0	0	0	0	0	0	0	0	0	0	2	1	11	0	0	0	0	0
3	0	0	0	0	0	0	2	0	0	0	0	1	0	1	0	0	3	3	0	0	0	3	2	2	0	0
0	0	0	0	0	0	0	0	0	0	0	0	0	0	0	0	0	0	0	17	0	0	0	0	0	0	0
0	0	0	0	0	0	0	0	0	0	0	0	0	0	0	0	0	0	0	0	0	0	0	0	0	0	21
0	0	0	0	0	0	1	0	0	0	0	1	0	0	0	0	0	1	0	0	0	9	0	2	0	0	0
0	0	0	0	0	0	0	0	0	21	0	0	0	0	0	0	0	0	0	0	0	0	0	0	0	0	0
0	0	0	0	0	0	0	0	0	0	0	0	0	0	0	0	19	0	0	0	0	1	0	0	0	0	1
0	0	0	0	0	0	0	0	0	0	0	0	0	0	0	0	2	0	0	0	0	0	7	2	5	2	1
1	0	0	2	0	0	0	1	0	0	1	1	0	0	0	0	0	1	2	0	0	0	3	0	2	0	0
0	0	0	0	0	1	0	0	0	0	0	1	0	0	6	0	0	0	0	0	6	0	0	0	0	0	0
0	0	0	0	0	0	0	0	0	0	0	0	0	0	0	0	10	0	0	0	0	7	0	1	0	1	0
15	0	0	0	0	0	0	0	0	0	0	0	0	0	0	0	1	0	0	0	0	0	0	0	0	1	1
0	0	0	0	0	1	0	0	18	0	0	0	0	0	0	0	0	0	0	0	0	0	0	0	0	0	0
0	0	0	0	0	0	0	0	0	0	0	0	0	0	0	0	8	0	0	0	0	7	0	1	1	2	0
0	0	2	0	1	0	1	0	0	1	0	0	1	0	0	0	0	0	0	0	0	0	2	4	1	0	0
0	0	0	0	0	0	18	0	0	0	0	0	0	0	0	0	0	0	0	0	0	0	1	0	0	0	0
0	0	0	0	0	0	0	0	0	0	0	0	0	0	0	0	0	0	0	0	0	0	1	0	18	0	0
0	0	1	2	0	1	0	0	0	0	1	0	0	0	0	0	0	0	0	0	0	0	5	0	2	0	0
0	0	0	0	0	0	0	0	0	0	0	0	0	0	0	0	4	0	0	0	0	5	0	1	0	4	0
0	0	0	0	0	0	0	0	0	0	0	0	0	0	0	18	0	1	1	0	7	0	0	0	0	0	19
1	0	0	0	1	0	0	0	0	0	0	0	1	0	0	0	0	1	3	0	0	1	0	3	0	0	0
0	0	0	4	0	0	2	0	0	5	0	1	0	0	0	0	0	0	0	0	0	0	0	0	0	0	0
0	0	0	0	0	0	0	0	0	0	0	0	0	0	0	0	2	0	0	0	0	130	2	3	7	1	1
0	0	0	0	0	0	0	0	0	0	0	0	0	0	0	0	0	0	0	0	0	0	44	13	90	0	0
0	0	24	0	0	3	18	15	0	5	0	5	0	0	0	15	0	0	0	0	0	0	50	0	0	0	0
0	0	0	5	0	2	65	1	33	33	0	0	0	0	0	0	0	0	0	0	0	0	0	0	0	0	0
0	0	0	1	0	0	0	3	0	0	0	0	0	0	1	2	0	0	0	0	0	0	2	0	2	0	0
0	0	0	0	0	0	0	0	0	0	0	0	0	0	0	0	4	0	0	0	0	10	0	0	0	0	0
0	0	0	0	0	3	0	0	3	2	0	2	0	0	0	0	0	0	0	0	0	0	0	0	9	0	0
0	0	0	0	0	0	0	0	0	0	0	0	0	0	0	0	0	0	6	0	24	0	0	0	0	0	0
0	0	0	0	0	0	0	0	0	0	0	0	0	0	0	0	0	0	0	0	0	0	0	33	0	0	0
0	0	0	5	1	3	3	2	2	2	2	0	0	0	3	0	0	0	0	0	0	0	0	0	0	0	0
0	0	2	0	4	0	0	1	0	0	1	0	1	0	0	0	0	0	0	0	0	0	6	10	5	0	0
0	0	0	1	1	0	1	1	0	2	1	0	1	0	0	2	0	2	1	0	0	0	2	3	3	0	0
1	2	0	0	0	0	0	0	1	0	0	0	0	0	0	0	0	0	0	0	0	0	0	0	0	0	14
0	0	0	0	0	0	0	0	0	0	0	0	0	0	0	0	0	0	0	0	0	32	0	0	0	0	0
0	0	0	0	0	0	0	0	0	9	0	0	0	0	0	0	0	0	0	0	0	0	0	0	16	0	0
0	0	0	0	0	0	0	0	0	0	0	0	0	0	0	0	2	0	0	0	0	366	0	0	0	0	14
0	189	0	0	0	0	64	13	12	0	11	139	0	1	0	0	0	0	0	4	1	56	0	38	2	0	1
6	0	14	27	5	22	8	29	82	7	25	17	4	18	10	4	12	2	4	0	0	32	51	81	18	0	16
0	5	0	41	0	0	0	0	0	0	0	0	0	65	0	0	0	0	0	0	0	0	0	0	0	0	0
0	0	0	0	1	0	35	0	0	0	23	1	1	0	36	0	0	0	0	0	0	0	218	171	392	0	0
0	0	0	0	2	0	0	0	0	0	0	0	0	0	0	0	1015	0	0	0	0	0	0	1	0	0	0
0	19	24	13	26	5	38	21	38	83	45	58	1	15	40	17	0	7	3	0	42	0	165	136	0	0	7
3	0	0	3	3	4	0	2	1	5	0	3	3	2	0	0	165	4	1	0	0	124	161	106	95	299	53
1	15	0	1	4	9	8	6	19	6	4	2	4	25	7	2	16	59	7	6	6	0	14	459	23	0	0
0	0	78	47	53	93	13	15	1	21	2	40	77	0	0	59	0	0	0	0	0	0	316	244	3	0	0
1	7	3	0	7	85	13	0	17	6	17	7	17	0	45	2	8	12	56	8	12	0	207	35	199	8	1
0	0	1	3	0	0	0	0	0	0	0	0	0	6	0	0	0	0	0	0	0	0	0	0	0	0	0
0	0	0	0	0	0	0	0	0	0	0	0	0	0	0	0	10	0	0	0	0	0	0	0	0	0	0
0	0	0	0	0	0	0	0	0	0	0	0	0	0	0	0	0	0	0	0	0	0	0	0	0	0	10
0	0	0	0	0	0	0	0	0	0	0	0	0	0	0	0	6	0	0	0	0	0	0	0	0	0	4
0	0	0	0	0	0	0	0	0	0	0	0	0	0	0	0	2	0	0	0	0	4	0	1	0	2	1
0	0	0	0	0	0	0	0	0	0	0	0	0	0	0	0	0	0	0	10	0	0	0	0	0	0	0
0	0	2	0	0	0	0	0	0	0	0	0	0	0	18	0	0	0	0	0	0	0	0	0	0	0	0
0	1	0	0	0	0	0	0	0	0	0	0	0	0	0	0	15	0	0	0	0	1	0	0	0	0	0
0	0	0	0	0	0	0	0	0	0	0	0	0	0	0	0	0	0	0	0	0	0	8	1	10	0	1
0	0	0	0	1	0	0	0	1	1	3	1	0	0	0	0	0	0	0	0	0	0	5	0	5	0	1
0	0	0	0	0	0	0	0	0	14	0	0	0	0	0	0	1	0	0	0	0	0	0	0	2	0	0
0	0	0	0	0	0	0	0	0	0	0	0	0	0	0	0	0	0	0	0	17	0	0	0	0	0	0
0	0	0	0	0	0	1	0	0	0	1	0	0	1	0	3	5	0	0	0	0	0	1	1	0	0	0
0	1	0	0	0	0	0	0	0	0	0	0	0	0	0	2	3	1	0	0	0	0	0	0	0	0	0
0	0	0	0	0	0	18	0	0	0	0	0	0	0	0	0	0	0	0	0	0	0	0	0	0	0	0
0	0	0	0	0	0	0	0	0	0	0	0	0	0	0	0	8	0	0	0	0	5	1	2	0	3	0
0	0	1	0	0	0	0	2	1	0	0	0	0	0	3	1	0	0	0	0	0	0	2	3	2	0	0
0	0	0	0	0	0	0	0	0	0	0	0	0	0	0	0	5	0	0	0	0	10	0	0	0	3	0
0	0	0	0	0	0	0	0	0	0	0	0	0	0	0	0	0	0	0	0	0	0	0	0	0	0	17
0	0	0	0	2	1	0	2	0	1	1	0	0	0	0	1	0	0	0	0	0	0	0	4	0	0	1
0	1	1	54	0	0	0	0	0	5	0	0	0	0	0	0	17	2	0	0	0	0	33	3	34	0	0
0	0	0	0	0	0	0	0	0	0	0	0	0	0	0	0	6	0	0	0	0	8	1	5	0	4	0
0	0	0	0	0	0	0	0	0	0	0	0	0	4	0	0	1	0	0	0	24	0	0	1	0	0	137
23	17	1	0	0	0	0	1	1	0	0	0	0	0	0	0	0	7	0	0	0	0	0	0	0	0	116
0	0	0	0	0	0	0	0	0	0	0	0	0	0	0	0	0	0	163	0	0	0	0	0	0	0	0
2	0	0	1	0	4	0	1	0	0	0	0	1	0	0	0	0	0	0	0	0	0	4	1	0	0	1
0	0	0	0	0	0	0	0	3	0	0	0	3	0	0	0	267	0	0	0	0	0	0	0	0	0	0
0	0	0	0	0	7	0	1	0	5	0	59	0	0	0	0	0	0	0	0	0	0	64	0	0	0	45
0	0	0	0	0	0	0	0	0	0	0	0	0	0	0	1	7	0	0	0	0	0	0	0	1	2	0
0	0	0	1	0	2	0	0	0	1	0	0	0	0	1	2	6	0	0	0	0	0	0	0	0	1	0
0	0	0	0	0	0	0	0	0	0	0	0	0	0	0	0	3	0	0	0	0	11	0	0	0	0	0
0	0	0	0	0	0	0	0	0	0	0	0	0	0	0	0	6	0	0	0	0	1	2	2	0	3	0
0	0	0	0	0	0	0	0	0	0	0	0	0	0	0	0	4	0	0	0	0	10	0	0	0	0	0
0	0	0	0	0	0	159	0	0	0	0	0	0	0	0	0	1	0	0	0	0	5	0	4	0	0	0
1	1	0	4	4	1	1	2	0	1	12	2	1	6	0	17	3	7	1	0	4	0	7	15	1	0	0
0	0	0	0	0	0	0	0	0	0	0	0	0	0	0	0	145	0	0	0	0	40	0	0	0	0	0
0	29	0	0	0	0	0	5	1	7	6	1	0	0	0	0	0	0	20	0	6	0	0	0	0	0	14
0	3	0	0	3	0	0	1	0	0	0	0	0	0	1	6	0	0	3	0	1	1	1	0	1	0	1
0	0	0	1	3	1	0	2	0	0	14	4	1	2	0	0	1	0	0	0	0	0	5	0	0	121	1
0	0	0	0	0	41	0	0	0	0	0	0	0	0	0	0	0	0	0	0	0	0	126	0	1	0	0
0	0	0	0	0	0	0	0	0	0	0	0	0	0	0	0	2	0	0	0	0	165	0	0	0	0	2
33	12	0	18	18	15	18	3	3	15	31	13	2	65	4	31	81	6	2	0	1	0	53	22	139	76	11
5	23	3	0	10	11	6	2	2	46	16	8	5	114	28	15	377	18	15	2	146	17	4	3	17	0	1
0	0	316	0	0	0	0	178	209	0	50	72	162	0	0	0	0	0	0	0	0	0	295	0	0	0	0
0	0	45	6	26	220	1	47	0	121	2	1	4	0	157	0	0	0	0	0	0	0	555	183	13	0	0
0	0	0	0	0	0	0	0	0	0	0	0	0	1416	1	0	0	0	0	0	0	223	0	0	0	0	0
0	1	0	0	0	0	2	28	140	29	0	0	0	0	0	0	0	10	0	0	0	10	0	0	0	0	908
27	114	0	0	0	0	0	0	3	0	0	0	0	0	0	0	162	7	0	24	23	1001	0	0	0	0	51
1	3	0	3	9	30	6	5	9	63	23	6	10	8	22	8	334	13	30	3	38	0	78	34	51	240	16
0	0	17	14	35	69	1	7	54	86	0	4	2	0	0	0	303	0	0	0	0	0	760	0	18	0	0
0	35	0	0	0	0	1	0	0	0	0	0	22	160	1	3	78	0	44	94	3	70	2	0	0	58	69
0	0	0	0	0	0	0	0	0	0	0	0	0	0	0	0	10	0	0	0	0	0	0	0	0	0	0
0	0	0	0	0	0	0	0	0	0	0	0	0	0	0	0	0	0	0	0	0	1	1	0	3	6	0
0	0	0	1	2	0	0	1	0	2	1	0	0	0	0	0	0	2	2	0	0	0	4	0	0	0	1
0	0	0	0	0	0	0	0	0	0	0	0	0	0	0	0	11	0	0	0	0	6	1	0	0	2	0
0	0	0	0	0	0	0	0	0	0	0	0	0	0	0	0	7	0	0	0	0	6	1	3	0	2	1
0	0	0	0	0	0	0	0	0	0	2	1	2	0	0	0	0	0	0	0	0	8	6	0	0	0	0
2	0	0	0	0	0	0	1	0	1	1	0	0	0	0	1	0	0	1	0	0	1	2	3	0	0	0
0	0	0	0	0	0	0	0	0	0	0	0	0	0	0	0	4	0	0	0	0	10	0	1	0	3	1
0	0	0	0	0	0	0	0	0	0	0	0	0	0	0	0	0	0	0	0	0	0	11	0	0	0	0
0	0	1	0	0	2	0	0	0	2	0	0	0	0	0	0	0	0	0	0	0	0	4	1	0	0	0
0	0	0	0	0	0	0	0	0	0	0	0	0	0	0	0	4	0	0	0	0	7	1	1	0	3	0
9	0	0	0	0	0	0	0	0	2	4	0	0	0	0	0	0	0	0	0	0	0	1	0	0	0	0
0	0	0	0	0	0	0	0	0	0	0	0	0	0	0	0	0	0	0	0	0	0	0	0	0	0	12
0	0	15	0	0	0	0	0	0	0	0	0	0	0	0	0	0	0	0	0	0	0	1	0	0	0	0
0	0	0	0	0	0	0	0	0	0	0	0	0	0	0	0	2	0	0	0	0	5	2	0	0	1	0
4	0	0	0	2	0	0	1	0	1	2	0	1	0	0	1	0	0	1	0	0	0	3	3	1	0	0
0	0	0	0	0	0	0	0	0	0	0	0	0	0	0	0	8	0	0	0	0	11	0	3	1	5	0
0	0	0	0	28	0	0	0	0	0	0	0	0	0	0	0	0	0	0	0	0	0	0	0	0	0	0
0	0	0	0	0	0	0	0	0	0	0	0	0	2	0	0	0	0	0	0	11	0	0	0	0	0	0
0	0	0	0	0	0	28	0	0	0	0	0	0	0	0	0	0	0	0	0	0	0	0	0	0	0	0
0	0	0	0	0	0	0	0	0	0	0	0	0	0	0	0	0	0	0	0	0	0	20	8	0	0	0
0	169	0	0	0	0	0	0	5	0	21	1	0	0	0	0	338	34	2	0	12	1640	3	2	0	1	181
13	54	0	0	0	0	0	31	0	187	0	2	0	1	0	1	0	0	0	0	0	0	0	0	0	0	156
0	0	24	0	0	20	7	2	45	0	0	1	107	0	238	103	0	0	0	0	0	0	86	0	0	3206	0
6	74	1	0	0	0	0	1	0	4	11	1	21	114	7	31	119	18	21	94	27	18	22	275	27	1227	28
5	59	1	0	0	2	0	0	0	23	22	0	12	0	11	0	2571	6	9	0	22	157	2	2	15	0	0
434	80	0	0	0	0	0	0	0	0	2	0	29	9	0	0	724	0	24	363	0	473	0	0	12	0	0
51	68	1	0	21	2	14	0	3	1	56	6	22	61	47	5	371	113	68	77	0	1130	31	29	26	175	32
0	0	186	46	177	0	4	0	0	27	2	11	107	0	9	0	0	0	0	0	4	0	353	1523	322	0	0
0	0	1	0	0	0	0	12	75	0	0	464	490	0	1371	28	0	0	0	0	0	0	0	0	956	0	0
0	0	20	36	12	15	54	4	91	11	56	5	0	0	0	57	0	0	222	0	0	2224	290	81	0	0	0
0	0	0	0	0	0	0	0	0	0	0	0	0	0	0	0	4	0	0	0	0	1	0	2	0	3	0
0	0	0	0	0	0	0	0	0	0	1	0	0	0	0	0	2	0	1	0	0	0	1	0	0	0	0
0	0	0	0	0	0	0	0	0	0	0	0	0	0	0	0	0	0	0	0	0	0	0	0	0	0	10
0	0	0	0	0	0	0	0	0	0	0	0	0	0	0	0	0	0	0	0	0	0	0	0	0	0	10
0	0	0	0	0	0	0	0	0	0	0	0	1	0	0	0	7	0	0	0	0	0	1	0	0	1	0
0	0	0	1	0	0	0	3	0	2	0	0	0	0	0	0	0	0	0	0	0	0	3	0	1	0	0
0	0	0	0	0	0	0	0	0	0	1	0	0	0	0	5	0	0	0	31	0	0	9	0	0	1	0
6	0	0	0	0	0	6	4	0	0	0	0	0	0	0	0	0	0	3	0	0	0	33	0	0	0	0
0	0	0	0	0	0	0	0	0	0	0	0	0	0	0	0	0	0	0	52	0	0	0	0	0	0	0
0	0	59	0	0	0	0	0	0	0	0	0	0	0	0	0	0	0	0	0	0	0	0	0	0	0	0
0	0	0	2	4	0	1	1	1	2	0	0	0	0	1	0	0	0	0	0	0	0	19	0	0	11	1
0	2	0	0	0	0	0	0	0	0	0	0	0	0	0	0	10	0	0	0	0	43	0	0	0	2	0
2	2	1	0	0	0	0	0	0	3	6	2	1	3	3	0	3	0	1	1	0	0	7	9	0	0	1
1	0	0	0	0	0	0	0	0	0	0	0	0	0	0	0	0	0	0	1	1	27	0	0	0	0	25
0	0	0	0	0	0	0	0	56	0	0	0	0	0	0	0	0	0	0	0	0	0	0	0	0	0	0
0	0	0	0	0	0	0	0	0	2	0	0	0	0	0	0	3	0	0	0	0	5	0	0	0	0	0
